question_id,input,original_version,original_hash,config_version,config_hash,method,effective_domain_exact,effective_values,unresolved_values,effect_group,rationale,capacity_exact,capacity_lower,capacity_upper,proxy_changed_pairs,approval_status,adjustment_enabled
kategori-1-1-9,k,1,29ede98ecf785aea,1,d2802ddf0d333f90,EXHAUSTIVE,True,"[2, 3, 4, 5, 6, 7, 8, 9, 10, 11, 12, 13, 14, 15, 16, 17, 18, 19, 20, 21, 22, 23, 24, 25, 26, 27, 28, 29, 30]",[],POTENTIAL_WORKLOAD,"Numeric stimulus/answer input with explicit dependencies; possible arithmetic/reading burden, without student evidence or an assumed direction.",29,29,29,28,NO_APPROVED_CONTROL,False
kategori-1-2-9,k,1,5bc24cc2ad235003,1,5369e06cf66cdbf0,EXHAUSTIVE,True,"[2, 3, 4, 5, 6, 7, 8, 9, 10, 11, 12, 13, 14, 15, 16, 17, 18, 19, 20, 21, 22, 23, 24, 25, 26, 27, 28, 29, 30]",[],POTENTIAL_WORKLOAD,"Numeric stimulus/answer input with explicit dependencies; possible arithmetic/reading burden, without student evidence or an assumed direction.",29,29,29,28,NO_APPROVED_CONTROL,False
kategori-1-3-9,k,1,b07b2efb3edf2cdb,1,6cf49e005a8c3b21,EXHAUSTIVE,True,"[2, 4, 5, 7, 8, 10, 11, 13, 14, 16, 17, 19, 20, 22, 23, 25, 26, 28, 29, 31, 32, 34, 35, 37, 38, 40]",[],POTENTIAL_WORKLOAD,"Numeric stimulus/answer input with explicit dependencies; possible arithmetic/reading burden, without student evidence or an assumed direction.",26,26,26,25,NO_APPROVED_CONTROL,False
kategori-10-1-10,k,1,057873c8a0c12276,1,3272ecd055b5459f,EXHAUSTIVE,True,"[2, 3, 4, 5, 6, 7, 8, 9, 10, 11, 12, 13, 14, 15, 16, 17, 18, 19, 20, 21, 22, 23, 24, 25, 26, 27, 28, 29, 30, 31, 32, 33, 34, 35, 36, 37, 38, 39, 40]",[],POTENTIAL_WORKLOAD,"Numeric stimulus/answer input with explicit dependencies; possible arithmetic/reading burden, without student evidence or an assumed direction.",39,39,39,37,NO_APPROVED_CONTROL,False
kategori-10-1-9,k,1,db2dce7293c5f7ca,1,f79e97705ea7dccf,EXHAUSTIVE,True,"[2, 3, 4, 5, 6, 7, 8, 9, 10, 11, 12, 13, 14, 15, 16, 17, 18, 19, 20, 21, 22, 23, 24, 25, 26, 27, 28, 29, 30, 31, 32, 33, 34, 35, 36, 37, 38, 39, 40]",[],POTENTIAL_WORKLOAD,"Numeric stimulus/answer input with explicit dependencies; possible arithmetic/reading burden, without student evidence or an assumed direction.",39,39,39,37,NO_APPROVED_CONTROL,False
kategori-10-2-9,k,1,523ea5a1738e3aa0,1,5ac66f9fdbe35508,EXHAUSTIVE,True,"[2, 3, 4, 5, 6, 7, 8, 9, 10, 11, 12, 13, 14, 15, 16, 17, 18, 19, 20, 21, 22, 23, 24, 25, 26, 27, 28, 29, 30, 31, 32, 33, 34, 35, 36, 37, 38, 39, 40]",[],POTENTIAL_WORKLOAD,"Numeric stimulus/answer input with explicit dependencies; possible arithmetic/reading burden, without student evidence or an assumed direction.",39,39,39,38,NO_APPROVED_CONTROL,False
kategori-10-3-10,k,1,a529359ae1483897,1,2780ca65d27f1a03,EXHAUSTIVE,True,"[2, 3, 4, 5, 6, 7, 8, 9, 10, 11, 12, 13, 14, 15, 16, 17, 18, 19, 20, 21, 22, 23, 24, 25, 26, 27, 28, 29, 30, 31, 32, 33, 34, 35, 36, 37, 38, 39, 40]",[],POTENTIAL_WORKLOAD,"Numeric stimulus/answer input with explicit dependencies; possible arithmetic/reading burden, without student evidence or an assumed direction.",39,39,39,38,NO_APPROVED_CONTROL,False
kategori-10-3-9,k,1,35d84a64a1a78fd3,1,fb62bd8117459bf0,EXHAUSTIVE,True,"[2, 3, 4, 5, 6, 7, 8, 9, 10, 11, 12, 13, 14, 15, 16, 17, 18, 19, 20, 21, 22, 23, 24, 25, 26, 27, 28, 29, 30, 31, 32, 33, 34, 35, 36, 37, 38, 39, 40]",[],POTENTIAL_WORKLOAD,"Numeric stimulus/answer input with explicit dependencies; possible arithmetic/reading burden, without student evidence or an assumed direction.",39,39,39,38,NO_APPROVED_CONTROL,False
kategori-11-1-10,k,1,6601107021dab4ad,1,1c93c7bdc71d401b,EXHAUSTIVE,True,"[2, 3, 4, 5, 6, 7, 8, 9, 10, 11, 12, 13, 14, 15, 16, 17, 18, 19, 20, 21, 22, 23, 24, 25, 26, 27, 28, 29, 30, 31, 32, 33, 34, 35, 36, 37, 38, 39, 40, 41]",[],POTENTIAL_WORKLOAD,"Numeric stimulus/answer input with explicit dependencies; possible arithmetic/reading burden, without student evidence or an assumed direction.",40,40,40,38,NO_APPROVED_CONTROL,False
kategori-11-2-10,k,1,74388d4ec1d3cc63,1,ba495e06d1a945b0,EXHAUSTIVE,True,"[2, 3, 4, 5, 6, 7, 8, 9, 10, 11, 12, 13, 14, 15, 16, 17, 18, 19, 20, 21, 22, 23, 24, 25, 26, 27, 28, 29, 30, 31, 32, 33, 34, 35, 36, 37, 38, 39, 40, 41]",[],POTENTIAL_WORKLOAD,"Numeric stimulus/answer input with explicit dependencies; possible arithmetic/reading burden, without student evidence or an assumed direction.",40,40,40,37,NO_APPROVED_CONTROL,False
kategori-11-3-10,k,1,5006bc1ac9138ffc,1,b50c4d7fdebaa0b5,EXHAUSTIVE,True,"[2, 3, 4, 5, 6, 7, 8, 9, 10, 11, 12, 13, 14, 15, 16, 17, 18, 19, 20, 21, 22, 23, 24, 25, 26, 27, 28, 29, 30, 31, 32, 33, 34, 35, 36, 37, 38, 39, 40, 41]",[],POTENTIAL_WORKLOAD,"Numeric stimulus/answer input with explicit dependencies; possible arithmetic/reading burden, without student evidence or an assumed direction.",40,40,40,39,NO_APPROVED_CONTROL,False
kategori-11-3-9,r1,2,bccbf28b3dfcd810,1,6d3071f7dec903bf,EXHAUSTIVE,True,"[1, 2, 3, 4, 5]",[],NUMERIC_CONTEXT,"Only stimulus/explanation depend on this input, not answer text or correctness; representation signals are separate from a change in the mathematical task.",68,68,68,8,NO_APPROVED_CONTROL,False
kategori-11-3-9,r2,2,bccbf28b3dfcd810,1,6d3071f7dec903bf,EXHAUSTIVE,True,"[2, 3, 4, 5, 6]",[],NUMERIC_CONTEXT,"Only stimulus/explanation depend on this input, not answer text or correctness; representation signals are separate from a change in the mathematical task.",68,68,68,24,NO_APPROVED_CONTROL,False
kategori-11-3-9,r3,2,bccbf28b3dfcd810,1,6d3071f7dec903bf,EXHAUSTIVE,True,"[4, 5, 6, 7]",[],POTENTIAL_WORKLOAD,"Numeric stimulus/answer input with explicit dependencies; possible arithmetic/reading burden, without student evidence or an assumed direction.",68,68,68,0,NO_APPROVED_CONTROL,False
kategori-11-3-9,labels,2,bccbf28b3dfcd810,1,6d3071f7dec903bf,EXHAUSTIVE,True,"[1, 2]",[],DISPLAY_CONTEXT,Reviewed set/point renaming; mathematical task remains identical with other inputs fixed.,68,68,68,0,NO_APPROVED_CONTROL,False
kategori-11-4-10,k,1,d294b3cb9427b522,1,aa05e2ea5f50fb8f,EXHAUSTIVE,True,"[2, 3, 4, 5, 6, 7, 8, 9, 10, 11, 12, 13, 14, 15, 16, 17, 18, 19, 20, 21, 22, 23, 24, 25, 26, 27, 28, 29, 30, 31, 32, 33, 34, 35, 36, 37, 38, 39, 40, 41]",[],POTENTIAL_WORKLOAD,"Numeric stimulus/answer input with explicit dependencies; possible arithmetic/reading burden, without student evidence or an assumed direction.",40,40,40,38,NO_APPROVED_CONTROL,False
kategori-11-4-9,k,1,b948522e2b8e5dc3,1,b8804be385b35c2c,EXHAUSTIVE,True,"[2, 3, 4, 5, 6, 7, 8, 9, 10, 11, 12, 13, 14, 15, 16, 17, 18, 19, 20, 21, 22, 23, 24, 25, 26, 27, 28, 29, 30, 31, 32, 33, 34, 35, 36, 37, 38, 39, 40, 41]",[],POTENTIAL_WORKLOAD,"Numeric stimulus/answer input with explicit dependencies; possible arithmetic/reading burden, without student evidence or an assumed direction.",40,40,40,39,NO_APPROVED_CONTROL,False
kategori-11-5-10,k,1,44bcdef6952d9ce0,1,767a997e45d8f056,EXHAUSTIVE,True,"[1, 2, 3, 4, 5, 6, 7, 8, 9, 10, 11, 12, 13, 14, 15, 16, 17, 18, 19, 20, 21, 22, 23, 24, 25, 26, 27, 28, 29, 30, 31, 32, 33, 34, 35, 36, 37, 38, 39, 40, 41]",[],NUMERIC_CONTEXT,"Only stimulus/explanation depend on this input, not answer text or correctness; representation signals are separate from a change in the mathematical task.",779,779,779,745,NO_APPROVED_CONTROL,False
kategori-11-5-10,distance,1,44bcdef6952d9ce0,1,767a997e45d8f056,EXHAUSTIVE,True,"[1, 2, 4, 5, 6, 7, 8, 9, 10, 11, 12, 13, 14, 15, 16, 17, 18, 19, 20]",[],POTENTIAL_WORKLOAD,"Numeric stimulus/answer input with explicit dependencies; possible arithmetic/reading burden, without student evidence or an assumed direction.",779,779,779,630,NO_APPROVED_CONTROL,False
kategori-11-5-9,k,1,177da5bc72705304,1,3f3839764edc815c,EXHAUSTIVE,True,"[1, 2, 3, 4, 5, 6, 7, 8, 9, 10, 11, 12, 13, 14, 15, 16, 17, 18, 19, 20, 21, 22, 23, 24, 25, 26, 27, 28, 29, 30, 31, 32, 33, 34, 35, 36, 37, 38, 39, 40, 41]",[],NUMERIC_CONTEXT,"Only stimulus/explanation depend on this input, not answer text or correctness; representation signals are separate from a change in the mathematical task.",41,41,41,38,NO_APPROVED_CONTROL,False
kategori-11-5-9,flip,1,177da5bc72705304,1,3f3839764edc815c,EXHAUSTIVE,True,[1],[],NO_EFFECT,"Only one effective value, or no dependency on rendered question/answer.",41,41,41,0,NO_APPROVED_CONTROL,False
kategori-12-1-10,k,1,eb3a3d70da528afd,1,751ad26815f67c12,EXHAUSTIVE,True,"[2, 3, 4, 5, 6, 7, 8, 9, 10, 11, 12, 13, 14, 15, 16, 17, 18, 19, 20, 21, 22, 23, 24, 25, 26, 27, 28, 29, 30, 31, 32, 33, 34, 35, 36, 37, 38, 39, 40, 41]",[],POTENTIAL_WORKLOAD,"Numeric stimulus/answer input with explicit dependencies; possible arithmetic/reading burden, without student evidence or an assumed direction.",40,40,40,39,NO_APPROVED_CONTROL,False
kategori-12-1-9,k,1,54d7442db853e4da,1,96f8addbdaa07f82,EXHAUSTIVE,True,"[2, 3, 4, 5, 6, 7, 8, 9, 10, 11, 12, 13, 14, 15, 16, 17, 18, 19, 20, 21, 22, 23, 24, 25, 26, 27, 28, 29, 30, 31, 32, 33, 34, 35, 36, 37, 38, 39, 40, 41]",[],POTENTIAL_WORKLOAD,"Numeric stimulus/answer input with explicit dependencies; possible arithmetic/reading burden, without student evidence or an assumed direction.",40,40,40,39,NO_APPROVED_CONTROL,False
kategori-12-2-10,k,1,f0a97f5402c8b6e2,1,8a222e461327c360,EXHAUSTIVE,True,"[1, 2, 3, 4, 5, 6, 7, 8, 9, 10, 11, 12, 13, 14, 15, 16, 17, 18, 19, 20, 21, 22, 23, 24, 25, 26, 27, 28, 29, 30, 31, 32, 33, 34, 35, 36, 37, 38, 39, 40, 41]",[],NUMERIC_CONTEXT,"Only stimulus/explanation depend on this input, not answer text or correctness; representation signals are separate from a change in the mathematical task.",41,41,41,40,NO_APPROVED_CONTROL,False
kategori-12-2-10,rotation,1,f0a97f5402c8b6e2,1,8a222e461327c360,EXHAUSTIVE,True,[1],[],NO_EFFECT,"Only one effective value, or no dependency on rendered question/answer.",41,41,41,0,NO_APPROVED_CONTROL,False
kategori-12-2-9,k,1,4a2728f1bfc1efb9,1,6943edb00ee268bc,EXHAUSTIVE,True,"[2, 3, 4, 5, 6, 7, 8, 9, 10, 11, 12, 13, 14, 15, 16, 17, 18, 19, 20, 21, 22, 23, 24, 25, 26, 27, 28, 29, 30, 31, 32, 33, 34, 35, 36, 37, 38, 39, 40, 41]",[],POTENTIAL_WORKLOAD,"Numeric stimulus/answer input with explicit dependencies; possible arithmetic/reading burden, without student evidence or an assumed direction.",40,40,40,37,NO_APPROVED_CONTROL,False
kategori-12-3-9,k,1,81695a6e632f7f33,1,f1b49663dfc3e621,EXHAUSTIVE,True,"[1, 2, 3, 4, 5, 6, 7, 8, 9, 10, 11, 12, 13, 14, 15, 16, 17, 18, 19, 20, 21, 22, 23, 24, 25, 26, 27, 28, 29, 30, 31, 32, 33, 34, 35, 36, 37, 38, 39, 40, 41]",[],POTENTIAL_WORKLOAD,"Numeric stimulus/answer input with explicit dependencies; possible arithmetic/reading burden, without student evidence or an assumed direction.",779,779,779,760,NO_APPROVED_CONTROL,False
kategori-12-3-9,n,1,81695a6e632f7f33,1,f1b49663dfc3e621,EXHAUSTIVE,True,"[21, 22, 23, 25, 26, 27, 28, 29, 30, 31, 32, 33, 34, 35, 36, 37, 38, 39, 40]",[],POTENTIAL_WORKLOAD,"Numeric stimulus/answer input with explicit dependencies; possible arithmetic/reading burden, without student evidence or an assumed direction.",779,779,779,77,NO_APPROVED_CONTROL,False
kategori-12-4-10,k,1,262b2f45a6550fcc,1,700dab16b3d639ac,EXHAUSTIVE,True,"[2, 3, 4, 5, 6, 7, 8, 9, 10, 11, 12, 13, 14, 15, 16, 17, 18, 19, 20, 21, 22, 23, 24, 25, 26, 27, 28, 29, 30, 31, 32, 33, 34, 35, 36, 37, 38, 39, 40, 41]",[],POTENTIAL_WORKLOAD,"Numeric stimulus/answer input with explicit dependencies; possible arithmetic/reading burden, without student evidence or an assumed direction.",40,40,40,38,NO_APPROVED_CONTROL,False
kategori-12-4-9,k,1,ef65fef86f103a12,1,43f53de092a2425b,EXHAUSTIVE,True,"[2, 3, 4, 5, 6, 7, 8, 9, 10, 11, 12, 13, 14, 15, 16, 17, 18, 19, 20, 21, 22, 23, 24, 25, 26, 27, 28, 29, 30, 31, 32, 33, 34, 35, 36, 37, 38, 39, 40, 41]",[],POTENTIAL_WORKLOAD,"Numeric stimulus/answer input with explicit dependencies; possible arithmetic/reading burden, without student evidence or an assumed direction.",40,40,40,39,NO_APPROVED_CONTROL,False
kategori-12-5-10,k,1,1e65b326f1801d89,1,5d58762cc83f9619,EXHAUSTIVE,True,"[1, 2, 3, 4, 5, 6, 7, 8, 9, 10, 11, 12, 13, 14, 15, 16, 17, 18, 19, 20, 21, 22, 23, 24, 25, 26, 27, 28, 29, 30, 31, 32, 33, 34, 35, 36, 37, 38, 39, 40, 41]",[],POTENTIAL_WORKLOAD,"Numeric stimulus/answer input with explicit dependencies; possible arithmetic/reading burden, without student evidence or an assumed direction.",164,164,164,160,NO_APPROVED_CONTROL,False
kategori-12-5-10,denominator,1,1e65b326f1801d89,1,5d58762cc83f9619,EXHAUSTIVE,True,"[3, 4, 5, 6]",[],POTENTIAL_WORKLOAD,"Numeric stimulus/answer input with explicit dependencies; possible arithmetic/reading burden, without student evidence or an assumed direction.",164,164,164,105,NO_APPROVED_CONTROL,False
kategori-12-5-9,k,1,e9d3c3819ff016cd,1,55444fd69bd0222b,EXHAUSTIVE,True,"[2, 3, 4, 5, 6, 7, 8, 9, 10, 11, 12, 13, 14, 15, 16, 17, 18, 19, 20, 21, 22, 23, 24, 25, 26, 27, 28, 29, 30, 31, 32, 33, 34, 35, 36, 37, 38, 39, 40, 41]",[],POTENTIAL_WORKLOAD,"Numeric stimulus/answer input with explicit dependencies; possible arithmetic/reading burden, without student evidence or an assumed direction.",40,40,40,37,NO_APPROVED_CONTROL,False
kategori-13-1-10,k,1,f80b321d7361f812,1,4400188ef3bbf0d6,EXHAUSTIVE,True,"[2, 3, 4, 5, 6, 7, 8, 9, 10, 11, 12, 13, 14, 15, 16, 17, 18, 19, 20, 21, 22, 23, 24, 25, 26, 27, 28, 29, 30, 31, 32, 33, 34, 35, 36, 37, 38, 39, 40, 41]",[],POTENTIAL_WORKLOAD,"Numeric stimulus/answer input with explicit dependencies; possible arithmetic/reading burden, without student evidence or an assumed direction.",40,40,40,38,NO_APPROVED_CONTROL,False
kategori-13-1-9,k,1,b4fb2c8834c7c9aa,1,1fac1ac193b64ab0,EXHAUSTIVE,True,"[2, 3, 4, 5, 6, 7, 8, 9, 10, 11, 12, 13, 14, 15, 16, 17, 18, 19, 20, 21, 22, 23, 24, 25, 26, 27, 28, 29, 30, 31, 32, 33, 34, 35, 36, 37, 38, 39, 40, 41]",[],POTENTIAL_WORKLOAD,"Numeric stimulus/answer input with explicit dependencies; possible arithmetic/reading burden, without student evidence or an assumed direction.",40,40,40,39,NO_APPROVED_CONTROL,False
kategori-13-2-10,k,1,938fd75faa38d601,1,28bd08eddef44fd1,EXHAUSTIVE,True,"[2, 3, 4, 5, 6, 7, 8, 9, 10, 11, 12, 13, 14, 15, 16, 17, 18, 19, 20, 21, 22, 23, 24, 25, 26, 27, 28, 29, 30, 31, 32, 33, 34, 35, 36, 37, 38, 39, 40, 41]",[],POTENTIAL_WORKLOAD,"Numeric stimulus/answer input with explicit dependencies; possible arithmetic/reading burden, without student evidence or an assumed direction.",40,40,40,39,NO_APPROVED_CONTROL,False
kategori-13-2-9,k,1,4e7fe453b3e74d3a,1,c52443096c16f708,EXHAUSTIVE,True,"[2, 3, 4, 5, 6, 7, 8, 9, 10, 11, 12, 13, 14, 15, 16, 17, 18, 19, 20, 21, 22, 23, 24, 25, 26, 27, 28, 29, 30, 31, 32, 33, 34, 35, 36, 37, 38, 39, 40, 41]",[],POTENTIAL_WORKLOAD,"Numeric stimulus/answer input with explicit dependencies; possible arithmetic/reading burden, without student evidence or an assumed direction.",40,40,40,36,NO_APPROVED_CONTROL,False
kategori-13-3-10,k,1,723c7a902f84765f,1,12680fcf9770257f,EXHAUSTIVE,True,"[2, 3, 4, 5, 6, 7, 8, 9, 10, 11, 12, 13, 14, 15, 16, 17, 18, 19, 20, 21, 22, 23, 24, 25, 26, 27, 28, 29, 30, 31, 32, 33, 34, 35, 36, 37, 38, 39, 40, 41]",[],POTENTIAL_WORKLOAD,"Numeric stimulus/answer input with explicit dependencies; possible arithmetic/reading burden, without student evidence or an assumed direction.",40,40,40,39,NO_APPROVED_CONTROL,False
kategori-13-3-9,k,1,1a710ae5bf2b0bca,1,298db7dcdd9322d5,EXHAUSTIVE,True,"[2, 3, 4, 5, 6, 7, 8, 9, 10, 11, 12, 13, 14, 15, 16, 17, 18, 19, 20, 21, 22, 23, 24, 25, 26, 27, 28, 29, 30, 31, 32, 33, 34, 35, 36, 37, 38, 39, 40, 41]",[],POTENTIAL_WORKLOAD,"Numeric stimulus/answer input with explicit dependencies; possible arithmetic/reading burden, without student evidence or an assumed direction.",40,40,40,34,NO_APPROVED_CONTROL,False
kategori-13-4-10,k,1,2b593b883c1ebc60,1,8f858caa11e65b8b,EXHAUSTIVE,True,"[2, 3, 4, 5, 6, 7, 8, 9, 10, 11, 12, 13, 14, 15, 16, 17, 18, 19, 20, 21, 22, 23, 24, 25, 26, 27, 28, 29, 30, 31, 32, 33, 34, 35, 36, 37, 38, 39, 40, 41]",[],POTENTIAL_WORKLOAD,"Numeric stimulus/answer input with explicit dependencies; possible arithmetic/reading burden, without student evidence or an assumed direction.",40,40,40,0,NO_APPROVED_CONTROL,False
kategori-13-4-9,k,1,3d6bf177cf5214e5,1,b6825aca6045c604,EXHAUSTIVE,True,"[2, 3, 4, 5, 6, 7, 8, 9, 10, 11, 12, 13, 14, 15, 16, 17, 18, 19, 20, 21, 22, 23, 24, 25, 26, 27, 28, 29, 30, 31, 32, 33, 34, 35, 36, 37, 38, 39, 40, 41]",[],POTENTIAL_WORKLOAD,"Numeric stimulus/answer input with explicit dependencies; possible arithmetic/reading burden, without student evidence or an assumed direction.",40,40,40,37,NO_APPROVED_CONTROL,False
kategori-13-5-10,k,1,70f5cb21c9eb56e2,1,77f2e5334d1a7c0a,EXHAUSTIVE,True,"[2, 3, 4, 5, 6, 7, 8, 9, 10, 11, 12, 13, 14, 15, 16, 17, 18, 19, 20, 21, 22, 23, 24, 25, 26, 27, 28, 29, 30, 31, 32, 33, 34, 35, 36, 37, 38, 39, 40, 41]",[],POTENTIAL_WORKLOAD,"Numeric stimulus/answer input with explicit dependencies; possible arithmetic/reading burden, without student evidence or an assumed direction.",40,40,40,33,NO_APPROVED_CONTROL,False
kategori-13-5-9,k,1,dad0c97ca7ff52e7,1,0907f8b1e802d943,EXHAUSTIVE,True,"[2, 3, 4, 5, 6, 7, 8, 9, 10, 11, 12, 13, 14, 15, 16, 17, 18, 19, 20, 21, 22, 23, 24, 25, 26, 27, 28, 29, 30, 31, 32, 33, 34, 35, 36, 37, 38, 39, 40, 41]",[],POTENTIAL_WORKLOAD,"Numeric stimulus/answer input with explicit dependencies; possible arithmetic/reading burden, without student evidence or an assumed direction.",40,40,40,32,NO_APPROVED_CONTROL,False
kategori-14-1-10,t,1,589afb2188655a1f,1,a2288293159a203c,EXHAUSTIVE,True,"[-20, -19, -18, -17, -16, -15, -14, -13, -12, -11, -10, -9, -8, -7, -6, -5, -4, -3, -2, -1, 1, 2, 3, 4, 5, 6, 7, 8, 9, 10, 11, 12, 13, 14, 15, 16, 17, 18, 19, 20]",[],POTENTIAL_WORKLOAD,"Numeric stimulus/answer input with explicit dependencies; possible arithmetic/reading burden, without student evidence or an assumed direction.",40,40,40,0,NO_APPROVED_CONTROL,False
kategori-14-2-10,t,1,a1a13c2e97d2142f,1,f19dbdf22ae40124,EXHAUSTIVE,True,"[-9, -8, -7, -6, -5, -4, -3, -2, -1, 1, 2, 3, 4, 5, 6, 7, 8, 9, 10, 11, 12, 13, 14, 15, 16, 17, 18, 19, 20]",[],POTENTIAL_WORKLOAD,"Numeric stimulus/answer input with explicit dependencies; possible arithmetic/reading burden, without student evidence or an assumed direction.",29,29,29,20,NO_APPROVED_CONTROL,False
kategori-14-2-9,t,1,6e3eaf817e8bd76f,1,829976a6a5728042,EXHAUSTIVE,True,"[-19, -18, -17, -16, -15, -14, -13, -12, -11, -10, -9, -8, -7, -6, -5, -4, -3, -2, -1, 1, 2, 3, 4, 5, 6, 7, 8, 9, 10, 11, 12, 13, 14, 15, 16, 17, 18, 19, 20]",[],POTENTIAL_WORKLOAD,"Numeric stimulus/answer input with explicit dependencies; possible arithmetic/reading burden, without student evidence or an assumed direction.",39,39,39,30,NO_APPROVED_CONTROL,False
kategori-14-3-10,t,1,7c437d1e606357f1,1,24c17de4c4ddfb56,EXHAUSTIVE,True,"[-20, -19, -18, -17, -16, -15, -14, -13, -12, -11, -10, -9, -8, -7, -6, -5, -4, -3, -2, -1, 1, 2, 3, 4, 5, 6, 7, 8, 9, 10, 11, 12, 13, 14, 15, 16, 17, 18, 19, 20]",[],POTENTIAL_WORKLOAD,"Numeric stimulus/answer input with explicit dependencies; possible arithmetic/reading burden, without student evidence or an assumed direction.",40,40,40,0,NO_APPROVED_CONTROL,False
kategori-14-3-9,ratio,1,acd45b9b51b13d0a,1,8f95339c3da26078,EXHAUSTIVE,True,"[3, 4, 5, 6, 7, 8, 9, 10, 11, 12, 13, 14, 15, 16, 17, 18, 19, 20, 21, 22, 23, 24, 25, 26, 27, 28, 29, 30, 31, 32, 33, 34, 35, 36, 37, 38, 39, 40, 41]",[],POTENTIAL_WORKLOAD,"Numeric stimulus/answer input with explicit dependencies; possible arithmetic/reading burden, without student evidence or an assumed direction.",39,39,39,34,NO_APPROVED_CONTROL,False
kategori-14-4-9,t,1,00e5f09b5ce78715,1,c399eb36b0f8aa46,EXHAUSTIVE,True,"[-4, -3.5, -3, -2.5, -2, -1.5, -1, -0.5, 0.5, 1, 1.5, 2, 2.5, 3, 3.5, 4, 4.5, 5, 5.5, 6, 6.5, 7.5, 8, 8.5, 9]",[],POTENTIAL_WORKLOAD,"Numeric stimulus/answer input with explicit dependencies; possible arithmetic/reading burden, without student evidence or an assumed direction.",25,25,25,17,NO_APPROVED_CONTROL,False
kategori-14-5-9,t,1,9cd935c00e36acd3,1,9c7518e1a6814bb4,EXHAUSTIVE,True,"[-20, -19, -18, -17, -16, -15, -14, -13, -12, -11, -10, -9, -8, -7, -6, -5, -4, -3, -2, -1, 0, 1, 2, 3, 4, 5, 6, 7, 8, 9, 10, 11, 12, 13, 14, 15, 16, 17, 18, 19, 20]",[],POTENTIAL_WORKLOAD,"Numeric stimulus/answer input with explicit dependencies; possible arithmetic/reading burden, without student evidence or an assumed direction.",41,41,41,30,NO_APPROVED_CONTROL,False
kategori-14-5-9,mode,1,9cd935c00e36acd3,1,9c7518e1a6814bb4,EXHAUSTIVE,True,[1],[],NO_EFFECT,"Only one effective value, or no dependency on rendered question/answer.",41,41,41,0,NO_APPROVED_CONTROL,False
kategori-15-1-10,k,1,0274b54b0e6014ad,1,bc8ea23f1e457607,EXHAUSTIVE,True,"[2, 3, 4, 5, 6, 7, 8, 9, 10, 11, 12, 13, 14, 15, 16, 17, 18, 19, 20, 21, 22, 23, 24, 25, 26, 27, 28, 29, 30, 31, 32, 33, 34, 35, 36, 37, 38, 39, 40, 41]",[],POTENTIAL_WORKLOAD,"Numeric stimulus/answer input with explicit dependencies; possible arithmetic/reading burden, without student evidence or an assumed direction.",40,40,40,37,NO_APPROVED_CONTROL,False
kategori-15-1-9,k,1,b02e3714a4d693b2,1,acc0cff0aa2884c6,EXHAUSTIVE,True,"[2, 3, 4, 5, 6, 7, 8, 9, 10, 11, 12, 13, 14, 15, 16, 17, 18, 19, 20, 21, 22, 23, 24, 25, 26, 27, 28, 29, 30, 31, 32, 33, 34, 35, 36, 37, 38, 39, 40, 41]",[],POTENTIAL_WORKLOAD,"Numeric stimulus/answer input with explicit dependencies; possible arithmetic/reading burden, without student evidence or an assumed direction.",40,40,40,39,NO_APPROVED_CONTROL,False
kategori-15-2-10,k,1,48fabc7ab6173ad2,1,8b00b92a2cf0cdbb,EXHAUSTIVE,True,"[2, 3, 4, 5, 6, 7, 8, 9, 10, 11, 12, 13, 14, 15, 16, 17, 18, 19, 20, 21, 22, 23, 24, 25, 26, 27, 28, 29, 30, 31, 32, 33, 34, 35, 36, 37, 38, 39, 40, 41]",[],POTENTIAL_WORKLOAD,"Numeric stimulus/answer input with explicit dependencies; possible arithmetic/reading burden, without student evidence or an assumed direction.",40,40,40,38,NO_APPROVED_CONTROL,False
kategori-15-2-9,k,1,a77345a034b61eec,1,a1fa2524ca76a658,EXHAUSTIVE,True,"[2, 3, 4, 5, 6, 7, 8, 9, 10, 11, 12, 13, 14, 15, 16, 17, 18, 19, 20, 21, 22, 23, 24, 25, 26, 27, 28, 29, 30, 31, 32, 33, 34, 35, 36, 37, 38, 39, 40, 41]",[],POTENTIAL_WORKLOAD,"Numeric stimulus/answer input with explicit dependencies; possible arithmetic/reading burden, without student evidence or an assumed direction.",40,40,40,39,NO_APPROVED_CONTROL,False
kategori-15-3-10,k,1,fd8c98c2fdeb29d2,1,efd8e7aa6558f234,EXHAUSTIVE,True,"[2, 3, 4, 5, 6, 7, 8, 9, 10, 11, 12, 13, 14, 15, 16, 17, 18, 19, 20, 21, 22, 23, 24, 25, 26, 27, 28, 29, 30, 31, 32, 33, 34, 35, 36, 37, 38, 39, 40, 41]",[],POTENTIAL_WORKLOAD,"Numeric stimulus/answer input with explicit dependencies; possible arithmetic/reading burden, without student evidence or an assumed direction.",40,40,40,39,NO_APPROVED_CONTROL,False
kategori-15-3-9,k,1,dcca18c5fad85c33,1,aede571c8bbbda33,EXHAUSTIVE,True,"[2, 3, 4, 5, 6, 7, 8, 9, 10, 11, 12, 13, 14, 15, 16, 17, 18, 19, 20, 21, 22, 23, 24, 25, 26, 27, 28, 29, 30, 31, 32, 33, 34, 35, 36, 37, 38, 39, 40, 41]",[],POTENTIAL_WORKLOAD,"Numeric stimulus/answer input with explicit dependencies; possible arithmetic/reading burden, without student evidence or an assumed direction.",40,40,40,39,NO_APPROVED_CONTROL,False
kategori-15-4-10,k,1,b96c3a3a8f107f91,1,55bac769c0a21651,EXHAUSTIVE,True,"[2, 3, 4, 5, 6, 7, 8, 9, 10, 11, 12, 13, 14, 15, 16, 17, 18, 19, 20, 21, 22, 23, 24, 25, 26, 27, 28, 29, 30, 31, 32, 33, 34, 35, 36, 37, 38, 39, 40, 41]",[],POTENTIAL_WORKLOAD,"Numeric stimulus/answer input with explicit dependencies; possible arithmetic/reading burden, without student evidence or an assumed direction.",40,40,40,34,NO_APPROVED_CONTROL,False
kategori-15-4-9,k,1,5d1931876c25ac54,1,31368eff9fbdf49f,EXHAUSTIVE,True,"[1, 2, 3, 4, 5, 6, 7, 8, 9, 10, 11, 12, 13, 14, 15, 16, 17, 18, 19, 20, 21, 22, 23, 24, 25, 26, 27, 28, 29, 30, 31, 32, 33, 34, 35, 36, 37, 38, 39, 40, 41]",[],POTENTIAL_WORKLOAD,"Numeric stimulus/answer input with explicit dependencies; possible arithmetic/reading burden, without student evidence or an assumed direction.",1148,1148,1148,1102,NO_APPROVED_CONTROL,False
kategori-15-4-9,factor,1,5d1931876c25ac54,1,31368eff9fbdf49f,EXHAUSTIVE,True,"[2, 4, 5, 6, 7, 8, 9, 10, 11, 12, 13, 14, 15, 16, 17, 18, 19, 20, 21, 22, 23, 24, 25, 26, 27, 28, 29, 30]",[],POTENTIAL_WORKLOAD,"Numeric stimulus/answer input with explicit dependencies; possible arithmetic/reading burden, without student evidence or an assumed direction.",1148,1148,1148,1107,NO_APPROVED_CONTROL,False
kategori-15-5-10,k,1,dea3c6bc3ab225fc,1,8adb2424994b4d2e,EXHAUSTIVE,True,"[2, 3, 4, 5, 6, 7, 8, 9, 10, 11, 12, 13, 14, 15, 16, 17, 18, 19, 20, 21, 22, 23, 24, 25, 26, 27, 28, 29, 30, 31, 32, 33, 34, 35, 36, 37, 38, 39, 40, 41]",[],POTENTIAL_WORKLOAD,"Numeric stimulus/answer input with explicit dependencies; possible arithmetic/reading burden, without student evidence or an assumed direction.",40,40,40,38,NO_APPROVED_CONTROL,False
kategori-15-5-9,k,1,c49ae523d33bb173,1,274b794617103aa5,EXHAUSTIVE,True,"[2, 3, 4, 5, 6, 7, 8, 9, 10, 11, 12, 13, 14, 15, 16, 17, 18, 19, 20, 21, 22, 23, 24, 25, 26, 27, 28, 29, 30, 31, 32, 33, 34, 35, 36, 37, 38, 39, 40, 41]",[],POTENTIAL_WORKLOAD,"Numeric stimulus/answer input with explicit dependencies; possible arithmetic/reading burden, without student evidence or an assumed direction.",40,40,40,39,NO_APPROVED_CONTROL,False
kategori-16-1-10,s,1,dca40aeaa2a30ff6,1,72e3e5260ea5809c,EXHAUSTIVE,True,"[2, 3, 5, 7, 8, 9, 10, 11, 12, 13, 14, 15, 16, 17, 18, 19, 20, 21, 22, 23, 24, 25, 26, 27, 28, 29, 30, 31, 32, 33, 34, 35, 36, 37, 38, 39, 40]",[],POTENTIAL_WORKLOAD,"Numeric stimulus/answer input with explicit dependencies; possible arithmetic/reading burden, without student evidence or an assumed direction.",37,37,37,36,NO_APPROVED_CONTROL,False
kategori-16-2-10,s,1,49d70f8e9060d046,1,0627c62b9fb30e97,EXHAUSTIVE,True,"[2, 3, 5, 6, 7, 8, 9, 10, 11, 12, 13, 14, 15, 16, 17, 18, 19, 20, 21, 22, 23, 24, 25, 26, 27, 28, 29, 30]",[],POTENTIAL_WORKLOAD,"Numeric stimulus/answer input with explicit dependencies; possible arithmetic/reading burden, without student evidence or an assumed direction.",112,112,112,105,NO_APPROVED_CONTROL,False
kategori-16-2-10,k,1,49d70f8e9060d046,1,0627c62b9fb30e97,EXHAUSTIVE,True,"[2, 3, 4, 5]",[],POTENTIAL_WORKLOAD,"Numeric stimulus/answer input with explicit dependencies; possible arithmetic/reading burden, without student evidence or an assumed direction.",112,112,112,20,NO_APPROVED_CONTROL,False
kategori-16-3-10,r,1,fc77e40f5fe035d7,2,55bc3fd3292a0bc4,EXHAUSTIVE,True,"[7, 14, 21, 28]",[],POTENTIAL_WORKLOAD,"Numeric stimulus/answer input with explicit dependencies; possible arithmetic/reading burden, without student evidence or an assumed direction.",95,95,95,69,NO_APPROVED_CONTROL,False
kategori-16-3-10,s,1,fc77e40f5fe035d7,2,55bc3fd3292a0bc4,EXHAUSTIVE,True,"[20, 25, 30, 35, 40, 45, 50, 55, 60]",[],POTENTIAL_WORKLOAD,"Numeric stimulus/answer input with explicit dependencies; possible arithmetic/reading burden, without student evidence or an assumed direction.",95,95,95,52,NO_APPROVED_CONTROL,False
kategori-16-3-10,k,1,fc77e40f5fe035d7,2,55bc3fd3292a0bc4,EXHAUSTIVE,True,"[2, 3, 4]",[],POTENTIAL_WORKLOAD,"Numeric stimulus/answer input with explicit dependencies; possible arithmetic/reading burden, without student evidence or an assumed direction.",95,95,95,31,NO_APPROVED_CONTROL,False
kategori-16-3-9,s,1,5ef50158f73a57d4,1,020b183d34107578,EXHAUSTIVE,True,"[4, 6, 8, 10, 12, 14, 16, 18, 20]",[],POTENTIAL_WORKLOAD,"Numeric stimulus/answer input with explicit dependencies; possible arithmetic/reading burden, without student evidence or an assumed direction.",220,220,220,166,NO_APPROVED_CONTROL,False
kategori-16-3-9,t,1,5ef50158f73a57d4,1,020b183d34107578,EXHAUSTIVE,True,"[6, 7, 8, 9, 10, 11, 12, 13, 14, 15, 16, 17, 18, 19, 20, 21, 22, 23, 24, 25, 26, 27, 28, 29, 30]",[],POTENTIAL_WORKLOAD,"Numeric stimulus/answer input with explicit dependencies; possible arithmetic/reading burden, without student evidence or an assumed direction.",220,220,220,189,NO_APPROVED_CONTROL,False
kategori-17-1-10,x,1,609e2fe720a1a4bf,1,3defd7ae909f0970,EXHAUSTIVE,True,"[-10, -8, -6, -4, -2, 2, 4, 6, 8, 10]",[],POTENTIAL_WORKLOAD,"Numeric stimulus/answer input with explicit dependencies; possible arithmetic/reading burden, without student evidence or an assumed direction.",99,99,99,89,NO_APPROVED_CONTROL,False
kategori-17-1-10,y,1,609e2fe720a1a4bf,1,3defd7ae909f0970,EXHAUSTIVE,True,"[-10, -8, -6, -4, -2, 2, 4, 6, 8, 10]",[],POTENTIAL_WORKLOAD,"Numeric stimulus/answer input with explicit dependencies; possible arithmetic/reading burden, without student evidence or an assumed direction.",99,99,99,79,NO_APPROVED_CONTROL,False
kategori-17-1-9,x,1,06f74b1e95a5c5aa,1,965e76930b61941e,EXHAUSTIVE,True,"[-9, -8, -7, -6, -5, -4, -3, -2, -1, 1, 2, 3, 4, 5, 6, 7, 8, 9]",[],POTENTIAL_WORKLOAD,"Numeric stimulus/answer input with explicit dependencies; possible arithmetic/reading burden, without student evidence or an assumed direction.",41471,41471,41471,30911,NO_APPROVED_CONTROL,False
kategori-17-1-9,y,1,06f74b1e95a5c5aa,1,965e76930b61941e,EXHAUSTIVE,True,"[-9, -8, -7, -6, -5, -4, -3, -2, -1, 1, 2, 3, 4, 5, 6, 7, 8, 9]",[],POTENTIAL_WORKLOAD,"Numeric stimulus/answer input with explicit dependencies; possible arithmetic/reading burden, without student evidence or an assumed direction.",41471,41471,41471,24384,NO_APPROVED_CONTROL,False
kategori-17-1-9,c,1,06f74b1e95a5c5aa,1,965e76930b61941e,EXHAUSTIVE,True,"[-6, -5, -4, -3, -2, -1, 1, 2, 3, 4, 5, 6]",[],POTENTIAL_WORKLOAD,"Numeric stimulus/answer input with explicit dependencies; possible arithmetic/reading burden, without student evidence or an assumed direction.",41471,41471,41471,26495,NO_APPROVED_CONTROL,False
kategori-17-1-9,d,1,06f74b1e95a5c5aa,1,965e76930b61941e,EXHAUSTIVE,True,"[-6, -5, -4, -3, -2, -1, 1, 2, 3, 4, 5, 6]",[],POTENTIAL_WORKLOAD,"Numeric stimulus/answer input with explicit dependencies; possible arithmetic/reading burden, without student evidence or an assumed direction.",41471,41471,41471,26495,NO_APPROVED_CONTROL,False
kategori-17-2-10,variant,2,89a3320249e7a3ba,1,566b505ba3a5af44,EXHAUSTIVE,True,[1],[],NO_EFFECT,"Only one effective value, or no dependency on rendered question/answer.",24,24,24,0,NO_APPROVED_CONTROL,False
kategori-17-2-10,k,2,89a3320249e7a3ba,1,566b505ba3a5af44,EXHAUSTIVE,True,"[-4, -3, -2, -0.5, 0.5, 2, 3, 4]",[],NUMERIC_CONTEXT,Property judgement only; selected factors obey abs(k)!=1. No coordinate or scaling calculation is requested.,24,24,24,15,NO_APPROVED_CONTROL,False
kategori-17-2-10,false_slot,2,89a3320249e7a3ba,1,566b505ba3a5af44,EXHAUSTIVE,True,"[1, 2, 3]",[],CONTENT_PROFILE,Selects a statement/data/role profile. Review the changed claims and reasoning; it is not a proven numeric difficulty control.,24,24,24,8,NO_APPROVED_CONTROL,False
kategori-17-2-9,x,1,a7cb885475a7b024,1,0c8af96a7270ad6e,EXHAUSTIVE,True,"[-9, -8, -7, -6, -5, -4, -3, -2, -1, 1, 2, 3, 4, 5, 6, 7, 8, 9]",[],POTENTIAL_WORKLOAD,"Numeric stimulus/answer input with explicit dependencies; possible arithmetic/reading burden, without student evidence or an assumed direction.",41471,41471,41471,30911,NO_APPROVED_CONTROL,False
kategori-17-2-9,y,1,a7cb885475a7b024,1,0c8af96a7270ad6e,EXHAUSTIVE,True,"[-9, -8, -7, -6, -5, -4, -3, -2, -1, 1, 2, 3, 4, 5, 6, 7, 8, 9]",[],POTENTIAL_WORKLOAD,"Numeric stimulus/answer input with explicit dependencies; possible arithmetic/reading burden, without student evidence or an assumed direction.",41471,41471,41471,30911,NO_APPROVED_CONTROL,False
kategori-17-2-9,c,1,a7cb885475a7b024,1,0c8af96a7270ad6e,EXHAUSTIVE,True,"[-6, -5, -4, -3, -2, -1, 1, 2, 3, 4, 5, 6]",[],POTENTIAL_WORKLOAD,"Numeric stimulus/answer input with explicit dependencies; possible arithmetic/reading burden, without student evidence or an assumed direction.",41471,41471,41471,26495,NO_APPROVED_CONTROL,False
kategori-17-2-9,d,1,a7cb885475a7b024,1,0c8af96a7270ad6e,EXHAUSTIVE,True,"[-6, -5, -4, -3, -2, -1, 1, 2, 3, 4, 5, 6]",[],POTENTIAL_WORKLOAD,"Numeric stimulus/answer input with explicit dependencies; possible arithmetic/reading burden, without student evidence or an assumed direction.",41471,41471,41471,26495,NO_APPROVED_CONTROL,False
kategori-17-3-9,x,1,53710a57251a7346,1,598b0b5c285b63bb,EXHAUSTIVE,True,"[-9, -8, -7, -6, -5, -4, -3, -2, -1, 1, 2, 3, 4, 5, 6, 7, 8, 9]",[],POTENTIAL_WORKLOAD,"Numeric stimulus/answer input with explicit dependencies; possible arithmetic/reading burden, without student evidence or an assumed direction.",139965,139965,139965,107349,NO_APPROVED_CONTROL,False
kategori-17-3-9,y,1,53710a57251a7346,1,598b0b5c285b63bb,EXHAUSTIVE,True,"[-9, -8, -7, -6, -5, -4, -3, -2, -1, 1, 2, 3, 4, 5, 6, 7, 8, 9]",[],POTENTIAL_WORKLOAD,"Numeric stimulus/answer input with explicit dependencies; possible arithmetic/reading burden, without student evidence or an assumed direction.",139965,139965,139965,107349,NO_APPROVED_CONTROL,False
kategori-17-3-9,c,1,53710a57251a7346,1,598b0b5c285b63bb,EXHAUSTIVE,True,"[-6, -5, -4, -3, -2, -1, 1, 2, 3, 4, 5, 6]",[],POTENTIAL_WORKLOAD,"Numeric stimulus/answer input with explicit dependencies; possible arithmetic/reading burden, without student evidence or an assumed direction.",139965,139965,139965,89421,NO_APPROVED_CONTROL,False
kategori-17-3-9,d,1,53710a57251a7346,1,598b0b5c285b63bb,EXHAUSTIVE,True,"[-6, -5, -4, -3, -2, -1, 1, 2, 3, 4, 5, 6]",[],POTENTIAL_WORKLOAD,"Numeric stimulus/answer input with explicit dependencies; possible arithmetic/reading burden, without student evidence or an assumed direction.",139965,139965,139965,89421,NO_APPROVED_CONTROL,False
kategori-17-3-9,n,1,53710a57251a7346,1,598b0b5c285b63bb,EXHAUSTIVE,True,"[2, 3, 4]",[],POTENTIAL_WORKLOAD,"Numeric stimulus/answer input with explicit dependencies; possible arithmetic/reading burden, without student evidence or an assumed direction.",139965,139965,139965,28223,NO_APPROVED_CONTROL,False
kategori-18-1-10,d,1,233f6f8e9fa93aa1,1,668dab82f84620f9,EXHAUSTIVE,True,"[14, 42, 56, 70, 84, 98, 112, 126, 140]",[],POTENTIAL_WORKLOAD,"Numeric stimulus/answer input with explicit dependencies; possible arithmetic/reading burden, without student evidence or an assumed direction.",9,9,9,8,NO_APPROVED_CONTROL,False
kategori-18-1-9,s,1,8d7733ab5776f67c,1,02085665eb8de28b,EXHAUSTIVE,True,"[3, 4, 5, 7, 8, 9, 10, 11, 12, 13, 14, 15, 16, 17, 18, 19, 20, 21, 22, 23, 24, 25, 26, 27, 28, 29, 30]",[],POTENTIAL_WORKLOAD,"Numeric stimulus/answer input with explicit dependencies; possible arithmetic/reading burden, without student evidence or an assumed direction.",80,80,80,63,NO_APPROVED_CONTROL,False
kategori-18-1-9,k,1,8d7733ab5776f67c,1,02085665eb8de28b,EXHAUSTIVE,True,"[2, 3, 4]",[],POTENTIAL_WORKLOAD,"Numeric stimulus/answer input with explicit dependencies; possible arithmetic/reading burden, without student evidence or an assumed direction.",80,80,80,27,NO_APPROVED_CONTROL,False
kategori-18-2-10,s,1,a68c3ee3e362f6e3,1,f534794e94b9cc37,EXHAUSTIVE,True,"[4, 6, 8, 12, 14, 16, 18, 20, 22, 24, 26, 28, 30, 32, 34, 36, 38, 40]",[],POTENTIAL_WORKLOAD,"Numeric stimulus/answer input with explicit dependencies; possible arithmetic/reading burden, without student evidence or an assumed direction.",18,18,18,17,NO_APPROVED_CONTROL,False
kategori-18-2-9,r,1,d6bd185e6fe7632c,1,4e334ac584b4b1dc,EXHAUSTIVE,True,"[7, 14, 21, 28, 35, 42, 49, 56, 63, 70]",[],POTENTIAL_WORKLOAD,"Numeric stimulus/answer input with explicit dependencies; possible arithmetic/reading burden, without student evidence or an assumed direction.",29,29,29,26,NO_APPROVED_CONTROL,False
kategori-18-2-9,k,1,d6bd185e6fe7632c,1,4e334ac584b4b1dc,EXHAUSTIVE,True,"[2, 3, 4]",[],POTENTIAL_WORKLOAD,"Numeric stimulus/answer input with explicit dependencies; possible arithmetic/reading burden, without student evidence or an assumed direction.",29,29,29,10,NO_APPROVED_CONTROL,False
kategori-18-3-10,r,1,695b5fcf78358257,1,6bc37b95792092d3,EXHAUSTIVE,True,"[5, 10, 15, 20, 25, 30]",[],POTENTIAL_WORKLOAD,"Numeric stimulus/answer input with explicit dependencies; possible arithmetic/reading burden, without student evidence or an assumed direction.",69,69,69,57,NO_APPROVED_CONTROL,False
kategori-18-3-10,theta,1,695b5fcf78358257,1,6bc37b95792092d3,EXHAUSTIVE,True,"[36, 72, 108, 144]",[],POTENTIAL_WORKLOAD,"Numeric stimulus/answer input with explicit dependencies; possible arithmetic/reading burden, without student evidence or an assumed direction.",69,69,69,46,NO_APPROVED_CONTROL,False
kategori-18-3-10,k,1,695b5fcf78358257,1,6bc37b95792092d3,EXHAUSTIVE,True,"[2, 3, 4]",[],POTENTIAL_WORKLOAD,"Numeric stimulus/answer input with explicit dependencies; possible arithmetic/reading burden, without student evidence or an assumed direction.",69,69,69,21,NO_APPROVED_CONTROL,False
kategori-18-3-9,s,1,0d202d902d1a6809,1,5b93967992ba3ed3,EXHAUSTIVE,True,"[28, 42, 56, 70, 84, 98, 112, 126, 140]",[],POTENTIAL_WORKLOAD,"Numeric stimulus/answer input with explicit dependencies; possible arithmetic/reading burden, without student evidence or an assumed direction.",9,9,9,8,NO_APPROVED_CONTROL,False
kategori-19-1-10,r,1,6a069cd5ceea24b2,1,e27a8a576e6e67a3,EXHAUSTIVE,True,"[7, 14, 21, 28, 35]",[],POTENTIAL_WORKLOAD,"Numeric stimulus/answer input with explicit dependencies; possible arithmetic/reading burden, without student evidence or an assumed direction.",132,132,132,105,NO_APPROVED_CONTROL,False
kategori-19-1-10,h,1,6a069cd5ceea24b2,1,e27a8a576e6e67a3,EXHAUSTIVE,True,"[6, 9, 12, 15, 18, 21, 24, 27, 30]",[],POTENTIAL_WORKLOAD,"Numeric stimulus/answer input with explicit dependencies; possible arithmetic/reading burden, without student evidence or an assumed direction.",132,132,132,105,NO_APPROVED_CONTROL,False
kategori-19-1-10,k,1,6a069cd5ceea24b2,1,e27a8a576e6e67a3,EXHAUSTIVE,True,"[2, 3, 4]",[],POTENTIAL_WORKLOAD,"Numeric stimulus/answer input with explicit dependencies; possible arithmetic/reading burden, without student evidence or an assumed direction.",132,132,132,10,NO_APPROVED_CONTROL,False
kategori-19-1-9,p,1,bbc665116c459992,2,2f0bd9a1058dad03,EXHAUSTIVE,True,"[3, 4, 5, 6, 7, 8, 9, 10, 11, 12, 13, 14, 15, 16, 17, 18, 19]",[],POTENTIAL_WORKLOAD,"Numeric stimulus/answer input with explicit dependencies; possible arithmetic/reading burden, without student evidence or an assumed direction.",1869,1869,1869,1118,NO_APPROVED_CONTROL,False
kategori-19-1-9,q,1,bbc665116c459992,2,2f0bd9a1058dad03,EXHAUSTIVE,True,"[4, 5, 6, 7, 8, 9, 10, 11, 12, 13, 14, 15, 16, 17, 18, 19, 20]",[],POTENTIAL_WORKLOAD,"Numeric stimulus/answer input with explicit dependencies; possible arithmetic/reading burden, without student evidence or an assumed direction.",1869,1869,1869,1032,NO_APPROVED_CONTROL,False
kategori-19-1-9,t,1,bbc665116c459992,2,2f0bd9a1058dad03,EXHAUSTIVE,True,"[10, 12, 14, 16, 18, 20, 22, 24, 26, 28, 30, 32, 34, 36, 38, 40]",[],POTENTIAL_WORKLOAD,"Numeric stimulus/answer input with explicit dependencies; possible arithmetic/reading burden, without student evidence or an assumed direction.",1869,1869,1869,1378,NO_APPROVED_CONTROL,False
kategori-19-2-10,s,1,e4a495ebb1ea399b,1,3ca84c7fa4c88528,EXHAUSTIVE,True,"[6, 8, 10, 12, 14, 16, 18, 20, 22, 24, 26, 28, 30]",[],POTENTIAL_WORKLOAD,"Numeric stimulus/answer input with explicit dependencies; possible arithmetic/reading burden, without student evidence or an assumed direction.",116,116,116,103,NO_APPROVED_CONTROL,False
kategori-19-2-10,h,1,e4a495ebb1ea399b,1,3ca84c7fa4c88528,EXHAUSTIVE,True,"[6, 9, 12, 15, 18, 21, 24, 27, 30]",[],POTENTIAL_WORKLOAD,"Numeric stimulus/answer input with explicit dependencies; possible arithmetic/reading burden, without student evidence or an assumed direction.",116,116,116,93,NO_APPROVED_CONTROL,False
kategori-19-2-9,p,1,be081f86c71bd8c9,1,f0c4a9c6c810032d,EXHAUSTIVE,True,"[1, 1.5, 2, 2.5, 3, 3.5, 4]",[],POTENTIAL_WORKLOAD,"Numeric stimulus/answer input with explicit dependencies; possible arithmetic/reading burden, without student evidence or an assumed direction.",1048,1048,1048,664,NO_APPROVED_CONTROL,False
kategori-19-2-9,l,1,be081f86c71bd8c9,1,f0c4a9c6c810032d,EXHAUSTIVE,True,"[0.5, 1, 1.5, 2]",[],POTENTIAL_WORKLOAD,"Numeric stimulus/answer input with explicit dependencies; possible arithmetic/reading burden, without student evidence or an assumed direction.",1048,1048,1048,611,NO_APPROVED_CONTROL,False
kategori-19-2-9,h,1,be081f86c71bd8c9,1,f0c4a9c6c810032d,EXHAUSTIVE,True,"[0.5, 1, 1.5, 2]",[],POTENTIAL_WORKLOAD,"Numeric stimulus/answer input with explicit dependencies; possible arithmetic/reading burden, without student evidence or an assumed direction.",1048,1048,1048,673,NO_APPROVED_CONTROL,False
kategori-19-2-9,q,1,be081f86c71bd8c9,1,f0c4a9c6c810032d,EXHAUSTIVE,True,"[5, 10, 20, 25]",[],POTENTIAL_WORKLOAD,"Numeric stimulus/answer input with explicit dependencies; possible arithmetic/reading burden, without student evidence or an assumed direction.",1048,1048,1048,361,NO_APPROVED_CONTROL,False
kategori-19-2-9,k,1,be081f86c71bd8c9,1,f0c4a9c6c810032d,EXHAUSTIVE,True,"[2, 3, 4]",[],POTENTIAL_WORKLOAD,"Numeric stimulus/answer input with explicit dependencies; possible arithmetic/reading burden, without student evidence or an assumed direction.",1048,1048,1048,352,NO_APPROVED_CONTROL,False
kategori-19-3-10,r,1,7beedbe24afe4827,1,1bdbd0084616f901,EXHAUSTIVE,True,"[3, 9, 12]",[],POTENTIAL_WORKLOAD,"Numeric stimulus/answer input with explicit dependencies; possible arithmetic/reading burden, without student evidence or an assumed direction.",632,632,632,309,NO_APPROVED_CONTROL,False
kategori-19-3-10,R,1,7beedbe24afe4827,1,1bdbd0084616f901,EXHAUSTIVE,True,"[6, 7, 8, 9, 10, 11, 12, 13, 14, 15, 16, 17, 18, 19, 20, 21, 22, 23, 24]",[],POTENTIAL_WORKLOAD,"Numeric stimulus/answer input with explicit dependencies; possible arithmetic/reading burden, without student evidence or an assumed direction.",632,632,632,536,NO_APPROVED_CONTROL,False
kategori-19-3-10,h,1,7beedbe24afe4827,1,1bdbd0084616f901,EXHAUSTIVE,True,"[8, 10, 12, 14, 16, 18, 20, 22, 24, 26, 28, 30, 32, 34, 36, 38, 40]",[],POTENTIAL_WORKLOAD,"Numeric stimulus/answer input with explicit dependencies; possible arithmetic/reading burden, without student evidence or an assumed direction.",632,632,632,401,NO_APPROVED_CONTROL,False
kategori-19-3-9,r,1,5345ab19090ad810,1,443c3d58eaf3be33,EXHAUSTIVE,True,"[7, 14, 21, 28, 35]",[],POTENTIAL_WORKLOAD,"Numeric stimulus/answer input with explicit dependencies; possible arithmetic/reading burden, without student evidence or an assumed direction.",402,402,402,318,NO_APPROVED_CONTROL,False
kategori-19-3-9,h,1,5345ab19090ad810,1,443c3d58eaf3be33,EXHAUSTIVE,True,"[10, 15, 20, 25, 30, 35, 40, 45, 50]",[],POTENTIAL_WORKLOAD,"Numeric stimulus/answer input with explicit dependencies; possible arithmetic/reading burden, without student evidence or an assumed direction.",402,402,402,246,NO_APPROVED_CONTROL,False
kategori-19-3-9,q,1,5345ab19090ad810,1,443c3d58eaf3be33,EXHAUSTIVE,True,"[50, 100, 200]",[],POTENTIAL_WORKLOAD,"Numeric stimulus/answer input with explicit dependencies; possible arithmetic/reading burden, without student evidence or an assumed direction.",402,402,402,174,NO_APPROVED_CONTROL,False
kategori-19-3-9,k,1,5345ab19090ad810,1,443c3d58eaf3be33,EXHAUSTIVE,True,"[2, 3, 4]",[],POTENTIAL_WORKLOAD,"Numeric stimulus/answer input with explicit dependencies; possible arithmetic/reading burden, without student evidence or an assumed direction.",402,402,402,0,NO_APPROVED_CONTROL,False
kategori-2-1-10,k,1,b78d3da496b18414,1,289025eaba689f34,EXHAUSTIVE,True,"[2, 3, 4, 5, 6, 7, 8, 9, 10, 11, 12, 13, 14, 15, 16, 17, 18, 19, 20, 21, 22, 23, 24, 25, 26, 27, 28, 29, 30]",[],POTENTIAL_WORKLOAD,"Numeric stimulus/answer input with explicit dependencies; possible arithmetic/reading burden, without student evidence or an assumed direction.",29,29,29,28,NO_APPROVED_CONTROL,False
kategori-2-1-9,k,1,bea3ba03fffbf80d,1,334ae84ac5e1e145,EXHAUSTIVE,True,"[2, 3, 4, 5, 6, 7, 8, 9, 10, 11, 12, 13, 14, 15, 16, 17, 18, 19, 20, 21, 22, 23, 24, 25, 26, 27, 28, 29, 30]",[],POTENTIAL_WORKLOAD,"Numeric stimulus/answer input with explicit dependencies; possible arithmetic/reading burden, without student evidence or an assumed direction.",29,29,29,18,NO_APPROVED_CONTROL,False
kategori-2-2-10,k,1,45a48803198dafd1,1,420573e31307d532,EXHAUSTIVE,True,"[2, 3, 4, 5, 6, 7, 8, 9, 10, 11, 12, 13, 14, 15, 16, 17, 18, 19, 20, 21, 22, 23, 24, 25, 26, 27, 28, 29, 30]",[],POTENTIAL_WORKLOAD,"Numeric stimulus/answer input with explicit dependencies; possible arithmetic/reading burden, without student evidence or an assumed direction.",29,29,29,28,NO_APPROVED_CONTROL,False
kategori-2-2-9,k,1,2b9531cd6c3d1e9f,1,6dfd4825e2d4de67,EXHAUSTIVE,True,"[2, 3, 4, 5, 6, 7, 8, 9, 10, 11, 12, 13, 14, 15, 16, 17, 18, 19, 20, 21, 22, 23, 24, 25, 26, 27, 28, 29, 30]",[],POTENTIAL_WORKLOAD,"Numeric stimulus/answer input with explicit dependencies; possible arithmetic/reading burden, without student evidence or an assumed direction.",29,29,29,22,NO_APPROVED_CONTROL,False
kategori-2-3-10,k,1,12f028c72e7c86d5,1,b57ee1a129a718aa,EXHAUSTIVE,True,"[2, 3, 4, 5, 6, 7, 8, 9, 10, 11, 12, 13, 14, 15, 16, 17, 18, 19, 20, 21, 22, 23, 24, 25, 26, 27, 28, 29, 30]",[],POTENTIAL_WORKLOAD,"Numeric stimulus/answer input with explicit dependencies; possible arithmetic/reading burden, without student evidence or an assumed direction.",29,29,29,27,NO_APPROVED_CONTROL,False
kategori-2-3-9,k,1,c4f59908adfd78fb,1,12c84670d589386a,EXHAUSTIVE,True,"[2, 3, 4, 5, 6, 7, 8, 9, 10, 11, 12, 13, 14, 15, 16, 17, 18, 19, 20, 21, 22, 23, 24, 25, 26, 27, 28, 29, 30]",[],POTENTIAL_WORKLOAD,"Numeric stimulus/answer input with explicit dependencies; possible arithmetic/reading burden, without student evidence or an assumed direction.",29,29,29,23,NO_APPROVED_CONTROL,False
kategori-20-2-9,k,1,7c95c48a68b75f93,1,1f6393ce45a295f4,EXHAUSTIVE,True,"[2, 3, 4, 5, 6, 7, 8, 9, 10, 11, 12, 13, 14, 15, 16, 17, 18, 19, 20, 21, 22, 23, 24, 25, 26, 27, 28, 29, 30, 31, 32, 33, 34, 35, 36, 37, 38, 39, 40]",[],POTENTIAL_WORKLOAD,"Numeric stimulus/answer input with explicit dependencies; possible arithmetic/reading burden, without student evidence or an assumed direction.",39,39,39,38,NO_APPROVED_CONTROL,False
kategori-20-3-10,k,1,30652364a5585464,1,76f291a9f6a40d8d,EXHAUSTIVE,True,"[2, 3, 4, 5, 6, 7, 8, 9, 10, 11, 12, 13, 14, 15, 16, 17, 18, 19, 20, 21, 22, 23, 24, 25, 26, 27, 28, 29, 30, 31, 32, 33, 34, 35, 36, 37, 38, 39, 40]",[],POTENTIAL_WORKLOAD,"Numeric stimulus/answer input with explicit dependencies; possible arithmetic/reading burden, without student evidence or an assumed direction.",39,39,39,37,NO_APPROVED_CONTROL,False
kategori-20-3-9,k,1,c6b10065266074bb,1,3e259b5f94237432,EXHAUSTIVE,True,"[2, 3, 4, 5, 6, 7, 8, 9, 10, 11, 12, 13, 14, 15, 16, 17, 18, 19, 20, 21, 22, 23, 24, 25, 26, 27, 28, 29, 30, 31, 32, 33, 34, 35, 36, 37, 38, 39, 40]",[],POTENTIAL_WORKLOAD,"Numeric stimulus/answer input with explicit dependencies; possible arithmetic/reading burden, without student evidence or an assumed direction.",39,39,39,38,NO_APPROVED_CONTROL,False
kategori-21-1-10,k,1,e0c691d0dfc5cfa6,1,08fb3fc7fe941529,EXHAUSTIVE,True,"[1, 2]",[],POTENTIAL_WORKLOAD,"Numeric stimulus/answer input with explicit dependencies; possible arithmetic/reading burden, without student evidence or an assumed direction.",136,136,136,65,NO_APPROVED_CONTROL,False
kategori-21-1-10,t,1,e0c691d0dfc5cfa6,1,08fb3fc7fe941529,EXHAUSTIVE,True,"[-10, -9, -8, -7, -6, -5, -4, -3, -2, -1, 0, 1, 2, 3, 4, 5, 6, 7, 8, 9, 10, 11, 12, 13, 14, 15, 16, 17, 18, 19, 20, 21, 22, 23, 24, 25, 26, 27, 28, 29, 30, 31, 32, 33, 34, 35, 36, 37, 38, 39, 40, 41, 42, 43, 44, 45, 46, 47, 48, 49, 50, 51, 52, 53, 54, 55, 56, 57, 58, 59, 60]",[],POTENTIAL_WORKLOAD,"Numeric stimulus/answer input with explicit dependencies; possible arithmetic/reading burden, without student evidence or an assumed direction.",136,136,136,127,NO_APPROVED_CONTROL,False
kategori-21-1-9,k,1,3be33bd771698ba7,1,3e450e4cdd817123,EXHAUSTIVE,True,"[1, 2]",[],POTENTIAL_WORKLOAD,"Numeric stimulus/answer input with explicit dependencies; possible arithmetic/reading burden, without student evidence or an assumed direction.",151,151,151,70,NO_APPROVED_CONTROL,False
kategori-21-1-9,t,1,3be33bd771698ba7,1,3e450e4cdd817123,EXHAUSTIVE,True,"[-20, -19, -18, -17, -16, -15, -14, -13, -12, -11, -10, -9, -8, -7, -6, -5, -4, -3, -2, -1, 0, 1, 2, 3, 4, 5, 6, 7, 8, 9, 10, 11, 12, 13, 14, 15, 16, 17, 18, 19, 20, 21, 22, 23, 24, 25, 26, 27, 28, 29, 30, 31, 32, 33, 34, 35, 36, 37, 38, 39, 40, 41, 42, 43, 44, 45, 46, 47, 48, 49, 50, 51, 52, 53, 54, 55, 56, 57, 58, 59, 60]",[],POTENTIAL_WORKLOAD,"Numeric stimulus/answer input with explicit dependencies; possible arithmetic/reading burden, without student evidence or an assumed direction.",151,151,151,146,NO_APPROVED_CONTROL,False
kategori-21-2-10,k,1,1578bd3bc57b11e9,1,bb1170d3d41c384d,EXHAUSTIVE,True,"[1, 2]",[],POTENTIAL_WORKLOAD,"Numeric stimulus/answer input with explicit dependencies; possible arithmetic/reading burden, without student evidence or an assumed direction.",166,166,166,31,NO_APPROVED_CONTROL,False
kategori-21-2-10,t,1,1578bd3bc57b11e9,1,bb1170d3d41c384d,EXHAUSTIVE,True,"[-30, -29, -28, -27, -26, -25, -24, -23, -22, -21, -20, -19, -18, -17, -16, -15, -14, -13, -12, -11, -10, -9, -8, -7, -6, -5, -4, -3, -2, -1, 0, 1, 2, 3, 4, 5, 6, 7, 8, 9, 10, 11, 12, 13, 14, 15, 16, 17, 18, 19, 20, 21, 22, 23, 24, 25, 26, 27, 28, 29, 30, 31, 32, 33, 34, 35, 36, 37, 38, 39, 40, 41, 42, 43, 44, 45, 46, 47, 48, 49, 50, 51, 52, 53, 54, 55, 56, 57, 58, 59, 60]",[],POTENTIAL_WORKLOAD,"Numeric stimulus/answer input with explicit dependencies; possible arithmetic/reading burden, without student evidence or an assumed direction.",166,166,166,153,NO_APPROVED_CONTROL,False
kategori-21-2-9,k,1,a08d9542f89cdd4e,1,8f53dc9e20d0a178,EXHAUSTIVE,True,"[0.5, 1, 1.5]",[],POTENTIAL_WORKLOAD,"Numeric stimulus/answer input with explicit dependencies; possible arithmetic/reading burden, without student evidence or an assumed direction.",182,182,182,37,NO_APPROVED_CONTROL,False
kategori-21-2-9,t,1,a08d9542f89cdd4e,1,8f53dc9e20d0a178,EXHAUSTIVE,True,"[-60, -59, -58, -57, -56, -55, -54, -53, -52, -51, -50, -49, -48, -47, -46, -45, -44, -43, -42, -41, -40, -39, -38, -37, -36, -35, -34, -33, -32, -31, -30, -29, -28, -27, -26, -25, -24, -23, -22, -21, -20, -19, -18, -17, -16, -15, -14, -13, -12, -11, -10, -9, -8, -7, -6, -5, -4, -3, -2, -1, 0, 1, 2, 3, 4, 5, 6, 7, 8, 9, 10, 11, 12, 13, 14, 15, 16, 17, 18, 19, 20, 21, 22, 23, 24, 25, 26, 27, 28, 29, 30, 31, 32, 33, 34, 35, 36, 37, 38, 39, 40, 41, 42, 43, 44, 45, 46, 47, 48, 49, 50, 51, 52, 53, 54, 55]",[],POTENTIAL_WORKLOAD,"Numeric stimulus/answer input with explicit dependencies; possible arithmetic/reading burden, without student evidence or an assumed direction.",182,182,182,145,NO_APPROVED_CONTROL,False
kategori-21-3-10,case,1,208a9a131728e3ff,1,e6edff10fd336edb,EXHAUSTIVE,True,"[0, 1, 2, 3, 4, 5, 6, 7]",[],CONTENT_PROFILE,Selects a statement/data/role profile. Review the changed claims and reasoning; it is not a proven numeric difficulty control.,377,377,377,96,NO_APPROVED_CONTROL,False
kategori-21-3-10,center,1,208a9a131728e3ff,1,e6edff10fd336edb,EXHAUSTIVE,True,"[0, 1, 2, 3, 4, 5, 6, 7, 8, 9, 10, 11, 12, 13, 14, 15, 16, 17, 18, 19, 20, 21, 22, 23, 24, 25, 26, 27, 28, 29, 30, 31, 32, 33, 34, 35, 36, 37, 38, 39, 40, 41, 42, 43, 44, 45, 46, 47, 48, 49, 50, 51, 52, 53, 54, 55, 56, 57, 58, 59, 60, 61, 62, 63, 64, 65, 66, 67, 68, 69, 70, 71, 72, 73, 74, 75, 76, 77, 78, 79, 80, 81, 82, 83, 84, 85]",[],POTENTIAL_WORKLOAD,"Numeric stimulus/answer input with explicit dependencies; possible arithmetic/reading burden, without student evidence or an assumed direction.",377,377,377,325,NO_APPROVED_CONTROL,False
kategori-21-3-9,t,2,fc0cb57c1b0de207,1,5130e3de9f9bd100,EXHAUSTIVE,True,"[-40, -39, -38, -37, -36, -35, -34, -33, -32, -31, -30, -29, -28, -27, -26, -25, -24, -23, -22, -21, -20, -19, -18, -17, -16, -15, -14, -13, -12, -11, -10, -9, -8, -7, -6, -5, -4, -3, -2, -1, 1, 2, 3, 4, 5, 6, 7, 8, 9, 10]",[],NUMERIC_CONTEXT,"Common data translation preserves ordering, gaps and comparison relations; displayed digit changes are recorded separately.",50,50,50,0,NO_APPROVED_CONTROL,False
kategori-22-1-10,case,1,20b13f72e4e1907a,1,9fa06734a1bb59e8,EXHAUSTIVE,True,"[1, 2, 3, 4, 5, 7]",[],CONTENT_PROFILE,Selects a statement/data/role profile. Review the changed claims and reasoning; it is not a proven numeric difficulty control.,467,467,467,183,NO_APPROVED_CONTROL,False
kategori-22-1-10,center,1,20b13f72e4e1907a,1,9fa06734a1bb59e8,EXHAUSTIVE,True,"[6, 7, 8, 9, 10, 11, 12, 13, 14, 15, 16, 17, 18, 19, 20, 21, 22, 23, 24, 25, 26, 27, 28, 29, 30, 31, 32, 33, 34, 35, 36, 37, 38, 39, 40, 41, 42, 43, 44, 45, 46, 47, 48, 49, 50, 51, 52, 53, 54, 55, 56, 57, 58, 59, 60, 61, 62, 63, 64, 65, 66, 67, 68, 69, 70, 71, 72, 73, 74, 75, 76, 77, 78, 79, 80, 81, 82, 83, 84, 85, 86, 87, 88, 89, 90, 91, 92, 93, 94, 95, 96, 97, 98, 99, 100]",[],POTENTIAL_WORKLOAD,"Numeric stimulus/answer input with explicit dependencies; possible arithmetic/reading burden, without student evidence or an assumed direction.",467,467,467,413,NO_APPROVED_CONTROL,False
kategori-22-1-9,case,1,dcb94f6b46f0e8a7,1,071cbb9607f9dc24,EXHAUSTIVE,True,"[1, 3, 4, 5, 6, 7]",[],CONTENT_PROFILE,Selects a statement/data/role profile. Review the changed claims and reasoning; it is not a proven numeric difficulty control.,545,545,545,396,NO_APPROVED_CONTROL,False
kategori-22-1-9,center,1,dcb94f6b46f0e8a7,1,071cbb9607f9dc24,EXHAUSTIVE,True,"[1, 2, 3, 4, 5, 6, 7, 8, 9, 10, 11, 12, 13, 14, 15, 16, 17, 18, 19, 20, 21, 22, 23, 24, 25, 26, 27, 28, 29, 30, 31, 32, 33, 34, 35, 36, 37, 38, 39, 40, 41, 42, 43, 44, 45, 46, 47, 48, 49, 50, 51, 52, 53, 54, 55, 56, 57, 58, 59, 60, 61, 62, 63, 64, 65, 66, 67, 68, 69, 70, 71, 72, 73, 74, 75, 76, 77, 78, 79, 80, 81, 82, 83, 84, 85, 86, 87, 88, 89, 90, 91, 92, 93, 94, 95, 96, 97, 98, 99, 100]",[],POTENTIAL_WORKLOAD,"Numeric stimulus/answer input with explicit dependencies; possible arithmetic/reading burden, without student evidence or an assumed direction.",545,545,545,517,NO_APPROVED_CONTROL,False
kategori-22-2-10,case,1,5858208a9dbde179,1,6266f1e0c2a93c74,EXHAUSTIVE,True,"[1, 3, 4, 5, 6, 7]",[],CONTENT_PROFILE,Selects a statement/data/role profile. Review the changed claims and reasoning; it is not a proven numeric difficulty control.,427,427,427,57,NO_APPROVED_CONTROL,False
kategori-22-2-10,center,1,5858208a9dbde179,1,6266f1e0c2a93c74,EXHAUSTIVE,True,"[0, 1, 2, 3, 4, 5, 6, 7, 8, 9, 10, 11, 12, 13, 14, 15, 16, 17, 18, 19, 20, 21, 22, 23, 24, 25, 26, 27, 28, 29, 30, 31, 32, 33, 34, 35, 36, 37, 38, 39, 40, 41, 42, 43, 44, 45, 46, 47, 48, 49, 50, 51, 52, 53, 54, 55, 56, 57, 58, 59, 60, 61, 62, 63, 64, 65, 66, 67, 68, 69, 70, 71, 72, 73, 74, 75, 76, 77, 78, 79, 80, 81, 82, 83, 84, 85, 86, 87, 88, 89, 90, 91, 92, 93, 94, 95, 96]",[],POTENTIAL_WORKLOAD,"Numeric stimulus/answer input with explicit dependencies; possible arithmetic/reading burden, without student evidence or an assumed direction.",427,427,427,402,NO_APPROVED_CONTROL,False
kategori-22-2-9,case,1,48b22cc939f6cd74,1,13150c4bfdcc60a1,EXHAUSTIVE,True,"[1, 6, 7]",[],CONTENT_PROFILE,Selects a statement/data/role profile. Review the changed claims and reasoning; it is not a proven numeric difficulty control.,143,143,143,2,NO_APPROVED_CONTROL,False
kategori-22-2-9,center,1,48b22cc939f6cd74,1,13150c4bfdcc60a1,EXHAUSTIVE,True,"[0, 1, 2, 3, 4, 5, 6, 7, 8, 9, 10, 11, 12, 13, 14, 15, 16, 17, 18, 19, 20, 21, 22, 23, 24, 25, 26, 27, 28, 29, 30, 31, 32, 33, 34, 35, 36, 37, 38, 39, 40, 41, 42, 43, 44, 45, 46, 47, 48, 49, 50, 51, 52, 53, 54, 55, 56, 57, 58, 59, 60]",[],POTENTIAL_WORKLOAD,"Numeric stimulus/answer input with explicit dependencies; possible arithmetic/reading burden, without student evidence or an assumed direction.",143,143,143,113,NO_APPROVED_CONTROL,False
kategori-22-3-10,case,1,7b66729d51e80348,1,22ad31420b54b123,EXHAUSTIVE,True,"[1, 2, 3, 4, 5, 6, 7]",[],CONTENT_PROFILE,Selects a statement/data/role profile. Review the changed claims and reasoning; it is not a proven numeric difficulty control.,346,346,346,68,NO_APPROVED_CONTROL,False
kategori-22-3-10,center,1,7b66729d51e80348,1,22ad31420b54b123,EXHAUSTIVE,True,"[0, 1, 2, 3, 4, 5, 6, 7, 8, 9, 10, 11, 12, 13, 14, 15, 16, 17, 18, 19, 20, 21, 22, 23, 24, 25, 26, 27, 28, 29, 30, 31, 32, 33, 34, 35, 36, 37, 38, 39, 40, 41, 42, 43, 44, 45, 46, 47, 48, 49, 50, 51, 52, 53, 54, 55, 56, 57, 58, 59, 60, 61, 62, 63, 64, 65, 66, 67, 68, 69, 70, 71, 72, 73, 74, 75, 76, 77, 78, 79, 80]",[],POTENTIAL_WORKLOAD,"Numeric stimulus/answer input with explicit dependencies; possible arithmetic/reading burden, without student evidence or an assumed direction.",346,346,346,281,NO_APPROVED_CONTROL,False
kategori-22-3-9,case,1,4baf81e08a0846d1,1,1269beb88e9c8a01,EXHAUSTIVE,True,[1],[],NO_EFFECT,"Only one effective value, or no dependency on rendered question/answer.",61,61,61,0,NO_APPROVED_CONTROL,False
kategori-22-3-9,center,1,4baf81e08a0846d1,1,1269beb88e9c8a01,EXHAUSTIVE,True,"[0, 1, 2, 3, 4, 5, 6, 7, 8, 9, 10, 11, 12, 13, 14, 15, 16, 17, 18, 19, 20, 21, 22, 23, 24, 25, 26, 27, 28, 29, 30, 31, 32, 33, 34, 35, 36, 37, 38, 39, 40, 41, 42, 43, 44, 45, 46, 47, 48, 49, 50, 51, 52, 53, 54, 55, 56, 57, 58, 59, 60]",[],POTENTIAL_WORKLOAD,"Numeric stimulus/answer input with explicit dependencies; possible arithmetic/reading burden, without student evidence or an assumed direction.",61,61,61,56,NO_APPROVED_CONTROL,False
kategori-23-1-10,trials,1,2afcf69977c4c3ff,1,3798786ec1db8f84,EXHAUSTIVE,True,"[40, 100, 200, 300, 400, 500]",[],POTENTIAL_WORKLOAD,"Numeric stimulus/answer input with explicit dependencies; possible arithmetic/reading burden, without student evidence or an assumed direction.",514,514,514,161,NO_APPROVED_CONTROL,False
kategori-23-1-10,observed,1,2afcf69977c4c3ff,1,3798786ec1db8f84,EXHAUSTIVE,True,"[0, 1, 2, 3, 4, 5, 6, 7, 8, 9, 10, 11, 12, 13, 14, 15, 16, 17, 18, 19, 20, 21, 22, 23, 24, 25, 26, 27, 28, 29, 30, 31, 32, 33, 34, 35, 36, 37, 38, 39, 40, 41, 42, 43, 44, 45, 46, 47, 48, 49, 50, 51, 52, 53, 54, 55, 56, 57, 58, 59, 60, 61, 62, 63, 64, 65, 66, 67, 68, 69, 70, 71, 72, 73, 74, 75, 76, 77, 78, 79, 80, 81, 82, 83, 84, 85, 86, 87, 88, 89, 90, 91, 92, 93, 94, 95, 96, 97, 98, 99, 100, 102, 104, 105, 106, 108, 110, 111, 112, 114, 115, 116, 117, 118, 120, 122, 123, 124, 125, 126, 128, 129, 130, 132, 134, 135, 136, 138, 140, 141, 142, 144, 145, 146, 147, 148, 150, 152, 153, 154, 155, 156, 158, 159, 160, 162, 164, 165, 166, 168, 170, 171, 172, 174, 175, 176, 177, 178, 180, 182, 183, 184, 185, 186, 188, 189, 190, 192, 194, 195, 196, 198, 200, 201, 204, 205, 207, 208, 210, 212, 213, 215, 216, 219, 220, 222, 224, 225, 228, 230, 231, 232, 234, 235, 236, 237, 240, 243, 244, 245, 246, 248, 249, 252, 255, 256, 258, 260, 261, 264, 265, 267, 268, 270, 272, 273, 275, 276, 279, 280, 282, 284, 285, 288, 290, 291, 292, 294, 295, 296, 297, 300, 304, 305, 308, 310, 312, 315, 316, 320, 324, 325, 328, 330, 332, 335, 336, 340, 344, 345, 348, 350, 352, 355, 356, 360, 364, 365, 368, 370, 372, 375, 376, 380, 384, 385, 388, 390, 392, 395, 396, 400, 405, 410, 415, 420, 425, 430, 435, 440, 445, 450, 455, 460, 465, 470, 475, 480, 485, 490, 495, 500]",[],POTENTIAL_WORKLOAD,"Numeric stimulus/answer input with explicit dependencies; possible arithmetic/reading burden, without student evidence or an assumed direction.",514,514,514,508,NO_APPROVED_CONTROL,False
kategori-23-1-9,limit,1,b03973c009cc79fb,1,402b1754c3ae63cb,EXHAUSTIVE,True,"[2, 3, 4, 5, 6, 7]",[],POTENTIAL_WORKLOAD,"Numeric stimulus/answer input with explicit dependencies; possible arithmetic/reading burden, without student evidence or an assumed direction.",35,35,35,6,NO_APPROVED_CONTROL,False
kategori-23-1-9,face,1,b03973c009cc79fb,1,402b1754c3ae63cb,EXHAUSTIVE,True,"[1, 2, 3, 4, 5, 6]",[],POTENTIAL_WORKLOAD,"Numeric stimulus/answer input with explicit dependencies; possible arithmetic/reading burden, without student evidence or an assumed direction.",35,35,35,0,NO_APPROVED_CONTROL,False
kategori-23-2-10,trials,1,550746852ba24013,1,622d8f3c10de228f,EXHAUSTIVE,True,"[60, 100, 200, 300, 400, 500]",[],POTENTIAL_WORKLOAD,"Numeric stimulus/answer input with explicit dependencies; possible arithmetic/reading burden, without student evidence or an assumed direction.",1558,1558,1558,618,NO_APPROVED_CONTROL,False
kategori-23-2-10,observed,1,550746852ba24013,1,622d8f3c10de228f,EXHAUSTIVE,True,"[0, 1, 2, 3, 4, 5, 6, 7, 8, 9, 10, 11, 12, 13, 14, 15, 16, 17, 18, 19, 20, 21, 22, 23, 24, 25, 26, 27, 28, 29, 30, 31, 32, 33, 34, 35, 36, 37, 38, 39, 40, 41, 42, 43, 44, 45, 46, 47, 48, 49, 50, 51, 52, 53, 54, 55, 56, 57, 58, 59, 60, 61, 62, 63, 64, 65, 66, 67, 68, 69, 70, 71, 72, 73, 74, 75, 76, 77, 78, 79, 80, 81, 82, 83, 84, 85, 86, 87, 88, 89, 90, 91, 92, 93, 94, 95, 96, 97, 98, 99, 100, 101, 102, 103, 104, 105, 106, 107, 108, 109, 110, 111, 112, 113, 114, 115, 116, 117, 118, 119, 120, 121, 122, 123, 124, 125, 126, 127, 128, 129, 130, 131, 132, 133, 134, 135, 136, 137, 138, 139, 140, 141, 142, 143, 144, 145, 146, 147, 148, 149, 150, 151, 152, 153, 154, 155, 156, 157, 158, 159, 160, 161, 162, 163, 164, 165, 166, 167, 168, 169, 170, 171, 172, 173, 174, 175, 176, 177, 178, 179, 180, 181, 182, 183, 184, 185, 186, 187, 188, 189, 190, 191, 192, 193, 194, 195, 196, 197, 198, 199, 200, 201, 202, 203, 204, 205, 206, 207, 208, 209, 210, 211, 212, 213, 214, 215, 216, 217, 218, 219, 220, 221, 222, 223, 224, 225, 226, 227, 228, 229, 230, 231, 232, 233, 234, 235, 236, 237, 238, 239, 240, 241, 242, 243, 244, 245, 246, 247, 248, 249, 250, 251, 252, 253, 254, 255, 256, 257, 258, 259, 260, 261, 262, 263, 264, 265, 266, 267, 268, 269, 270, 271, 272, 273, 274, 275, 276, 277, 278, 279, 280, 281, 282, 283, 284, 285, 286, 287, 288, 289, 290, 291, 292, 293, 294, 295, 296, 297, 298, 299, 300, 301, 302, 303, 304, 305, 306, 307, 308, 309, 310, 311, 312, 313, 314, 315, 316, 317, 318, 319, 320, 321, 322, 323, 324, 325, 326, 327, 328, 329, 330, 331, 332, 333, 334, 335, 336, 337, 338, 339, 340, 341, 342, 343, 344, 345, 346, 347, 348, 349, 350, 351, 352, 353, 354, 355, 356, 357, 358, 359, 360, 361, 362, 363, 364, 365, 366, 367, 368, 369, 370, 371, 372, 373, 374, 375, 376, 377, 378, 379, 380, 381, 382, 383, 384, 385, 386, 387, 388, 389, 390, 391, 392, 393, 394, 395, 396, 397, 398, 399, 400, 401, 402, 403, 404, 405, 406, 407, 408, 409, 410, 411, 412, 413, 414, 415, 416, 417, 418, 419, 420, 421, 422, 423, 424, 425, 426, 427, 428, 429, 430, 431, 432, 433, 434, 435, 436, 437, 438, 439, 440, 441, 442, 443, 444, 445, 446, 447, 448, 449, 450, 451, 452, 453, 454, 455, 456, 457, 458, 459, 460, 461, 462, 463, 464, 465, 466, 467, 468, 469, 470, 471, 472, 473, 474, 475, 476, 477, 478, 479, 480, 481, 482, 483, 484, 485, 486, 487, 488, 489, 490, 491, 492, 493, 494, 495, 496, 497, 498, 499, 500]",[],POTENTIAL_WORKLOAD,"Numeric stimulus/answer input with explicit dependencies; possible arithmetic/reading burden, without student evidence or an assumed direction.",1558,1558,1558,1552,NO_APPROVED_CONTROL,False
kategori-23-2-9,trials,1,fc027b4b4f40dd9a,1,13f12526fadf07bf,EXHAUSTIVE,True,"[100, 200, 300, 400, 500]",[],POTENTIAL_WORKLOAD,"Numeric stimulus/answer input with explicit dependencies; possible arithmetic/reading burden, without student evidence or an assumed direction.",495,495,495,31,NO_APPROVED_CONTROL,False
kategori-23-2-9,observed,1,fc027b4b4f40dd9a,1,13f12526fadf07bf,EXHAUSTIVE,True,"[0, 1, 2, 3, 4, 5, 6, 7, 8, 9, 10, 11, 12, 13, 14, 15, 16, 17, 18, 19, 20, 21, 22, 23, 24, 25, 26, 27, 28, 29, 30, 31, 32, 33, 34, 35, 36, 37, 38, 39, 40, 41, 42, 43, 44, 45, 46, 47, 48, 49, 50, 51, 52, 53, 54, 55, 56, 57, 58, 59, 60, 61, 62, 63, 64, 65, 66, 67, 68, 69, 70, 71, 72, 73, 74, 75, 76, 77, 78, 79, 80, 81, 82, 83, 84, 85, 86, 87, 88, 89, 90, 91, 92, 93, 94, 95, 96, 97, 98, 99, 100, 102, 104, 105, 106, 108, 110, 111, 112, 114, 115, 116, 117, 118, 120, 122, 123, 124, 125, 126, 128, 129, 130, 132, 134, 135, 136, 138, 140, 141, 142, 144, 145, 146, 147, 148, 150, 152, 153, 154, 155, 156, 158, 159, 160, 162, 164, 165, 166, 168, 170, 171, 172, 174, 175, 176, 177, 178, 180, 182, 183, 184, 185, 186, 188, 189, 190, 192, 194, 195, 196, 198, 200, 201, 204, 205, 207, 208, 210, 212, 213, 215, 216, 219, 220, 222, 224, 225, 228, 230, 231, 232, 234, 235, 236, 237, 240, 243, 244, 245, 246, 248, 249, 252, 255, 256, 258, 260, 261, 264, 265, 267, 268, 270, 272, 273, 275, 276, 279, 280, 282, 284, 285, 288, 290, 291, 292, 294, 295, 296, 297, 300, 304, 305, 308, 310, 312, 315, 316, 320, 324, 325, 328, 330, 332, 335, 336, 340, 344, 345, 348, 350, 352, 355, 356, 360, 364, 365, 368, 370, 372, 375, 376, 380, 384, 385, 388, 390, 392, 395, 396, 400, 405, 410, 415, 420, 425, 430, 435, 440, 445, 450, 455, 460, 465, 470, 475, 480, 485, 490, 495, 500]",[],POTENTIAL_WORKLOAD,"Numeric stimulus/answer input with explicit dependencies; possible arithmetic/reading burden, without student evidence or an assumed direction.",495,495,495,490,NO_APPROVED_CONTROL,False
kategori-23-3-10,red,1,4f06ba2686fa07d7,1,f3aa9dc8c1af3bee,EXHAUSTIVE,True,"[1, 2, 3, 4, 5, 6, 7, 8, 9, 10, 11, 12, 13, 14, 15, 16, 17, 18, 19, 20]",[],POTENTIAL_WORKLOAD,"Numeric stimulus/answer input with explicit dependencies; possible arithmetic/reading burden, without student evidence or an assumed direction.",40990,40990,40990,23430,NO_APPROVED_CONTROL,False
kategori-23-3-10,white,1,4f06ba2686fa07d7,1,f3aa9dc8c1af3bee,EXHAUSTIVE,True,"[1, 2, 3, 4, 5, 6, 7, 8, 9, 10, 11, 12, 13, 14, 15, 16, 17, 18, 19, 20]",[],POTENTIAL_WORKLOAD,"Numeric stimulus/answer input with explicit dependencies; possible arithmetic/reading burden, without student evidence or an assumed direction.",40990,40990,40990,23425,NO_APPROVED_CONTROL,False
kategori-23-3-10,trials,1,4f06ba2686fa07d7,1,f3aa9dc8c1af3bee,EXHAUSTIVE,True,"[100, 200, 300, 400, 500]",[],POTENTIAL_WORKLOAD,"Numeric stimulus/answer input with explicit dependencies; possible arithmetic/reading burden, without student evidence or an assumed direction.",40990,40990,40990,2875,NO_APPROVED_CONTROL,False
kategori-23-3-10,observed,1,4f06ba2686fa07d7,1,f3aa9dc8c1af3bee,EXHAUSTIVE,True,"[0, 1, 2, 3, 4, 5, 6, 7, 8, 9, 10, 11, 12, 13, 14, 15, 16, 17, 18, 19, 20, 21, 22, 23, 24, 25, 26, 27, 28, 29, 30, 31, 32, 33, 34, 35, 36, 37, 38, 39, 40, 41, 42, 43, 44, 45, 46, 47, 48, 49, 50, 51, 52, 53, 54, 55, 56, 57, 58, 59, 60, 61, 62, 63, 64, 65, 66, 67, 68, 69, 70, 71, 72, 73, 74, 75, 76, 77, 78, 79, 80, 81, 82, 83, 84, 85, 86, 87, 88, 89, 90, 91, 92, 93, 94, 95, 96, 97, 98, 99, 100, 102, 104, 105, 106, 108, 110, 111, 112, 114, 115, 116, 117, 118, 120, 122, 123, 124, 125, 126, 128, 129, 130, 132, 134, 135, 136, 138, 140, 141, 142, 144, 145, 146, 147, 148, 150, 152, 153, 154, 155, 156, 158, 159, 160, 162, 164, 165, 166, 168, 170, 171, 172, 174, 175, 176, 177, 178, 180, 182, 183, 184, 185, 186, 188, 189, 190, 192, 194, 195, 196, 198, 200, 201, 204, 205, 207, 208, 210, 212, 213, 215, 216, 219, 220, 222, 224, 225, 228, 230, 231, 232, 234, 235, 236, 237, 240, 243, 244, 245, 246, 248, 249, 250, 252, 255, 256, 258, 260, 261, 264, 265, 267, 268, 270, 272, 273, 275, 276, 279, 280, 282, 284, 285, 288, 290, 291, 292, 294, 295, 296, 297, 300, 304, 305, 308, 310, 312, 315, 316, 320, 324, 325, 328, 330, 332, 335, 336, 340, 344, 345, 348, 350, 352, 355, 356, 360, 364, 365, 368, 370, 372, 375, 376, 380, 384, 385, 388, 390, 392, 395, 396, 400, 405, 410, 415, 420, 425, 430, 435, 440, 445, 450, 455, 460, 465, 470, 475, 480, 485, 490, 495, 500]",[],POTENTIAL_WORKLOAD,"Numeric stimulus/answer input with explicit dependencies; possible arithmetic/reading burden, without student evidence or an assumed direction.",40990,40990,40990,40580,NO_APPROVED_CONTROL,False
kategori-23-3-9,trials,2,0c3ae15c182d1c9d,1,633015eed2837a5f,EXHAUSTIVE,True,"[100, 200, 300, 400, 500, 600, 700, 800, 900, 1000, 1100, 1200, 1300, 1400, 1500]",[],NUMERIC_CONTEXT,"Only stimulus/explanation depend on this input, not answer text or correctness; representation signals are separate from a change in the mathematical task.",720,720,720,553,NO_APPROVED_CONTROL,False
kategori-23-3-9,p,2,0c3ae15c182d1c9d,1,633015eed2837a5f,EXHAUSTIVE,True,"[1, 2, 3, 4, 5, 6, 7, 8, 9, 10, 11, 12, 13, 14, 15, 16, 17, 18, 19, 20, 21, 22, 23, 24, 25, 26, 27, 28, 29, 30, 31, 32, 33, 34, 35, 36, 37, 38, 39, 40, 41, 42, 43, 44, 45, 46, 47, 48]",[],POTENTIAL_WORKLOAD,"Numeric stimulus/answer input with explicit dependencies; possible arithmetic/reading burden, without student evidence or an assumed direction.",720,720,720,633,NO_APPROVED_CONTROL,False
kategori-3-1-10,k,1,f11817dd66e90f2d,1,edecd78e82958f4b,EXHAUSTIVE,True,"[1, 3, 4, 5, 6, 8, 9, 10, 11, 13, 14, 15, 16, 17, 19, 20, 21, 22, 23, 25, 26, 27, 28, 29, 30, 32, 33, 34, 35, 36, 37, 39, 40, 41, 42, 43, 44, 45, 47, 48, 49, 50, 51, 52, 53, 55, 56, 57, 58, 59, 60, 61, 62, 64, 65, 66, 67, 68, 69, 70, 73, 74, 75, 76, 77, 78, 79, 80]",[],POTENTIAL_WORKLOAD,"Numeric stimulus/answer input with explicit dependencies; possible arithmetic/reading burden, without student evidence or an assumed direction.",68,68,68,0,NO_APPROVED_CONTROL,False
kategori-3-1-9,k,1,99d8315dea19ca08,1,2674a03ee8720a94,EXHAUSTIVE,True,"[1, 2, 3, 4, 5, 6, 7, 8, 9, 10, 11, 12, 13, 14, 15, 16, 17, 18, 19, 20, 21, 22, 23, 24, 25, 26, 27, 28, 29, 30, 31, 32, 33, 34, 35, 36, 37, 38, 39, 40, 41, 42, 43, 44, 45, 46, 47, 48, 49, 50, 51, 52, 53, 54, 55, 56, 57, 58, 59, 60, 61, 62, 63, 64, 65, 66, 67, 68, 69, 70, 71, 72, 73, 74, 75, 76, 77, 78, 79, 80]",[],POTENTIAL_WORKLOAD,"Numeric stimulus/answer input with explicit dependencies; possible arithmetic/reading burden, without student evidence or an assumed direction.",80,80,80,76,NO_APPROVED_CONTROL,False
kategori-3-2-10,k,1,c2a76daab28d5fe6,1,12afe5838d65ab3b,EXHAUSTIVE,True,"[1, 2, 3, 4, 5, 6, 7, 8, 10, 11, 12, 13, 14, 15, 16, 17, 18, 19, 20, 21, 23, 24, 25, 26, 27, 28, 29, 30, 31, 32, 33, 34, 35, 36, 38, 39, 40, 41, 42, 43, 44, 45, 46, 47]",[],POTENTIAL_WORKLOAD,"Numeric stimulus/answer input with explicit dependencies; possible arithmetic/reading burden, without student evidence or an assumed direction.",44,44,44,0,NO_APPROVED_CONTROL,False
kategori-3-3-10,k,1,7f29e228a355e9ca,1,046be34f307ca9b2,EXHAUSTIVE,True,"[1, 2, 3, 4, 5, 7, 8, 9, 10, 11, 12, 13, 14, 15, 16, 18, 19, 20, 21, 22, 23, 24, 25, 26, 27, 28, 29, 31, 32, 33, 34, 35, 36, 37, 38, 39, 40, 41, 42, 43, 44, 46, 47, 48, 49, 50, 51, 52, 53, 54, 55, 56, 57, 58, 59, 60, 61, 63, 64, 65, 66, 67, 68, 69, 70, 71, 72, 73, 74, 75, 76, 77, 78, 79, 80]",[],POTENTIAL_WORKLOAD,"Numeric stimulus/answer input with explicit dependencies; possible arithmetic/reading burden, without student evidence or an assumed direction.",75,75,75,0,NO_APPROVED_CONTROL,False
kategori-3-3-9,k,1,2455dd4519ab6574,1,0da19a06246d78c3,EXHAUSTIVE,True,"[1, 2, 3, 4, 5, 6, 7, 8, 9, 10, 11, 12, 13, 14, 15, 16, 17, 18, 19, 20, 21, 22, 23, 24, 25, 26, 27, 28, 29, 30, 31, 32, 33, 34, 35, 36, 37, 38, 39, 40, 41, 42, 43, 44, 45, 46, 47, 48, 49, 50, 51, 52, 53, 54, 55, 56, 57, 58, 59, 60, 61, 62, 63, 64, 65, 66, 67, 68, 69, 70, 71, 72, 73, 74, 75, 76, 77, 78, 79, 80]",[],POTENTIAL_WORKLOAD,"Numeric stimulus/answer input with explicit dependencies; possible arithmetic/reading burden, without student evidence or an assumed direction.",80,80,80,79,NO_APPROVED_CONTROL,False
kategori-5-1-10,rate,1,e88bfdf00fd8fbf7,1,65d448ea4be29877,EXHAUSTIVE,True,"[4, 5, 6, 7, 8, 9, 10, 11, 12, 13, 14, 15, 16, 17, 18, 19, 20, 21, 22, 23, 24, 25]",[],POTENTIAL_WORKLOAD,"Numeric stimulus/answer input with explicit dependencies; possible arithmetic/reading burden, without student evidence or an assumed direction.",241,241,241,189,NO_APPROVED_CONTROL,False
kategori-5-1-10,time,1,e88bfdf00fd8fbf7,1,65d448ea4be29877,EXHAUSTIVE,True,"[4, 5, 6, 7, 8, 9, 10, 11, 12, 13, 14]",[],POTENTIAL_WORKLOAD,"Numeric stimulus/answer input with explicit dependencies; possible arithmetic/reading burden, without student evidence or an assumed direction.",241,241,241,157,NO_APPROVED_CONTROL,False
kategori-5-1-9,unit,1,1ed8ceaefe552455,1,a8645aa501bd3036,EXHAUSTIVE,True,"[10000, 10100, 10200, 10300, 10400, 10500, 10600, 10700, 10800, 10900, 11000, 11100, 11200, 11300, 11400, 11500, 11600, 11700, 11800, 11900, 12000, 12100, 12200, 12300, 12400, 12500, 12600, 12700, 12800, 12900, 13000, 13100, 13200, 13300, 13400, 13500, 13600, 13700, 13800, 13900, 14100, 14200, 14300, 14400, 14500, 14600, 14700, 14800, 14900, 15000, 15100, 15200, 15300, 15400, 15500, 15600, 15700, 15800, 15900, 16000, 16100, 16200, 16300, 16400, 16500, 16600, 16700, 16800, 16900, 17000, 17100, 17200, 17300, 17400, 17500, 17600, 17700, 17800, 17900, 18000]",[],POTENTIAL_WORKLOAD,"Numeric stimulus/answer input with explicit dependencies; possible arithmetic/reading burden, without student evidence or an assumed direction.",1600,1600,1600,0,NO_APPROVED_CONTROL,False
kategori-5-1-9,gap,1,1ed8ceaefe552455,1,a8645aa501bd3036,EXHAUSTIVE,True,"[100, 200, 300, 400, 500, 600, 700, 800, 900, 1000, 1100, 1200, 1300, 1400, 1500, 1600, 1700, 1800, 1900, 2000]",[],POTENTIAL_WORKLOAD,"Numeric stimulus/answer input with explicit dependencies; possible arithmetic/reading burden, without student evidence or an assumed direction.",1600,1600,1600,0,NO_APPROVED_CONTROL,False
kategori-5-2-10,rate,1,8e9487d1785db18c,1,4839ad4edd50771d,EXHAUSTIVE,True,"[4, 5, 6, 7, 8, 9, 10, 11, 12, 13, 14, 15, 16, 17, 18, 19, 20, 21, 22, 23, 24, 25]",[],POTENTIAL_WORKLOAD,"Numeric stimulus/answer input with explicit dependencies; possible arithmetic/reading burden, without student evidence or an assumed direction.",241,241,241,230,NO_APPROVED_CONTROL,False
kategori-5-2-10,time,1,8e9487d1785db18c,1,4839ad4edd50771d,EXHAUSTIVE,True,"[4, 5, 6, 7, 8, 9, 10, 11, 12, 13, 14]",[],POTENTIAL_WORKLOAD,"Numeric stimulus/answer input with explicit dependencies; possible arithmetic/reading burden, without student evidence or an assumed direction.",241,241,241,158,NO_APPROVED_CONTROL,False
kategori-5-2-9,unit,1,d6f88e7ddb963ca7,1,de840c38c4336837,EXHAUSTIVE,True,"[10000, 10100, 10200, 10300, 10400, 10500, 10600, 10700, 10800, 10900, 11000, 11100, 11200, 11300, 11400, 11500, 11600, 11700, 11800, 11900, 12000, 12100, 12200, 12300, 12400, 12500, 12600, 12700, 12800, 12900, 13000, 13100, 13200, 13300, 13400, 13500, 13600, 13700, 13800, 13900, 14100, 14200, 14300, 14400, 14500, 14600, 14700, 14800, 14900, 15000, 15100, 15200, 15300, 15400, 15500, 15600, 15700, 15800, 15900, 16000, 16100, 16200, 16300, 16400, 16500, 16600, 16700, 16800, 16900, 17000, 17100, 17200, 17300, 17400, 17500, 17600, 17700, 17800, 17900, 18000]",[],POTENTIAL_WORKLOAD,"Numeric stimulus/answer input with explicit dependencies; possible arithmetic/reading burden, without student evidence or an assumed direction.",1600,1600,1600,0,NO_APPROVED_CONTROL,False
kategori-5-2-9,gap,1,d6f88e7ddb963ca7,1,de840c38c4336837,EXHAUSTIVE,True,"[100, 200, 300, 400, 500, 600, 700, 800, 900, 1000, 1100, 1200, 1300, 1400, 1500, 1600, 1700, 1800, 1900, 2000]",[],NUMERIC_CONTEXT,"Only stimulus/explanation depend on this input, not answer text or correctness; representation signals are separate from a change in the mathematical task.",1600,1600,1600,0,NO_APPROVED_CONTROL,False
kategori-5-3-10,rate,1,0805f647a2ef2efe,1,8b6e6588ec0febc8,EXHAUSTIVE,True,"[4, 5, 6, 7, 8, 9, 10, 11, 12, 13, 14, 15, 16, 17, 18, 19, 20, 21, 22, 23, 24, 25]",[],POTENTIAL_WORKLOAD,"Numeric stimulus/answer input with explicit dependencies; possible arithmetic/reading burden, without student evidence or an assumed direction.",241,241,241,189,NO_APPROVED_CONTROL,False
kategori-5-3-10,time,1,0805f647a2ef2efe,1,8b6e6588ec0febc8,EXHAUSTIVE,True,"[4, 5, 6, 7, 8, 9, 10, 11, 12, 13, 14]",[],POTENTIAL_WORKLOAD,"Numeric stimulus/answer input with explicit dependencies; possible arithmetic/reading burden, without student evidence or an assumed direction.",241,241,241,157,NO_APPROVED_CONTROL,False
kategori-5-3-9,unit,1,9b75fe280a664f63,1,265f0af4c5f63992,EXHAUSTIVE,True,"[500, 600, 800, 900, 1000, 1100, 1200, 1300, 1400, 1500]",[],POTENTIAL_WORKLOAD,"Numeric stimulus/answer input with explicit dependencies; possible arithmetic/reading burden, without student evidence or an assumed direction.",60,60,60,36,NO_APPROVED_CONTROL,False
kategori-5-3-9,gap,1,9b75fe280a664f63,1,265f0af4c5f63992,EXHAUSTIVE,True,"[50, 100, 150, 200, 250, 300]",[],NUMERIC_CONTEXT,"Only stimulus/explanation depend on this input, not answer text or correctness; representation signals are separate from a change in the mathematical task.",60,60,60,0,NO_APPROVED_CONTROL,False
kategori-6-1-10,k,1,8af8611d65f88d9f,1,ebdca415dd4f34e0,EXHAUSTIVE,True,"[2, 3, 4, 5, 6, 7, 8, 9, 10, 11, 12, 13, 14, 15, 16, 17, 18, 19, 20, 21, 22, 23, 24, 25, 26, 27, 28, 29, 30, 31, 32, 33, 34, 35, 36, 37, 38, 39, 40]",[],POTENTIAL_WORKLOAD,"Numeric stimulus/answer input with explicit dependencies; possible arithmetic/reading burden, without student evidence or an assumed direction.",39,39,39,35,NO_APPROVED_CONTROL,False
kategori-6-1-9,k,1,506a207b970ca9b5,1,6b1de216e2f8b9ce,EXHAUSTIVE,True,"[2, 3, 4, 5, 6, 7, 8, 9, 10, 11, 12, 13, 14, 15, 16, 17, 18, 19, 20, 21, 22, 23, 24, 25, 26, 27, 28, 29, 30, 31, 32, 33, 34, 35, 36, 37, 38, 39, 40]",[],POTENTIAL_WORKLOAD,"Numeric stimulus/answer input with explicit dependencies; possible arithmetic/reading burden, without student evidence or an assumed direction.",39,39,39,38,NO_APPROVED_CONTROL,False
kategori-6-2-10,k,1,2d2c7c8c523bae63,1,b77feee21fae5ab9,EXHAUSTIVE,True,"[2, 3, 4, 5, 6, 7, 8, 9, 10, 11, 12, 13, 14, 15, 16, 17, 18, 19, 20, 21, 22, 23, 24, 25, 26, 27, 28, 29, 30, 31, 32, 33, 34, 35, 36, 37, 38, 39, 40]",[],POTENTIAL_WORKLOAD,"Numeric stimulus/answer input with explicit dependencies; possible arithmetic/reading burden, without student evidence or an assumed direction.",39,39,39,38,NO_APPROVED_CONTROL,False
kategori-6-2-9,k,1,c65c362f9a4e6fed,1,4b30ef4215a056eb,EXHAUSTIVE,True,"[2, 3, 4, 5, 6, 7, 8, 9, 10, 11, 12, 13, 14, 15, 16, 17, 18, 19, 20, 21, 22, 23, 24, 25, 26, 27, 28, 29, 30, 31, 32, 33, 34, 35, 36, 37, 38, 39, 40]",[],POTENTIAL_WORKLOAD,"Numeric stimulus/answer input with explicit dependencies; possible arithmetic/reading burden, without student evidence or an assumed direction.",39,39,39,37,NO_APPROVED_CONTROL,False
kategori-6-3-10,k,1,3a88b71fbd2d28c6,1,f0bb65da6b823d90,EXHAUSTIVE,True,"[2, 3, 4, 5, 6, 7, 8, 9, 10, 11, 12, 13, 14, 15, 16, 17, 18, 19, 20, 21, 22, 23, 24, 25, 26, 27, 28, 29, 30, 31, 32, 33, 34, 35, 36, 37, 38, 39, 40]",[],POTENTIAL_WORKLOAD,"Numeric stimulus/answer input with explicit dependencies; possible arithmetic/reading burden, without student evidence or an assumed direction.",39,39,39,34,NO_APPROVED_CONTROL,False
kategori-7-1-9,k,1,891bef8e070b903a,1,f2d8337ef628e4dd,EXHAUSTIVE,True,"[2, 3, 4, 5, 6, 7, 8, 9, 10, 11, 12, 13, 14, 15, 16, 17, 18, 19, 20, 21, 22, 23, 24, 25, 26, 27, 28, 29, 30, 31, 32, 33, 34, 35, 36, 37, 38, 39, 40]",[],POTENTIAL_WORKLOAD,"Numeric stimulus/answer input with explicit dependencies; possible arithmetic/reading burden, without student evidence or an assumed direction.",39,39,39,37,NO_APPROVED_CONTROL,False
kategori-7-2-9,k,1,ff83b8015e6096b7,1,fe50884082871285,EXHAUSTIVE,True,"[2, 3, 4, 5, 6, 7, 8, 9, 10, 11, 12, 13, 14, 15, 16, 17, 18, 19, 20, 21, 22, 23, 24, 25, 26, 27, 28, 29, 30, 31, 32, 33, 34, 35, 36, 37, 38, 39, 40]",[],POTENTIAL_WORKLOAD,"Numeric stimulus/answer input with explicit dependencies; possible arithmetic/reading burden, without student evidence or an assumed direction.",39,39,39,36,NO_APPROVED_CONTROL,False
kategori-7-3-10,k,1,b4309f58407c113d,1,4a046d2247af362c,EXHAUSTIVE,True,"[2, 3, 4, 5, 6, 7, 8, 9, 10, 11, 12, 13, 14, 15, 16, 17, 18, 19, 20, 21, 22, 23, 24, 25, 26, 27, 28, 29, 30, 31, 32, 33, 34, 35, 36, 37, 38, 39, 40]",[],POTENTIAL_WORKLOAD,"Numeric stimulus/answer input with explicit dependencies; possible arithmetic/reading burden, without student evidence or an assumed direction.",39,39,39,37,NO_APPROVED_CONTROL,False
kategori-7-3-9,k,1,da852380e07de3b1,1,f8c8cfa287b1abe2,EXHAUSTIVE,True,"[2, 3, 4, 5, 6, 7, 8, 9, 10, 11, 12, 13, 14, 15, 16, 17, 18, 19, 20, 21, 22, 23, 24, 25, 26, 27, 28, 29, 30, 31, 32, 33, 34, 35, 36, 37, 38, 39, 40]",[],POTENTIAL_WORKLOAD,"Numeric stimulus/answer input with explicit dependencies; possible arithmetic/reading burden, without student evidence or an assumed direction.",39,39,39,36,NO_APPROVED_CONTROL,False
kategori-8-1-10,k,1,df5e8a16a71d517d,1,481677da1ec9ff71,EXHAUSTIVE,True,"[2, 3, 4, 5, 6, 7, 8, 9, 10, 11, 12, 13, 14, 15, 16, 17, 18, 19, 20, 21, 22, 23, 24, 25, 26, 27, 28, 29, 30, 31, 32, 33, 34, 35, 36, 37, 38, 39, 40]",[],POTENTIAL_WORKLOAD,"Numeric stimulus/answer input with explicit dependencies; possible arithmetic/reading burden, without student evidence or an assumed direction.",39,39,39,36,NO_APPROVED_CONTROL,False
kategori-8-1-9,k,1,11833951c6688c5d,1,27f070564b913b59,EXHAUSTIVE,True,"[2, 3, 4, 5, 6, 7, 8, 9, 10, 11, 12, 13, 14, 15, 16, 17, 18, 19, 20, 21, 22, 23, 24, 25, 26, 27, 28, 29, 30, 31, 32, 33, 34, 35, 36, 37, 38, 39, 40]",[],POTENTIAL_WORKLOAD,"Numeric stimulus/answer input with explicit dependencies; possible arithmetic/reading burden, without student evidence or an assumed direction.",39,39,39,38,NO_APPROVED_CONTROL,False
kategori-8-2-10,k,1,af847f003d0183db,1,ad0ee6c642fe8524,EXHAUSTIVE,True,"[2, 3, 4, 5, 6, 7, 8, 9, 10, 11, 12, 13, 14, 15, 16, 17, 18, 19, 20, 21, 22, 23, 24, 25, 26, 27, 28, 29, 30, 31, 32, 33, 34, 35, 36, 37, 38, 39, 40]",[],POTENTIAL_WORKLOAD,"Numeric stimulus/answer input with explicit dependencies; possible arithmetic/reading burden, without student evidence or an assumed direction.",39,39,39,38,NO_APPROVED_CONTROL,False
kategori-8-2-9,k,1,13d11ebad71bc7f1,1,173eff57b5677e01,EXHAUSTIVE,True,"[2, 3, 4, 5, 6, 7, 8, 9, 10, 11, 12, 13, 14, 15, 16, 17, 18, 19, 20, 21, 22, 23, 24, 25, 26, 27, 28, 29, 30, 31, 32, 33, 34, 35, 36, 37, 38, 39, 40]",[],POTENTIAL_WORKLOAD,"Numeric stimulus/answer input with explicit dependencies; possible arithmetic/reading burden, without student evidence or an assumed direction.",39,39,39,36,NO_APPROVED_CONTROL,False
kategori-8-3-10,k,1,62fb59974b3e04f6,1,efa60adcbbf20ae7,EXHAUSTIVE,True,"[2, 3, 4, 5, 6, 7, 8, 9, 10, 11, 12, 13, 14, 15, 16, 17, 18, 19, 20, 21, 22, 23, 24, 25, 26, 27, 28, 29, 30, 31, 32, 33, 34, 35, 36, 37, 38, 39, 40]",[],POTENTIAL_WORKLOAD,"Numeric stimulus/answer input with explicit dependencies; possible arithmetic/reading burden, without student evidence or an assumed direction.",39,39,39,35,NO_APPROVED_CONTROL,False
kategori-8-3-9,k,1,4d36132c5a379035,1,e45ab6eb46d42ca2,EXHAUSTIVE,True,"[2, 3, 4, 5, 6, 7, 8, 9, 10, 11, 12, 13, 14, 15, 16, 17, 18, 19, 20, 21, 22, 23, 24, 25, 26, 27, 28, 29, 30, 31, 32, 33, 34, 35, 36, 37, 38, 39, 40]",[],POTENTIAL_WORKLOAD,"Numeric stimulus/answer input with explicit dependencies; possible arithmetic/reading burden, without student evidence or an assumed direction.",39,39,39,38,NO_APPROVED_CONTROL,False
kategori-9-1-9,k,1,f518bec74c4b45a9,1,fb72b61f924ddc02,EXHAUSTIVE,True,"[2, 3, 4, 5, 6, 7, 8, 9, 10, 11, 12, 13, 14, 15, 16, 17, 18, 19, 20, 21, 22, 23, 24, 25, 26, 27, 28, 29, 30, 31, 32, 33, 34, 35, 36, 37, 38, 39, 40]",[],POTENTIAL_WORKLOAD,"Numeric stimulus/answer input with explicit dependencies; possible arithmetic/reading burden, without student evidence or an assumed direction.",39,39,39,37,NO_APPROVED_CONTROL,False
kategori-9-2-10,k,1,aec998f886787179,1,7bb519cb7c52ac15,EXHAUSTIVE,True,"[2, 3, 4, 5, 6, 7, 8, 9, 10, 11, 12, 13, 14, 15, 16, 17, 18, 19, 20, 21, 22, 23, 24, 25, 26, 27, 28, 29, 30, 31, 32, 33, 34, 35, 36, 37, 38, 39, 40]",[],POTENTIAL_WORKLOAD,"Numeric stimulus/answer input with explicit dependencies; possible arithmetic/reading burden, without student evidence or an assumed direction.",39,39,39,38,NO_APPROVED_CONTROL,False
kategori-9-2-9,k,1,9d27c6fe5d4b3429,1,76f23e9dd79963b4,EXHAUSTIVE,True,"[2, 3, 4, 5, 6, 7, 8, 9, 10, 11, 12, 13, 14, 15, 16, 17, 18, 19, 20, 21, 22, 23, 24, 25, 26, 27, 28, 29, 30, 31, 32, 33, 34, 35, 36, 37, 38, 39, 40]",[],POTENTIAL_WORKLOAD,"Numeric stimulus/answer input with explicit dependencies; possible arithmetic/reading burden, without student evidence or an assumed direction.",39,39,39,35,NO_APPROVED_CONTROL,False
kategori-9-3-10,k,1,778e56b8bd2f1408,1,3422c937f9804096,EXHAUSTIVE,True,"[2, 3, 4, 5, 6, 7, 8, 9, 10, 11, 12, 13, 14, 15, 16, 17, 18, 19, 20, 21, 22, 23, 24, 25, 26, 27, 28, 29, 30, 31, 32, 33, 34, 35, 36, 37, 38, 39, 40]",[],POTENTIAL_WORKLOAD,"Numeric stimulus/answer input with explicit dependencies; possible arithmetic/reading burden, without student evidence or an assumed direction.",39,39,39,38,NO_APPROVED_CONTROL,False
kategori-9-3-9,k,1,056eb40ff1750c37,1,e957688ad7b3986d,EXHAUSTIVE,True,"[2, 3, 4, 5, 6, 7, 8, 9, 10, 11, 12, 13, 14, 15, 16, 17, 18, 19, 20, 21, 22, 23, 24, 25, 26, 27, 28, 29, 30, 31, 32, 33, 34, 35, 36, 37, 38, 39, 40]",[],POTENTIAL_WORKLOAD,"Numeric stimulus/answer input with explicit dependencies; possible arithmetic/reading burden, without student evidence or an assumed direction.",39,39,39,38,NO_APPROVED_CONTROL,False
mcma-1-1-6,k,1,8f532a9a7644869d,1,14216b102444aae3,EXHAUSTIVE,True,"[2, 3, 4, 5, 6, 7, 8, 9, 10, 11, 12, 13, 14, 15, 16, 17, 18, 19, 20, 21, 22, 23, 24, 25, 26, 27, 28, 29, 30]",[],POTENTIAL_WORKLOAD,"Numeric stimulus/answer input with explicit dependencies; possible arithmetic/reading burden, without student evidence or an assumed direction.",29,29,29,27,NO_APPROVED_CONTROL,False
mcma-1-1-7,k,1,48439c8b0fc6b3e8,1,a1d4f4b50be36eee,EXHAUSTIVE,True,"[2, 3, 4, 5, 6, 7, 8, 9, 10, 11, 12, 13, 14, 15, 16, 17, 18, 19, 20, 21]",[],POTENTIAL_WORKLOAD,"Numeric stimulus/answer input with explicit dependencies; possible arithmetic/reading burden, without student evidence or an assumed direction.",20,20,20,19,NO_APPROVED_CONTROL,False
mcma-1-2-7,k,1,de293b41b7dcef25,1,00d7b99a227e0979,EXHAUSTIVE,True,"[2, 3, 4, 5, 6, 7, 8, 9, 10, 11, 12, 13, 14, 15, 16, 17, 18, 19, 20, 21, 22, 23, 24, 25, 26, 27, 28, 29, 30]",[],POTENTIAL_WORKLOAD,"Numeric stimulus/answer input with explicit dependencies; possible arithmetic/reading burden, without student evidence or an assumed direction.",29,29,29,28,NO_APPROVED_CONTROL,False
mcma-1-2-8,k,1,dcabe9c220910166,1,6377600495b9d955,EXHAUSTIVE,True,"[2, 3, 4, 5, 6, 7, 8, 9, 10, 11, 12, 13, 14, 15, 16, 17, 18, 19, 20, 21, 22, 23, 24, 25, 26, 27, 28, 29, 30]",[],POTENTIAL_WORKLOAD,"Numeric stimulus/answer input with explicit dependencies; possible arithmetic/reading burden, without student evidence or an assumed direction.",29,29,29,28,NO_APPROVED_CONTROL,False
mcma-1-3-7,k,1,7ada0b630daf27f8,1,6c35efd2904cead7,EXHAUSTIVE,True,"[2, 3, 4, 5, 6, 7, 8, 9, 10, 11, 12, 13, 14, 15, 16, 17, 18, 19, 20, 21, 22, 23, 24, 25, 26, 27, 28, 29, 30]",[],POTENTIAL_WORKLOAD,"Numeric stimulus/answer input with explicit dependencies; possible arithmetic/reading burden, without student evidence or an assumed direction.",29,29,29,28,NO_APPROVED_CONTROL,False
mcma-1-3-8,k,1,678e3152b075a0f7,1,29ecfb7817790f7b,EXHAUSTIVE,True,"[2, 3, 4, 5, 6, 7, 8, 9, 10, 11, 12, 13, 14, 15, 16, 17, 18, 19, 20, 21, 22, 23, 24, 25, 26, 27, 28, 29, 30]",[],POTENTIAL_WORKLOAD,"Numeric stimulus/answer input with explicit dependencies; possible arithmetic/reading burden, without student evidence or an assumed direction.",29,29,29,28,NO_APPROVED_CONTROL,False
mcma-10-1-6,k,1,30938dfc692fd700,1,c36a0c1ece1688a5,EXHAUSTIVE,True,"[2, 3, 4, 5, 6, 7, 8, 9, 10, 11, 12, 13, 14, 15, 16, 17, 18, 19, 20, 21, 22, 23, 24, 25, 26, 27, 28, 29, 30, 31, 32, 33, 34, 35, 36, 37, 38, 39, 40]",[],POTENTIAL_WORKLOAD,"Numeric stimulus/answer input with explicit dependencies; possible arithmetic/reading burden, without student evidence or an assumed direction.",39,39,39,38,NO_APPROVED_CONTROL,False
mcma-10-1-7,k,1,29b8c4ba9af7e128,1,dc981ace9437b4f3,EXHAUSTIVE,True,"[2, 3, 4, 5, 6, 7, 8, 9, 10, 11, 12, 13, 14, 15, 16, 17, 18, 19, 20, 21, 22, 23, 24, 25, 26, 27, 28, 29, 30, 31, 32, 33, 34, 35, 36, 37, 38, 39, 40]",[],POTENTIAL_WORKLOAD,"Numeric stimulus/answer input with explicit dependencies; possible arithmetic/reading burden, without student evidence or an assumed direction.",39,39,39,38,NO_APPROVED_CONTROL,False
mcma-10-1-8,k,1,c8544b098887a686,1,720c5670570b3388,EXHAUSTIVE,True,"[2, 3, 4, 5, 6, 7, 8, 9, 10, 11, 12, 13, 14, 15, 16, 17, 18, 19, 20, 21, 22, 23, 24, 25, 26, 27, 28, 29, 30, 31, 32, 33, 34, 35, 36, 37, 38, 39, 40]",[],POTENTIAL_WORKLOAD,"Numeric stimulus/answer input with explicit dependencies; possible arithmetic/reading burden, without student evidence or an assumed direction.",39,39,39,38,NO_APPROVED_CONTROL,False
mcma-10-2-6,k,1,1d9b6f41241904c3,1,2ea9fd1474fd572e,EXHAUSTIVE,True,"[2, 3, 4, 5, 6, 7, 8, 9, 10, 11, 12, 13, 14, 15, 16, 17, 18, 19, 20, 21, 22, 23, 24, 25, 26, 27, 28, 29, 30, 31, 32, 33, 34, 35, 36, 37, 38, 39, 40]",[],POTENTIAL_WORKLOAD,"Numeric stimulus/answer input with explicit dependencies; possible arithmetic/reading burden, without student evidence or an assumed direction.",39,39,39,38,NO_APPROVED_CONTROL,False
mcma-10-2-7,k,1,1dcc64e6bf7364c6,1,14717e7d9856cf14,EXHAUSTIVE,True,"[2, 3, 4, 5, 6, 7, 8, 9, 10, 11, 12, 13, 14, 15, 16, 17, 18, 19, 20, 21, 22, 23, 24, 25, 26, 27, 28, 29, 30, 31, 32, 33, 34, 35, 36, 37, 38, 39, 40]",[],POTENTIAL_WORKLOAD,"Numeric stimulus/answer input with explicit dependencies; possible arithmetic/reading burden, without student evidence or an assumed direction.",39,39,39,33,NO_APPROVED_CONTROL,False
mcma-10-2-8,k,1,a710d500c048677a,1,6822379362e32298,EXHAUSTIVE,True,"[2, 3, 4, 5, 6, 7, 8, 9, 10, 11, 12, 13, 14, 15, 16, 17, 18, 19, 20, 21, 22, 23, 24, 25, 26, 27, 28, 29, 30, 31, 32, 33, 34, 35, 36, 37, 38, 39, 40]",[],POTENTIAL_WORKLOAD,"Numeric stimulus/answer input with explicit dependencies; possible arithmetic/reading burden, without student evidence or an assumed direction.",39,39,39,37,NO_APPROVED_CONTROL,False
mcma-10-3-6,k,1,8533486ee80735e7,1,bc7adfe5edb1aaa4,EXHAUSTIVE,True,"[2, 3, 4, 5, 6, 7, 8, 9, 10, 11, 12, 13, 14, 15, 16, 17, 18, 19, 20, 21, 22, 23, 24, 25, 26, 27, 28, 29, 30, 31, 32, 33, 34, 35, 36, 37, 38, 39, 40]",[],POTENTIAL_WORKLOAD,"Numeric stimulus/answer input with explicit dependencies; possible arithmetic/reading burden, without student evidence or an assumed direction.",39,39,39,38,NO_APPROVED_CONTROL,False
mcma-10-3-7,k,1,47f0e75798f036be,1,252edc604be91979,EXHAUSTIVE,True,"[2, 3, 4, 5, 6, 7, 8, 9, 10, 11, 12, 13, 14, 15, 16, 17, 18, 19, 20, 21, 22, 23, 24, 25, 26, 27, 28, 29, 30, 31, 32, 33, 34, 35, 36, 37, 38, 39, 40]",[],POTENTIAL_WORKLOAD,"Numeric stimulus/answer input with explicit dependencies; possible arithmetic/reading burden, without student evidence or an assumed direction.",39,39,39,38,NO_APPROVED_CONTROL,False
mcma-10-3-8,k,1,ab693ecc86c03e27,1,6a1afbfd9e2313d0,EXHAUSTIVE,True,"[2, 3, 4, 5, 6, 7, 8, 9, 10, 11, 12, 13, 14, 15, 16, 17, 18, 19, 20, 21, 22, 23, 24, 25, 26, 27, 28, 29, 30, 31, 32, 33, 34, 35, 36, 37, 38, 39, 40]",[],POTENTIAL_WORKLOAD,"Numeric stimulus/answer input with explicit dependencies; possible arithmetic/reading burden, without student evidence or an assumed direction.",39,39,39,38,NO_APPROVED_CONTROL,False
mcma-11-1-6,k,1,97e9844db60e9683,1,0efc6ce039be82ca,EXHAUSTIVE,True,"[2, 3, 4, 5, 6, 7, 8, 9, 10, 11, 12, 13, 14, 15, 16, 17, 18, 19, 20, 21, 22, 23, 24, 25, 26, 27, 28, 29, 30, 31, 32, 33, 34, 35, 36, 37, 38, 39, 40, 41]",[],POTENTIAL_WORKLOAD,"Numeric stimulus/answer input with explicit dependencies; possible arithmetic/reading burden, without student evidence or an assumed direction.",40,40,40,39,NO_APPROVED_CONTROL,False
mcma-11-1-7,positive,2,57c838848831acc8,1,4eff58852abd8a5e,EXHAUSTIVE,True,"[2, 3, 4, 5]",[],POTENTIAL_WORKLOAD,"Numeric stimulus/answer input with explicit dependencies; possible arithmetic/reading burden, without student evidence or an assumed direction.",43,43,43,18,NO_APPROVED_CONTROL,False
mcma-11-1-7,negative,2,57c838848831acc8,1,4eff58852abd8a5e,EXHAUSTIVE,True,"[3, 4, 5, 6]",[],POTENTIAL_WORKLOAD,"Numeric stimulus/answer input with explicit dependencies; possible arithmetic/reading burden, without student evidence or an assumed direction.",43,43,43,5,NO_APPROVED_CONTROL,False
mcma-11-1-7,constant,2,57c838848831acc8,1,4eff58852abd8a5e,EXHAUSTIVE,True,"[2, 3, 4, 5, 6, 7]",[],POTENTIAL_WORKLOAD,"Numeric stimulus/answer input with explicit dependencies; possible arithmetic/reading burden, without student evidence or an assumed direction.",43,43,43,3,NO_APPROVED_CONTROL,False
mcma-11-2-7,k,1,7fe5c69481164ba4,1,2be830ce935bd8e5,EXHAUSTIVE,True,"[2, 3, 4, 5, 6, 7, 8, 9, 10, 11, 12, 13, 14, 15, 16, 17, 18, 19, 20, 21, 22, 23, 24, 25, 26, 27, 28, 29, 30, 31, 32, 33, 34, 35, 36, 37, 38, 39, 40, 41]",[],POTENTIAL_WORKLOAD,"Numeric stimulus/answer input with explicit dependencies; possible arithmetic/reading burden, without student evidence or an assumed direction.",40,40,40,39,NO_APPROVED_CONTROL,False
mcma-11-2-8,k,1,d254463217c72940,1,f60b8b0506729625,EXHAUSTIVE,True,"[2, 3, 4, 5, 6, 7, 8, 9, 10, 11, 12, 13, 14, 15, 16, 17, 18, 19, 20, 21, 22, 23, 24, 25, 26, 27, 28, 29, 30, 31, 32, 33, 34, 35, 36, 37, 38, 39, 40, 41]",[],POTENTIAL_WORKLOAD,"Numeric stimulus/answer input with explicit dependencies; possible arithmetic/reading burden, without student evidence or an assumed direction.",40,40,40,38,NO_APPROVED_CONTROL,False
mcma-11-3-6,k,1,80a8d29b8898ef8b,1,3e6673ad0f04ec34,EXHAUSTIVE,True,"[2, 3, 4, 5, 6, 7, 8, 9, 10, 11, 12, 13, 14, 15, 16, 17, 18, 19, 20, 21, 22, 23, 24, 25, 26, 27, 28, 29, 30, 31, 32, 33, 34, 35, 36, 37, 38, 39, 40, 41]",[],POTENTIAL_WORKLOAD,"Numeric stimulus/answer input with explicit dependencies; possible arithmetic/reading burden, without student evidence or an assumed direction.",40,40,40,38,NO_APPROVED_CONTROL,False
mcma-11-3-7,k,1,8c3bcd208ca9286a,1,d296e173a389170e,EXHAUSTIVE,True,"[2, 3, 4, 5, 6, 7, 8, 9, 10, 11, 12, 13, 14, 15, 16, 17, 18, 19, 20, 21, 22, 23, 24, 25, 26, 27, 28, 29, 30, 31, 32, 33, 34, 35, 36, 37, 38, 39, 40, 41]",[],POTENTIAL_WORKLOAD,"Numeric stimulus/answer input with explicit dependencies; possible arithmetic/reading burden, without student evidence or an assumed direction.",40,40,40,37,NO_APPROVED_CONTROL,False
mcma-11-3-8,k,1,15b7b2e9f21f27f9,1,aefc5a247c70df92,EXHAUSTIVE,True,"[2, 3, 4, 5, 6, 7, 8, 9, 10, 11, 12, 13, 14, 15, 16, 17, 18, 19, 20, 21, 22, 23, 24, 25, 26, 27, 28, 29, 30, 31, 32, 33, 34, 35, 36, 37, 38, 39, 40, 41]",[],POTENTIAL_WORKLOAD,"Numeric stimulus/answer input with explicit dependencies; possible arithmetic/reading burden, without student evidence or an assumed direction.",40,40,40,39,NO_APPROVED_CONTROL,False
mcma-11-4-6,k,1,abb2600e10bb4d49,1,10b7a82df75e9059,EXHAUSTIVE,True,"[2, 3, 4, 5, 6, 7, 8, 9, 10, 11, 12, 13, 14, 15, 16, 17, 18, 19, 20, 21, 22, 23, 24, 25, 26, 27, 28, 29, 30, 31, 32, 33, 34, 35, 36, 37, 38, 39, 40, 41]",[],POTENTIAL_WORKLOAD,"Numeric stimulus/answer input with explicit dependencies; possible arithmetic/reading burden, without student evidence or an assumed direction.",40,40,40,39,NO_APPROVED_CONTROL,False
mcma-11-4-7,k,1,cd90a23556ae23c1,1,6c61cb1b2bb49fe2,EXHAUSTIVE,True,"[2, 3, 4, 5, 6, 7, 8, 9, 10, 11, 12, 13, 14, 15, 16, 17, 18, 19, 20, 21, 22, 23, 24, 25, 26, 27, 28, 29, 30, 31, 32, 33, 34, 35, 36, 37, 38, 39, 40, 41]",[],POTENTIAL_WORKLOAD,"Numeric stimulus/answer input with explicit dependencies; possible arithmetic/reading burden, without student evidence or an assumed direction.",40,40,40,38,NO_APPROVED_CONTROL,False
mcma-11-4-8,k,1,e013592a155f331e,1,3c1c6cc69abb0e97,EXHAUSTIVE,True,"[2, 3, 4, 5, 6, 7, 8, 9, 10, 11, 12, 13, 14, 15, 16, 17, 18, 19, 20, 21, 22, 23, 24, 25, 26, 27, 28, 29, 30, 31, 32, 33, 34, 35, 36, 37, 38, 39, 40, 41]",[],POTENTIAL_WORKLOAD,"Numeric stimulus/answer input with explicit dependencies; possible arithmetic/reading burden, without student evidence or an assumed direction.",40,40,40,39,NO_APPROVED_CONTROL,False
mcma-11-5-7,p,1,99318ecfd05aa2a2,1,b7d28ca4a6b5bc42,EXHAUSTIVE,True,"[2, 4, 5, 6, 7, 8, 9, 10, 11, 12, 13, 14, 15, 16, 17, 18, 19, 20]",[],POTENTIAL_WORKLOAD,"Numeric stimulus/answer input with explicit dependencies; possible arithmetic/reading burden, without student evidence or an assumed direction.",18,18,18,17,NO_APPROVED_CONTROL,False
mcma-11-5-8,k,1,f1464e07564a9562,1,eb18453a308629c1,EXHAUSTIVE,True,"[2, 3, 4, 5, 6, 7, 8, 9, 10, 11, 12, 13, 14, 15, 16, 17, 18, 19, 20, 21, 22, 23, 24, 25, 26, 27, 28, 29, 30, 31, 32, 33, 34, 35, 36, 37, 38, 39, 40, 41]",[],POTENTIAL_WORKLOAD,"Numeric stimulus/answer input with explicit dependencies; possible arithmetic/reading burden, without student evidence or an assumed direction.",40,40,40,32,NO_APPROVED_CONTROL,False
mcma-12-1-6,k,1,a6dacd75d26873ec,1,1f18e0033a213a98,EXHAUSTIVE,True,"[2, 3, 4, 5, 6, 7, 8, 9, 10, 11, 12, 13, 14, 15, 16, 17, 18, 19, 20, 21, 22, 23, 24, 25, 26, 27, 28, 29, 30, 31, 32, 33, 34, 35, 36, 37, 38, 39, 40, 41]",[],POTENTIAL_WORKLOAD,"Numeric stimulus/answer input with explicit dependencies; possible arithmetic/reading burden, without student evidence or an assumed direction.",40,40,40,38,NO_APPROVED_CONTROL,False
mcma-12-1-7,k,1,d910eedb8681a1d8,1,0af7a290f517cc6e,EXHAUSTIVE,True,"[2, 3, 4, 5, 6, 7, 8, 9, 10, 11, 12, 13, 14, 15, 16, 17, 18, 19, 20, 21, 22, 23, 24, 25, 26, 27, 28, 29, 30, 31, 32, 33, 34, 35, 36, 37, 38, 39, 40, 41]",[],POTENTIAL_WORKLOAD,"Numeric stimulus/answer input with explicit dependencies; possible arithmetic/reading burden, without student evidence or an assumed direction.",40,40,40,39,NO_APPROVED_CONTROL,False
mcma-12-1-8,k,1,61d9aebe8a389fc8,1,f20d91f4b0722fc8,EXHAUSTIVE,True,"[2, 3, 4, 5, 6, 7, 8, 9, 10, 11, 12, 13, 14, 15, 16, 17, 18, 19, 20, 21, 22, 23, 24, 25, 26, 27, 28, 29, 30, 31, 32, 33, 34, 35, 36, 37, 38, 39, 40, 41]",[],POTENTIAL_WORKLOAD,"Numeric stimulus/answer input with explicit dependencies; possible arithmetic/reading burden, without student evidence or an assumed direction.",40,40,40,39,NO_APPROVED_CONTROL,False
mcma-12-2-6,k,1,0e3dff0ea02d9a59,1,10b9f1aaebdc6adb,EXHAUSTIVE,True,"[2, 3, 4, 5, 6, 7, 8, 9, 10, 11, 12, 13, 14, 15, 16, 17, 18, 19, 20, 21, 22, 23, 24, 25, 26, 27, 28, 29, 30, 31, 32, 33, 34, 35, 36, 37, 38, 39, 40, 41]",[],POTENTIAL_WORKLOAD,"Numeric stimulus/answer input with explicit dependencies; possible arithmetic/reading burden, without student evidence or an assumed direction.",40,40,40,39,NO_APPROVED_CONTROL,False
mcma-12-2-7,k,1,176d2b5c480c173d,1,5b9316d9e58ab48c,EXHAUSTIVE,True,"[2, 3, 4, 5, 6, 7, 8, 9, 10, 11, 12, 13, 14, 15, 16, 17, 18, 19, 20, 21, 22, 23, 24, 25, 26, 27, 28, 29, 30, 31, 32, 33, 34, 35, 36, 37, 38, 39, 40, 41]",[],POTENTIAL_WORKLOAD,"Numeric stimulus/answer input with explicit dependencies; possible arithmetic/reading burden, without student evidence or an assumed direction.",40,40,40,39,NO_APPROVED_CONTROL,False
mcma-12-2-8,k,1,f002d0965661d371,1,3a8077cd156782bd,EXHAUSTIVE,True,"[2, 3, 4, 5, 6, 7, 8, 9, 10, 11, 12, 13, 14, 15, 16, 17, 18, 19, 20, 21, 22, 23, 24, 25, 26, 27, 28, 29, 30, 31, 32, 33, 34, 35, 36, 37, 38, 39, 40, 41]",[],POTENTIAL_WORKLOAD,"Numeric stimulus/answer input with explicit dependencies; possible arithmetic/reading burden, without student evidence or an assumed direction.",40,40,40,22,NO_APPROVED_CONTROL,False
mcma-12-3-6,k,1,db8990bfc904f4ef,1,88e2ef6a92ab7fd6,EXHAUSTIVE,True,"[2, 3, 4, 5, 6, 7, 8, 9, 10, 11, 12, 13, 14, 15, 16, 17, 18, 19, 20, 21, 22, 23, 24, 25, 26, 27, 28, 29, 30, 31, 32, 33, 34, 35, 36, 37, 38, 39, 40, 41]",[],POTENTIAL_WORKLOAD,"Numeric stimulus/answer input with explicit dependencies; possible arithmetic/reading burden, without student evidence or an assumed direction.",40,40,40,39,NO_APPROVED_CONTROL,False
mcma-12-3-7,k,1,1fe019e7fd5099de,1,e5ff8b0cc3101dff,EXHAUSTIVE,True,"[2, 3, 4, 5, 6, 7, 8, 9, 10, 11, 12, 13, 14, 15, 16, 17, 18, 19, 20, 21, 22, 23, 24, 25, 26, 27, 28, 29, 30, 31, 32, 33, 34, 35, 36, 37, 38, 39, 40, 41]",[],POTENTIAL_WORKLOAD,"Numeric stimulus/answer input with explicit dependencies; possible arithmetic/reading burden, without student evidence or an assumed direction.",40,40,40,39,NO_APPROVED_CONTROL,False
mcma-12-3-8,k,1,020e357d7e974876,1,713f036389da3f65,EXHAUSTIVE,True,"[2, 3, 4, 5, 6, 7, 8, 9, 10, 11, 12, 13, 14, 15, 16, 17, 18, 19, 20, 21, 22, 23, 24, 25, 26, 27, 28, 29, 30, 31, 32, 33, 34, 35, 36, 37, 38, 39, 40, 41]",[],POTENTIAL_WORKLOAD,"Numeric stimulus/answer input with explicit dependencies; possible arithmetic/reading burden, without student evidence or an assumed direction.",40,40,40,39,NO_APPROVED_CONTROL,False
mcma-12-4-6,k,1,b6627077ca7c2019,1,6dc4bd850578413a,EXHAUSTIVE,True,"[2, 3, 4, 5, 6, 7, 8, 9, 10, 11, 12, 13, 14, 15, 16, 17, 18, 19, 20, 21, 22, 23, 24, 25, 26, 27, 28, 29, 30, 31, 32, 33, 34, 35, 36, 37, 38, 39, 40, 41]",[],POTENTIAL_WORKLOAD,"Numeric stimulus/answer input with explicit dependencies; possible arithmetic/reading burden, without student evidence or an assumed direction.",40,40,40,39,NO_APPROVED_CONTROL,False
mcma-12-4-7,k,1,8a1db89d317ad4b4,1,1354532ffc835378,EXHAUSTIVE,True,"[2, 3, 4, 5, 6, 7, 8, 9, 10, 11, 12, 13, 14, 15, 16, 17, 18, 19, 20, 21, 22, 23, 24, 25, 26, 27, 28, 29, 30, 31, 32, 33, 34, 35, 36, 37, 38, 39, 40, 41]",[],POTENTIAL_WORKLOAD,"Numeric stimulus/answer input with explicit dependencies; possible arithmetic/reading burden, without student evidence or an assumed direction.",40,40,40,39,NO_APPROVED_CONTROL,False
mcma-12-4-8,k,1,9534ddb281e71cd3,1,217b5093b6869f78,EXHAUSTIVE,True,"[2, 3, 4, 5, 6, 7, 8, 9, 10, 11, 12, 13, 14, 15, 16, 17, 18, 19, 20, 21, 22, 23, 24, 25, 26, 27, 28, 29, 30, 31, 32, 33, 34, 35, 36, 37, 38, 39, 40, 41]",[],POTENTIAL_WORKLOAD,"Numeric stimulus/answer input with explicit dependencies; possible arithmetic/reading burden, without student evidence or an assumed direction.",40,40,40,38,NO_APPROVED_CONTROL,False
mcma-12-5-6,k,1,3f0021c4a8ff2a3d,1,9c419d3bd6a28059,EXHAUSTIVE,True,"[2, 3, 4, 5, 6, 7, 8, 9, 10, 11, 12, 13, 14, 15, 16, 17, 18, 19, 20, 21, 22, 23, 24, 25, 26, 27, 28, 29, 30, 31, 32, 33, 34, 35, 36, 37, 38, 39, 40, 41]",[],POTENTIAL_WORKLOAD,"Numeric stimulus/answer input with explicit dependencies; possible arithmetic/reading burden, without student evidence or an assumed direction.",40,40,40,39,NO_APPROVED_CONTROL,False
mcma-12-5-7,k,1,1f3dd2f1ba8a3dbc,1,824dcf59ca223dc9,EXHAUSTIVE,True,"[2, 3, 4, 5, 6, 7, 8, 9, 10, 11, 12, 13, 14, 15, 16, 17, 18, 19, 20, 21, 22, 23, 24, 25, 26, 27, 28, 29, 30, 31, 32, 33, 34, 35, 36, 37, 38, 39, 40, 41]",[],POTENTIAL_WORKLOAD,"Numeric stimulus/answer input with explicit dependencies; possible arithmetic/reading burden, without student evidence or an assumed direction.",40,40,40,38,NO_APPROVED_CONTROL,False
mcma-12-5-8,k,1,9a49dbb7cb7e6a03,1,f1e9dbc513b5f252,EXHAUSTIVE,True,"[1, 2, 3, 4, 5, 6, 7, 8, 9, 10, 11, 12, 13, 14, 15, 16, 17, 18, 19, 20, 21, 22, 23, 24, 25, 26, 27, 28, 29, 30, 31, 32, 33, 34, 35, 36, 37, 38, 39, 40, 41]",[],POTENTIAL_WORKLOAD,"Numeric stimulus/answer input with explicit dependencies; possible arithmetic/reading burden, without student evidence or an assumed direction.",451,451,451,0,NO_APPROVED_CONTROL,False
mcma-12-5-8,year,1,9a49dbb7cb7e6a03,1,f1e9dbc513b5f252,EXHAUSTIVE,True,"[2, 3, 4, 5, 6, 7, 8, 9, 10, 11, 12]",[],POTENTIAL_WORKLOAD,"Numeric stimulus/answer input with explicit dependencies; possible arithmetic/reading burden, without student evidence or an assumed direction.",451,451,451,205,NO_APPROVED_CONTROL,False
mcma-13-1-6,k,1,f00253fa06965b89,1,637e984b24b892ce,EXHAUSTIVE,True,"[2, 3, 4, 5, 6, 7, 8, 9, 10, 11, 12, 13, 14, 15, 16, 17, 18, 19, 20, 21, 22, 23, 24, 25, 26, 27, 28, 29, 30, 31, 32, 33, 34, 35, 36, 37, 38, 39, 40, 41]",[],POTENTIAL_WORKLOAD,"Numeric stimulus/answer input with explicit dependencies; possible arithmetic/reading burden, without student evidence or an assumed direction.",40,40,40,39,NO_APPROVED_CONTROL,False
mcma-13-1-7,k,1,e33146b285551829,1,12c1cd61a3b73e8f,EXHAUSTIVE,True,"[2, 3, 4, 5, 6, 7, 8, 9, 10, 11, 12, 13, 14, 15, 16, 17, 18, 19, 20, 21, 22, 23, 24, 25, 26, 27, 28, 29, 30, 31, 32, 33, 34, 35, 36, 37, 38, 39, 40, 41]",[],POTENTIAL_WORKLOAD,"Numeric stimulus/answer input with explicit dependencies; possible arithmetic/reading burden, without student evidence or an assumed direction.",40,40,40,39,NO_APPROVED_CONTROL,False
mcma-13-1-8,k,1,cb74ee734e4534ae,1,9d5a78b140638ff5,EXHAUSTIVE,True,"[2, 3, 4, 5, 6, 7, 8, 9, 10, 11, 12, 13, 14, 15, 16, 17, 18, 19, 20, 21, 22, 23, 24, 25, 26, 27, 28, 29, 30, 31, 32, 33, 34, 35, 36, 37, 38, 39, 40, 41]",[],POTENTIAL_WORKLOAD,"Numeric stimulus/answer input with explicit dependencies; possible arithmetic/reading burden, without student evidence or an assumed direction.",40,40,40,39,NO_APPROVED_CONTROL,False
mcma-13-2-6,k,1,a3c24e008b7dddab,1,29ac0404f30fe8a6,EXHAUSTIVE,True,"[2, 3, 4, 5, 6, 7, 8, 9, 10, 11, 12, 13, 14, 15, 16, 17, 18, 19, 20, 21, 22, 23, 24, 25, 26, 27, 28, 29, 30, 31, 32, 33, 34, 35, 36, 37, 38, 39, 40, 41]",[],POTENTIAL_WORKLOAD,"Numeric stimulus/answer input with explicit dependencies; possible arithmetic/reading burden, without student evidence or an assumed direction.",40,40,40,39,NO_APPROVED_CONTROL,False
mcma-13-2-7,k,1,e4f7d7c1a09bbd6d,1,f7223776de4aa46c,EXHAUSTIVE,True,"[2, 3, 4, 5, 6, 7, 8, 9, 10, 11, 12, 13, 14, 15, 16, 17, 18, 19, 20, 21, 22, 23, 24, 25, 26, 27, 28, 29, 30, 31, 32, 33, 34, 35, 36, 37, 38, 39, 40, 41]",[],POTENTIAL_WORKLOAD,"Numeric stimulus/answer input with explicit dependencies; possible arithmetic/reading burden, without student evidence or an assumed direction.",40,40,40,37,NO_APPROVED_CONTROL,False
mcma-13-2-8,k,1,6596f448ff950a59,1,a598834825ef10e8,EXHAUSTIVE,True,"[2, 3, 4, 5, 6, 7, 8, 9, 10, 11, 12, 13, 14, 15, 16, 17, 18, 19, 20, 21, 22, 23, 24, 25, 26, 27, 28, 29, 30, 31, 32, 33, 34, 35, 36, 37, 38, 39, 40, 41]",[],POTENTIAL_WORKLOAD,"Numeric stimulus/answer input with explicit dependencies; possible arithmetic/reading burden, without student evidence or an assumed direction.",40,40,40,39,NO_APPROVED_CONTROL,False
mcma-13-3-6,k,1,e2114df6a30c6da5,1,ba29c4864b33267c,EXHAUSTIVE,True,"[2, 3, 4, 5, 6, 7, 8, 9, 10, 11, 12, 13, 14, 15, 16, 17, 18, 19, 20, 21, 22, 23, 24, 25, 26, 27, 28, 29, 30, 31, 32, 33, 34, 35, 36, 37, 38, 39, 40, 41]",[],POTENTIAL_WORKLOAD,"Numeric stimulus/answer input with explicit dependencies; possible arithmetic/reading burden, without student evidence or an assumed direction.",40,40,40,39,NO_APPROVED_CONTROL,False
mcma-13-3-7,k,1,05f735a08c3479ab,1,b5796c19c921dac7,EXHAUSTIVE,True,"[2, 3, 4, 5, 6, 7, 8, 9, 10, 11, 12, 13, 14, 15, 16, 17, 18, 19, 20, 21, 22, 23, 24, 25, 26, 27, 28, 29, 30, 31, 32, 33, 34, 35, 36, 37, 38, 39, 40, 41]",[],POTENTIAL_WORKLOAD,"Numeric stimulus/answer input with explicit dependencies; possible arithmetic/reading burden, without student evidence or an assumed direction.",40,40,40,39,NO_APPROVED_CONTROL,False
mcma-13-3-8,k,1,0b5c96df8670b76f,1,630cbe4b2176ad4a,EXHAUSTIVE,True,"[2, 3, 4, 5, 6, 7, 8, 9, 10, 11, 12, 13, 14, 15, 16, 17, 18, 19, 20, 21, 22, 23, 24, 25, 26, 27, 28, 29, 30, 31, 32, 33, 34, 35, 36, 37, 38, 39, 40, 41]",[],POTENTIAL_WORKLOAD,"Numeric stimulus/answer input with explicit dependencies; possible arithmetic/reading burden, without student evidence or an assumed direction.",40,40,40,38,NO_APPROVED_CONTROL,False
mcma-13-4-6,k,1,001dee6d70e77eab,1,53104f4d4b960fa3,EXHAUSTIVE,True,"[2, 3, 4, 5, 6, 7, 8, 9, 10, 11, 12, 13, 14, 15, 16, 17, 18, 19, 20, 21, 22, 23, 24, 25, 26, 27, 28, 29, 30, 31, 32, 33, 34, 35, 36, 37, 38, 39, 40, 41]",[],POTENTIAL_WORKLOAD,"Numeric stimulus/answer input with explicit dependencies; possible arithmetic/reading burden, without student evidence or an assumed direction.",40,40,40,38,NO_APPROVED_CONTROL,False
mcma-13-4-7,k,1,1179096baef6b9b0,1,7fff31ec3ebbd212,EXHAUSTIVE,True,"[2, 3, 4, 5, 6, 7, 8, 9, 10, 11, 12, 13, 14, 15, 16, 17, 18, 19, 20, 21, 22, 23, 24, 25, 26, 27, 28, 29, 30, 31, 32, 33, 34, 35, 36, 37, 38, 39, 40, 41]",[],POTENTIAL_WORKLOAD,"Numeric stimulus/answer input with explicit dependencies; possible arithmetic/reading burden, without student evidence or an assumed direction.",40,40,40,39,NO_APPROVED_CONTROL,False
mcma-13-4-8,k,1,78ceefd54589528c,1,27987f4f86ae4baf,EXHAUSTIVE,True,"[2, 3, 4, 5, 6, 7, 8, 9, 10, 11, 12, 13, 14, 15, 16, 17, 18, 19, 20, 21, 22, 23, 24, 25, 26, 27, 28, 29, 30, 31, 32, 33, 34, 35, 36, 37, 38, 39, 40, 41]",[],POTENTIAL_WORKLOAD,"Numeric stimulus/answer input with explicit dependencies; possible arithmetic/reading burden, without student evidence or an assumed direction.",40,40,40,37,NO_APPROVED_CONTROL,False
mcma-13-5-6,k,1,ee58e98ff868431f,1,d98985c950a7a318,EXHAUSTIVE,True,"[2, 3, 4, 5, 6, 7, 8, 9, 10, 11, 12, 13, 14, 15, 16, 17, 18, 19, 20, 21, 22, 23, 24, 25, 26, 27, 28, 29, 30, 31, 32, 33, 34, 35, 36, 37, 38, 39, 40, 41]",[],POTENTIAL_WORKLOAD,"Numeric stimulus/answer input with explicit dependencies; possible arithmetic/reading burden, without student evidence or an assumed direction.",40,40,40,39,NO_APPROVED_CONTROL,False
mcma-13-5-7,k,1,ba2941cb580ae069,1,1763896d99f5ea66,EXHAUSTIVE,True,"[2, 3, 4, 5, 6, 7, 8, 9, 10, 11, 12, 13, 14, 15, 16, 17, 18, 19, 20, 21, 22, 23, 24, 25, 26, 27, 28, 29, 30, 31, 32, 33, 34, 35, 36, 37, 38, 39, 40, 41]",[],POTENTIAL_WORKLOAD,"Numeric stimulus/answer input with explicit dependencies; possible arithmetic/reading burden, without student evidence or an assumed direction.",40,40,40,39,NO_APPROVED_CONTROL,False
mcma-13-5-8,k,1,c532f60ae4fd5418,1,f20458105d0206a4,EXHAUSTIVE,True,"[2, 3, 4, 5, 6, 7, 8, 9, 10, 11, 12, 13, 14, 15, 16, 17, 18, 19, 20, 21, 22, 23, 24, 25, 26, 27, 28, 29, 30, 31, 32, 33, 34, 35, 36, 37, 38, 39, 40, 41]",[],POTENTIAL_WORKLOAD,"Numeric stimulus/answer input with explicit dependencies; possible arithmetic/reading burden, without student evidence or an assumed direction.",40,40,40,32,NO_APPROVED_CONTROL,False
mcma-14-1-7,t,1,75857cd347d53101,1,6840d5c7207fe6c4,EXHAUSTIVE,True,"[-20, -19, -18, -17, -16, -15, -14, -13, -12, -11, -10, -9, -8, -7, -6, -5, -4, -3, -2, -1, 1, 2, 3, 4, 5, 6, 7, 8, 9, 11, 12, 13, 14, 15, 16, 17, 18, 19, 20]",[],POTENTIAL_WORKLOAD,"Numeric stimulus/answer input with explicit dependencies; possible arithmetic/reading burden, without student evidence or an assumed direction.",39,39,39,19,NO_APPROVED_CONTROL,False
mcma-14-1-8,t,1,94d7975b42e3cb3d,1,0c0ab7c8e3484170,EXHAUSTIVE,True,"[-20, -19, -18, -17, -16, -15, -14, -13, -12, -11, -10, -9, -8, -7, -6, -5, -4, -3, -2, -1, 1, 2, 3, 4, 5, 6, 7, 8, 9, 10, 11, 12, 13, 14, 15, 16, 17, 18, 19, 20]",[],POTENTIAL_WORKLOAD,"Numeric stimulus/answer input with explicit dependencies; possible arithmetic/reading burden, without student evidence or an assumed direction.",40,40,40,20,NO_APPROVED_CONTROL,False
mcma-14-2-6,t,1,6c737e5a2d632284,1,ea1f0ae3374dd7f1,EXHAUSTIVE,True,"[-9, -8, -7, -6, -5, -4, -3, -2, -1, 1, 2, 3, 4, 6, 7, 8, 9, 10, 11, 12, 13, 14, 15, 16, 17, 18, 19, 20]",[],POTENTIAL_WORKLOAD,"Numeric stimulus/answer input with explicit dependencies; possible arithmetic/reading burden, without student evidence or an assumed direction.",28,28,28,19,NO_APPROVED_CONTROL,False
mcma-14-2-7,t,1,d02e26c482c8c71d,1,6b6fcac62196033c,EXHAUSTIVE,True,"[-19, -18, -17, -16, -15, -14, -13, -12, -11, -10, -9, -8, -7, -6, -5, -4, -3, -2, -1, 1, 2, 3, 4, 5, 6, 7, 8, 9, 10, 11, 12, 13, 14, 15, 16, 17, 18, 19, 20]",[],POTENTIAL_WORKLOAD,"Numeric stimulus/answer input with explicit dependencies; possible arithmetic/reading burden, without student evidence or an assumed direction.",39,39,39,30,NO_APPROVED_CONTROL,False
mcma-14-2-8,t,1,180f9e639172c616,1,aaabb7948662c46f,EXHAUSTIVE,True,"[-20, -19, -18, -17, -16, -15, -14, -13, -12, -11, -10, -9, -8, -7, -6, -5, -4, -3, -2, -1, 1, 2, 3, 4, 5, 6, 7, 8, 9, 10, 11, 12, 13, 14, 15, 16, 17, 18, 19, 20]",[],POTENTIAL_WORKLOAD,"Numeric stimulus/answer input with explicit dependencies; possible arithmetic/reading burden, without student evidence or an assumed direction.",40,40,40,0,NO_APPROVED_CONTROL,False
mcma-14-3-6,t,1,0b5aacd203d1ca2d,1,cdc04de97c286708,EXHAUSTIVE,True,"[-27, -24, -21, -18, -15, -12, -9, -6, -3, 3, 6, 9, 12, 15, 18, 21, 24, 27, 30, 33, 36]",[],POTENTIAL_WORKLOAD,"Numeric stimulus/answer input with explicit dependencies; possible arithmetic/reading burden, without student evidence or an assumed direction.",21,21,21,17,NO_APPROVED_CONTROL,False
mcma-14-3-7,k,1,dcb58c715ffdc4cd,1,aeafa56b4523dfb5,EXHAUSTIVE,True,"[1, 2, 3, 4, 5, 6, 7, 8, 9, 10, 11, 12, 13, 14, 15, 16, 17, 18, 19, 20, 21, 22, 23, 24, 25, 26, 27, 28, 29, 30, 31, 32, 33, 34, 35, 36, 37, 38, 39, 40, 41]",[],NUMERIC_CONTEXT,"Only stimulus/explanation depend on this input, not answer text or correctness; representation signals are separate from a change in the mathematical task.",328,328,328,312,NO_APPROVED_CONTROL,False
mcma-14-3-7,t,1,dcb58c715ffdc4cd,1,aeafa56b4523dfb5,EXHAUSTIVE,True,"[-4, -3, -2, -1, 1, 2, 3, 4]",[],POTENTIAL_WORKLOAD,"Numeric stimulus/answer input with explicit dependencies; possible arithmetic/reading burden, without student evidence or an assumed direction.",328,328,328,65,NO_APPROVED_CONTROL,False
mcma-14-3-8,t,1,04ec5274219ebc66,1,f5583ca0314b0a77,EXHAUSTIVE,True,"[-20, -19, -18, -17, -16, -15, -14, -13, -12, -11, -10, -9, -8, -7, -6, -5, -4, -3, -2, -1, 1, 2, 3, 4, 5, 6, 7, 8, 9, 10, 11, 12, 13, 14, 15, 16, 17, 18, 19, 20]",[],POTENTIAL_WORKLOAD,"Numeric stimulus/answer input with explicit dependencies; possible arithmetic/reading burden, without student evidence or an assumed direction.",40,40,40,10,NO_APPROVED_CONTROL,False
mcma-14-4-6,t,1,6715ece60205dc58,1,c9a62a379abf7c89,EXHAUSTIVE,True,"[-20, -19, -18, -17, -16, -15, -14, -13, -12, -11, -10, -9, -8, -7, -6, -5, -4, -3, -2, -1, 1, 2, 3, 4, 5, 6, 7, 8, 9, 10, 11, 12, 13, 14, 15, 16, 17, 18, 19]",[],POTENTIAL_WORKLOAD,"Numeric stimulus/answer input with explicit dependencies; possible arithmetic/reading burden, without student evidence or an assumed direction.",39,39,39,9,NO_APPROVED_CONTROL,False
mcma-14-4-7,ratio,1,c6f904e0d9b98b7f,1,76f9e0dd157ca298,EXHAUSTIVE,True,"[3, 4, 5, 6, 7, 8, 9, 10, 11, 12, 13, 14, 15, 16, 17, 18, 19, 20, 21, 22, 23, 24, 25, 26, 27, 28, 29, 30, 31, 32, 33, 34, 35, 36, 37, 38, 39, 40, 41]",[],POTENTIAL_WORKLOAD,"Numeric stimulus/answer input with explicit dependencies; possible arithmetic/reading burden, without student evidence or an assumed direction.",39,39,39,34,NO_APPROVED_CONTROL,False
mcma-14-4-8,t,1,b81aeff9419b2382,1,a500ac4efbd217a2,EXHAUSTIVE,True,"[-20, -19, -18, -17, -16, -15, -14, -13, -12, -11, -10, -9, -8, -7, -6, -4, -3, -2, -1, 1, 2, 3, 4, 5, 6, 7, 8, 9, 10, 11, 12, 13, 14, 15, 16, 17, 18, 19, 20]",[],POTENTIAL_WORKLOAD,"Numeric stimulus/answer input with explicit dependencies; possible arithmetic/reading burden, without student evidence or an assumed direction.",39,39,39,28,NO_APPROVED_CONTROL,False
mcma-14-5-6,t,1,643f9498e61614d9,1,efa3039a231356fc,EXHAUSTIVE,True,"[-20, -19, -18, -17, -16, -15, -14, -13, -12, -11, -10, -9, -8, -7, -6, -5, -4, -3, -2, -1, 1, 2, 3, 4, 5, 6, 7, 8, 9, 10, 11, 12, 13, 14, 15, 16, 17, 18, 19, 20]",[],POTENTIAL_WORKLOAD,"Numeric stimulus/answer input with explicit dependencies; possible arithmetic/reading burden, without student evidence or an assumed direction.",40,40,40,25,NO_APPROVED_CONTROL,False
mcma-14-5-7,t,1,3be091834ee1f589,1,a753b47676a7008a,EXHAUSTIVE,True,"[-9, -8, -7, -6, -5, -4, -3, -2, -1, 1, 2, 3, 4, 5, 6, 7, 8, 9, 10, 11, 12, 13, 14, 15, 16, 17, 18, 19]",[],POTENTIAL_WORKLOAD,"Numeric stimulus/answer input with explicit dependencies; possible arithmetic/reading burden, without student evidence or an assumed direction.",28,28,28,19,NO_APPROVED_CONTROL,False
mcma-14-5-8,k,1,2f783391bf137aba,1,7ff63b328844c952,EXHAUSTIVE,True,"[1, 2, 3, 4, 5, 6, 7, 8, 9, 10, 11, 12, 13, 14, 15, 16, 17, 18, 19, 20, 21, 22, 23, 24, 25, 26, 27, 28, 29, 30, 31, 32, 33, 34, 35, 36, 37, 38, 39, 40, 41]",[],POTENTIAL_WORKLOAD,"Numeric stimulus/answer input with explicit dependencies; possible arithmetic/reading burden, without student evidence or an assumed direction.",1352,1352,1352,1255,NO_APPROVED_CONTROL,False
mcma-14-5-8,t,1,2f783391bf137aba,1,7ff63b328844c952,EXHAUSTIVE,True,"[-12, -11, -10, -9, -8, -7, -6, -5, -4, -3, -2, -1, 0, 1, 2, 3, 4, 5, 6, 7, 8, 9, 10, 11, 12, 13, 14, 15, 16, 17, 18, 19, 20]",[],POTENTIAL_WORKLOAD,"Numeric stimulus/answer input with explicit dependencies; possible arithmetic/reading burden, without student evidence or an assumed direction.",1352,1352,1352,870,NO_APPROVED_CONTROL,False
mcma-15-1-6,p,1,b1c2fa22a662ded2,1,e4c2ab33a4a16520,EXHAUSTIVE,True,"[3, 4, 5, 6, 7, 8, 9, 10, 11, 12, 13, 14, 15, 16, 17, 18, 19, 20]",[],POTENTIAL_WORKLOAD,"Numeric stimulus/answer input with explicit dependencies; possible arithmetic/reading burden, without student evidence or an assumed direction.",18,18,18,17,NO_APPROVED_CONTROL,False
mcma-15-1-7,k,1,e93306ca3fb14f87,1,d1ddc459fd09fc75,EXHAUSTIVE,True,"[2, 3, 4, 5, 6, 7, 8, 9, 10, 11, 12, 13, 14, 15, 16, 17, 18, 19, 20, 21, 22, 23, 24, 25, 26, 27, 28, 29, 30, 31, 32, 33, 34, 35, 36, 37, 38, 39, 40, 41]",[],POTENTIAL_WORKLOAD,"Numeric stimulus/answer input with explicit dependencies; possible arithmetic/reading burden, without student evidence or an assumed direction.",40,40,40,37,NO_APPROVED_CONTROL,False
mcma-15-1-8,k,1,c859303d91912c2a,1,f36da25f449da0fd,EXHAUSTIVE,True,"[2, 3, 4, 5, 6, 7, 8, 9, 10, 11, 12, 13, 14, 15, 16, 17, 18, 19, 20, 21, 22, 23, 24, 25, 26, 27, 28, 29, 30, 31, 32, 33, 34, 35, 36, 37, 38, 39, 40, 41]",[],POTENTIAL_WORKLOAD,"Numeric stimulus/answer input with explicit dependencies; possible arithmetic/reading burden, without student evidence or an assumed direction.",40,40,40,39,NO_APPROVED_CONTROL,False
mcma-15-2-6,k,1,132311dbd597baa0,1,634d288bb8ec5a51,EXHAUSTIVE,True,"[2, 3, 4, 5, 6, 7, 8, 9, 10, 11, 12, 13, 14, 15, 16, 17, 18, 19, 20, 21, 22, 23, 24, 25, 26, 27, 28, 29, 30, 31, 32, 33, 34, 35, 36, 37, 38, 39, 40, 41]",[],POTENTIAL_WORKLOAD,"Numeric stimulus/answer input with explicit dependencies; possible arithmetic/reading burden, without student evidence or an assumed direction.",40,40,40,39,NO_APPROVED_CONTROL,False
mcma-15-3-6,k,1,d5c0375c460b79a2,1,1cf912485eb04733,EXHAUSTIVE,True,"[2, 3, 4, 5, 6, 7, 8, 9, 10, 11, 12, 13, 14, 15, 16, 17, 18, 19, 20, 21, 22, 23, 24, 25, 26, 27, 28, 29, 30, 31, 32, 33, 34, 35, 36, 37, 38, 39, 40, 41]",[],POTENTIAL_WORKLOAD,"Numeric stimulus/answer input with explicit dependencies; possible arithmetic/reading burden, without student evidence or an assumed direction.",40,40,40,39,NO_APPROVED_CONTROL,False
mcma-15-3-7,k,1,3dbc5bb2f87c46e8,1,cf7be16169e07dbf,EXHAUSTIVE,True,"[2, 3, 4, 5, 6, 7, 8, 9, 10, 11, 12, 13, 14, 15, 16, 17, 18, 19, 20, 21, 22, 23, 24, 25, 26, 27, 28, 29, 30, 31, 32, 33, 34, 35, 36, 37, 38, 39, 40, 41]",[],POTENTIAL_WORKLOAD,"Numeric stimulus/answer input with explicit dependencies; possible arithmetic/reading burden, without student evidence or an assumed direction.",40,40,40,38,NO_APPROVED_CONTROL,False
mcma-15-3-8,k,1,ba99d694465b638d,1,c336a9e7e71a008e,EXHAUSTIVE,True,"[2, 3, 4, 5, 6, 7, 8, 9, 10, 11, 12, 13, 14, 15, 16, 17, 18, 19, 20, 21, 22, 23, 24, 25, 26, 27, 28, 29, 30, 31, 32, 33, 34, 35, 36, 37, 38, 39, 40, 41]",[],POTENTIAL_WORKLOAD,"Numeric stimulus/answer input with explicit dependencies; possible arithmetic/reading burden, without student evidence or an assumed direction.",40,40,40,39,NO_APPROVED_CONTROL,False
mcma-15-4-6,k,1,e2f808a7b93227ca,1,334703a049964f8f,EXHAUSTIVE,True,"[2, 3, 4, 5, 6, 7, 8, 9, 10, 11, 12, 13, 14, 15, 16, 17, 18, 19, 20, 21, 22, 23, 24, 25, 26, 27, 28, 29, 30, 31, 32, 33, 34, 35, 36, 37, 38, 39, 40, 41]",[],POTENTIAL_WORKLOAD,"Numeric stimulus/answer input with explicit dependencies; possible arithmetic/reading burden, without student evidence or an assumed direction.",40,40,40,39,NO_APPROVED_CONTROL,False
mcma-15-4-7,k,1,a73288181a85b995,1,0b81b787249fcadf,EXHAUSTIVE,True,"[2, 3, 4, 5, 6, 7, 8, 9, 10, 11, 12, 13, 14, 15, 16, 17, 18, 19, 20, 21, 22, 23, 24, 25, 26, 27, 28, 29, 30, 31, 32, 33, 34, 35, 36, 37, 38, 39, 40, 41]",[],POTENTIAL_WORKLOAD,"Numeric stimulus/answer input with explicit dependencies; possible arithmetic/reading burden, without student evidence or an assumed direction.",40,40,40,33,NO_APPROVED_CONTROL,False
mcma-15-4-8,k,1,a5ecfb75855b4391,1,e989d73e8aa671d9,EXHAUSTIVE,True,"[2, 3, 4, 5, 6, 7, 8, 9, 10, 11, 12, 13, 14, 15, 16, 17, 18, 19, 20, 21, 22, 23, 24, 25, 26, 27, 28, 29, 30, 31, 32, 33, 34, 35, 36, 37, 38, 39, 40, 41]",[],POTENTIAL_WORKLOAD,"Numeric stimulus/answer input with explicit dependencies; possible arithmetic/reading burden, without student evidence or an assumed direction.",40,40,40,39,NO_APPROVED_CONTROL,False
mcma-15-5-6,k,1,5135ae1b26b886e8,1,873df5fc976c81ea,EXHAUSTIVE,True,"[2, 3, 4, 5, 6, 7, 8, 9, 10, 11, 12, 13, 14, 15, 16, 17, 18, 19, 20, 21, 22, 23, 24, 25, 26, 27, 28, 29, 30, 31, 32, 33, 34, 35, 36, 37, 38, 39, 40, 41]",[],POTENTIAL_WORKLOAD,"Numeric stimulus/answer input with explicit dependencies; possible arithmetic/reading burden, without student evidence or an assumed direction.",40,40,40,39,NO_APPROVED_CONTROL,False
mcma-15-5-7,k,1,8f7142ab10b56825,1,27161499c4b8fe71,EXHAUSTIVE,True,"[1, 2, 3, 4, 5, 6, 7, 8, 9, 10, 11, 12, 13, 14, 15, 16, 17, 18, 19, 20, 21, 22, 23, 24, 25, 26, 27, 28, 29, 30, 31, 32, 33, 34, 35, 36, 37, 38, 39, 40, 41]",[],NUMERIC_CONTEXT,"Only stimulus/explanation depend on this input, not answer text or correctness; representation signals are separate from a change in the mathematical task.",1517,1517,1517,1480,NO_APPROVED_CONTROL,False
mcma-15-5-7,p,1,8f7142ab10b56825,1,27161499c4b8fe71,EXHAUSTIVE,True,"[4, 5, 6, 7, 8, 9, 10, 11, 12, 13, 14, 15, 16, 17, 18, 19, 20, 21, 22, 23, 24, 25, 26, 27, 28, 29, 30, 31, 32, 33, 34, 35, 36, 37, 38, 39, 40]",[],POTENTIAL_WORKLOAD,"Numeric stimulus/answer input with explicit dependencies; possible arithmetic/reading burden, without student evidence or an assumed direction.",1517,1517,1517,1349,NO_APPROVED_CONTROL,False
mcma-15-5-8,k,1,ec42d305c717aa42,1,152c51d828727ee3,EXHAUSTIVE,True,"[2, 3, 4, 5, 6, 7, 8, 9, 10, 11, 12, 13, 14, 15, 16, 17, 18, 19, 20, 21, 22, 23, 24, 25, 26, 27, 28, 29, 30, 31, 32, 33, 34, 35, 36, 37, 38, 39, 40, 41]",[],POTENTIAL_WORKLOAD,"Numeric stimulus/answer input with explicit dependencies; possible arithmetic/reading burden, without student evidence or an assumed direction.",40,40,40,39,NO_APPROVED_CONTROL,False
mcma-16-1-7,s,1,e2607c91d68ce79f,1,8a096ad0c05de764,EXHAUSTIVE,True,"[6, 8, 10, 12, 14, 16, 18, 20]",[],POTENTIAL_WORKLOAD,"Numeric stimulus/answer input with explicit dependencies; possible arithmetic/reading burden, without student evidence or an assumed direction.",135,135,135,100,NO_APPROVED_CONTROL,False
mcma-16-1-7,t,1,e2607c91d68ce79f,1,8a096ad0c05de764,EXHAUSTIVE,True,"[4, 5, 6, 7, 8, 9, 10, 11, 12, 13, 14, 15, 16, 17, 18, 19, 20, 21, 22, 23, 24]",[],POTENTIAL_WORKLOAD,"Numeric stimulus/answer input with explicit dependencies; possible arithmetic/reading burden, without student evidence or an assumed direction.",135,135,135,110,NO_APPROVED_CONTROL,False
mcma-16-1-8,r,1,65a60fc8e9f3bab5,1,027db5d6e8749acc,EXHAUSTIVE,True,"[14, 21, 28, 35]",[],POTENTIAL_WORKLOAD,"Numeric stimulus/answer input with explicit dependencies; possible arithmetic/reading burden, without student evidence or an assumed direction.",101,101,101,73,NO_APPROVED_CONTROL,False
mcma-16-1-8,t,1,65a60fc8e9f3bab5,1,027db5d6e8749acc,EXHAUSTIVE,True,"[5, 6, 7, 8, 9, 10, 11, 12, 13, 14, 15, 16, 17, 18, 19, 20, 21, 22, 23, 24, 25, 26, 27, 28, 29, 30]",[],POTENTIAL_WORKLOAD,"Numeric stimulus/answer input with explicit dependencies; possible arithmetic/reading burden, without student evidence or an assumed direction.",101,101,101,81,NO_APPROVED_CONTROL,False
mcma-16-2-6,s,1,d7326727a93d4ed3,1,be6c1303326cd24c,EXHAUSTIVE,True,"[4, 6, 8, 10, 12, 14, 16]",[],POTENTIAL_WORKLOAD,"Numeric stimulus/answer input with explicit dependencies; possible arithmetic/reading burden, without student evidence or an assumed direction.",181,181,181,155,NO_APPROVED_CONTROL,False
mcma-16-2-6,t,1,d7326727a93d4ed3,1,be6c1303326cd24c,EXHAUSTIVE,True,"[5, 6, 7, 8, 9, 10, 11, 12, 13, 14, 15, 16, 17, 18, 19, 20, 21, 22, 23, 24, 25, 26, 27, 28, 29, 30]",[],POTENTIAL_WORKLOAD,"Numeric stimulus/answer input with explicit dependencies; possible arithmetic/reading burden, without student evidence or an assumed direction.",181,181,181,157,NO_APPROVED_CONTROL,False
mcma-16-2-7,s,1,6f047f35095bc5b5,1,d828413a0dc4d0fc,EXHAUSTIVE,True,"[6, 8, 10, 12, 14, 16, 18, 20]",[],POTENTIAL_WORKLOAD,"Numeric stimulus/answer input with explicit dependencies; possible arithmetic/reading burden, without student evidence or an assumed direction.",176,176,176,135,NO_APPROVED_CONTROL,False
mcma-16-2-7,t,1,6f047f35095bc5b5,1,d828413a0dc4d0fc,EXHAUSTIVE,True,"[6, 7, 8, 9, 10, 11, 12, 13, 14, 15, 16, 17, 18, 19, 20, 21, 22, 23, 24, 25, 26, 27, 28, 29, 30]",[],POTENTIAL_WORKLOAD,"Numeric stimulus/answer input with explicit dependencies; possible arithmetic/reading burden, without student evidence or an assumed direction.",176,176,176,155,NO_APPROVED_CONTROL,False
mcma-16-2-8,r,1,8f9f6fc0ab008241,1,d75c3114dd045407,EXHAUSTIVE,True,"[7, 14, 21, 28]",[],POTENTIAL_WORKLOAD,"Numeric stimulus/answer input with explicit dependencies; possible arithmetic/reading burden, without student evidence or an assumed direction.",131,131,131,98,NO_APPROVED_CONTROL,False
mcma-16-2-8,t,1,8f9f6fc0ab008241,1,d75c3114dd045407,EXHAUSTIVE,True,"[8, 9, 10, 11, 12, 13, 14, 15, 16, 17, 18, 19, 20, 21, 22, 23, 24, 25, 26, 27, 28, 29, 30, 31, 32, 33, 34, 35, 36, 37, 38, 39, 40]",[],POTENTIAL_WORKLOAD,"Numeric stimulus/answer input with explicit dependencies; possible arithmetic/reading burden, without student evidence or an assumed direction.",131,131,131,123,NO_APPROVED_CONTROL,False
mcma-16-3-6,k,1,5ac7a61eb0e8084b,1,c8176207f90bcd0d,EXHAUSTIVE,True,"[3, 4, 5, 6]",[],POTENTIAL_WORKLOAD,"Numeric stimulus/answer input with explicit dependencies; possible arithmetic/reading burden, without student evidence or an assumed direction.",4,4,4,3,NO_APPROVED_CONTROL,False
mcma-16-3-7,r,1,132686dc1b9fda18,1,aa031990cb920da9,EXHAUSTIVE,True,"[5, 6, 7, 8, 9, 10, 11, 12, 13, 14, 15, 16, 17, 18, 19, 20]",[],POTENTIAL_WORKLOAD,"Numeric stimulus/answer input with explicit dependencies; possible arithmetic/reading burden, without student evidence or an assumed direction.",111,111,111,104,NO_APPROVED_CONTROL,False
mcma-16-3-7,t,1,132686dc1b9fda18,1,aa031990cb920da9,EXHAUSTIVE,True,"[10, 15, 20, 25, 30, 35, 40]",[],POTENTIAL_WORKLOAD,"Numeric stimulus/answer input with explicit dependencies; possible arithmetic/reading burden, without student evidence or an assumed direction.",111,111,111,18,NO_APPROVED_CONTROL,False
mcma-16-3-8,s,1,0e044fdd718827d5,1,d4b597e8dd2b8ae1,EXHAUSTIVE,True,"[8, 10, 12, 14, 16, 18, 20, 22, 24, 26, 28, 30]",[],POTENTIAL_WORKLOAD,"Numeric stimulus/answer input with explicit dependencies; possible arithmetic/reading burden, without student evidence or an assumed direction.",347,347,347,315,NO_APPROVED_CONTROL,False
mcma-16-3-8,t,1,0e044fdd718827d5,1,d4b597e8dd2b8ae1,EXHAUSTIVE,True,"[10, 11, 12, 13, 14, 15, 16, 17, 18, 19, 20, 21, 22, 23, 24, 25, 26, 27, 28, 29, 30, 31, 32, 33, 34, 35, 36, 37, 38, 39, 40]",[],POTENTIAL_WORKLOAD,"Numeric stimulus/answer input with explicit dependencies; possible arithmetic/reading burden, without student evidence or an assumed direction.",347,347,347,271,NO_APPROVED_CONTROL,False
mcma-17-1-6,x,1,788c481be50edb3e,1,c4a1e578c1018b5c,EXHAUSTIVE,True,"[-9, -8, -7, -6, -5, -4, -3, -2, -1, 1, 2, 3, 4, 5, 6, 7, 8, 9]",[],POTENTIAL_WORKLOAD,"Numeric stimulus/answer input with explicit dependencies; possible arithmetic/reading burden, without student evidence or an assumed direction.",46655,46655,46655,34991,NO_APPROVED_CONTROL,False
mcma-17-1-6,y,1,788c481be50edb3e,1,c4a1e578c1018b5c,EXHAUSTIVE,True,"[-9, -8, -7, -6, -5, -4, -3, -2, -1, 1, 2, 3, 4, 5, 6, 7, 8, 9]",[],POTENTIAL_WORKLOAD,"Numeric stimulus/answer input with explicit dependencies; possible arithmetic/reading burden, without student evidence or an assumed direction.",46655,46655,46655,34991,NO_APPROVED_CONTROL,False
mcma-17-1-6,c,1,788c481be50edb3e,1,c4a1e578c1018b5c,EXHAUSTIVE,True,"[-6, -5, -4, -3, -2, -1, 1, 2, 3, 4, 5, 6]",[],POTENTIAL_WORKLOAD,"Numeric stimulus/answer input with explicit dependencies; possible arithmetic/reading burden, without student evidence or an assumed direction.",46655,46655,46655,29807,NO_APPROVED_CONTROL,False
mcma-17-1-6,d,1,788c481be50edb3e,1,c4a1e578c1018b5c,EXHAUSTIVE,True,"[-6, -5, -4, -3, -2, -1, 1, 2, 3, 4, 5, 6]",[],POTENTIAL_WORKLOAD,"Numeric stimulus/answer input with explicit dependencies; possible arithmetic/reading burden, without student evidence or an assumed direction.",46655,46655,46655,29807,NO_APPROVED_CONTROL,False
mcma-17-1-7,x,1,98e2b9be197acd13,1,91a6245f1c848109,EXHAUSTIVE,True,"[-9, -8, -7, -6, -5, -4, -3, -2, -1, 1, 2, 3, 4, 5, 6, 7, 8, 9]",[],POTENTIAL_WORKLOAD,"Numeric stimulus/answer input with explicit dependencies; possible arithmetic/reading burden, without student evidence or an assumed direction.",971,971,971,647,NO_APPROVED_CONTROL,False
mcma-17-1-7,y,1,98e2b9be197acd13,1,91a6245f1c848109,EXHAUSTIVE,True,"[-9, -8, -7, -6, -5, -4, -3, -2, -1, 1, 2, 3, 4, 5, 6, 7, 8, 9]",[],POTENTIAL_WORKLOAD,"Numeric stimulus/answer input with explicit dependencies; possible arithmetic/reading burden, without student evidence or an assumed direction.",971,971,971,647,NO_APPROVED_CONTROL,False
mcma-17-1-7,k,1,98e2b9be197acd13,1,91a6245f1c848109,EXHAUSTIVE,True,"[2, 3, 4]",[],POTENTIAL_WORKLOAD,"Numeric stimulus/answer input with explicit dependencies; possible arithmetic/reading burden, without student evidence or an assumed direction.",971,971,971,194,NO_APPROVED_CONTROL,False
mcma-17-1-8,variant,2,dc82e5d1124254d0,1,0668d333714b27bb,EXHAUSTIVE,True,[1],[],NO_EFFECT,"Only one effective value, or no dependency on rendered question/answer.",32,32,32,0,NO_APPROVED_CONTROL,False
mcma-17-1-8,k,2,dc82e5d1124254d0,1,0668d333714b27bb,EXHAUSTIVE,True,"[-4, -3, -2, -0.5, 0.5, 2, 3, 4]",[],NUMERIC_CONTEXT,Property judgement only; selected factors obey abs(k)!=1. No coordinate or scaling calculation is requested.,32,32,32,20,NO_APPROVED_CONTROL,False
mcma-17-1-8,false_slot,2,dc82e5d1124254d0,1,0668d333714b27bb,EXHAUSTIVE,True,"[1, 2, 3, 4]",[],CONTENT_PROFILE,Selects a statement/data/role profile. Review the changed claims and reasoning; it is not a proven numeric difficulty control.,32,32,32,0,NO_APPROVED_CONTROL,False
mcma-17-2-6,x,1,a1e720ca5eba50c6,1,f5c7aa6d2cf9233f,EXHAUSTIVE,True,"[-9, -8, -7, -6, -5, -4, -3, -2, -1, 1, 2, 3, 4, 5, 6, 7, 8, 9]",[],POTENTIAL_WORKLOAD,"Numeric stimulus/answer input with explicit dependencies; possible arithmetic/reading burden, without student evidence or an assumed direction.",139967,139967,139967,107351,NO_APPROVED_CONTROL,False
mcma-17-2-6,y,1,a1e720ca5eba50c6,1,f5c7aa6d2cf9233f,EXHAUSTIVE,True,"[-9, -8, -7, -6, -5, -4, -3, -2, -1, 1, 2, 3, 4, 5, 6, 7, 8, 9]",[],POTENTIAL_WORKLOAD,"Numeric stimulus/answer input with explicit dependencies; possible arithmetic/reading burden, without student evidence or an assumed direction.",139967,139967,139967,107351,NO_APPROVED_CONTROL,False
mcma-17-2-6,c,1,a1e720ca5eba50c6,1,f5c7aa6d2cf9233f,EXHAUSTIVE,True,"[-6, -5, -4, -3, -2, -1, 1, 2, 3, 4, 5, 6]",[],POTENTIAL_WORKLOAD,"Numeric stimulus/answer input with explicit dependencies; possible arithmetic/reading burden, without student evidence or an assumed direction.",139967,139967,139967,89423,NO_APPROVED_CONTROL,False
mcma-17-2-6,d,1,a1e720ca5eba50c6,1,f5c7aa6d2cf9233f,EXHAUSTIVE,True,"[-6, -5, -4, -3, -2, -1, 1, 2, 3, 4, 5, 6]",[],POTENTIAL_WORKLOAD,"Numeric stimulus/answer input with explicit dependencies; possible arithmetic/reading burden, without student evidence or an assumed direction.",139967,139967,139967,89423,NO_APPROVED_CONTROL,False
mcma-17-2-6,k,1,a1e720ca5eba50c6,1,f5c7aa6d2cf9233f,EXHAUSTIVE,True,"[2, 3, 4]",[],POTENTIAL_WORKLOAD,"Numeric stimulus/answer input with explicit dependencies; possible arithmetic/reading burden, without student evidence or an assumed direction.",139967,139967,139967,28224,NO_APPROVED_CONTROL,False
mcma-17-2-7,L,1,1de0d4876ebc75fd,1,44e0110c27c39062,EXHAUSTIVE,True,"[10, 11, 12, 13, 14, 15, 16, 17, 18, 19, 21, 22, 23, 24, 25, 26, 27, 28, 29, 30, 31, 32, 33, 34, 35, 36, 37, 38, 39, 40, 41, 42, 43, 44, 45, 46, 47, 48, 49, 50, 51, 52, 53, 54, 55, 56, 57, 58, 59, 60]",[],POTENTIAL_WORKLOAD,"Numeric stimulus/answer input with explicit dependencies; possible arithmetic/reading burden, without student evidence or an assumed direction.",200,200,200,114,NO_APPROVED_CONTROL,False
mcma-17-2-7,k,1,1de0d4876ebc75fd,1,44e0110c27c39062,EXHAUSTIVE,True,"[2, 3, 4, 5]",[],POTENTIAL_WORKLOAD,"Numeric stimulus/answer input with explicit dependencies; possible arithmetic/reading burden, without student evidence or an assumed direction.",200,200,200,70,NO_APPROVED_CONTROL,False
mcma-17-2-8,x,1,a3e2a2f9892d77cc,1,327a54192bf7832f,EXHAUSTIVE,True,"[1, 2, 3, 4, 5, 6, 7, 8, 9]",[],POTENTIAL_WORKLOAD,"Numeric stimulus/answer input with explicit dependencies; possible arithmetic/reading burden, without student evidence or an assumed direction.",11520,11520,11520,7164,NO_APPROVED_CONTROL,False
mcma-17-2-8,y,1,a3e2a2f9892d77cc,1,327a54192bf7832f,EXHAUSTIVE,True,"[1, 2, 3, 4, 5, 6, 7, 8, 9]",[],POTENTIAL_WORKLOAD,"Numeric stimulus/answer input with explicit dependencies; possible arithmetic/reading burden, without student evidence or an assumed direction.",11520,11520,11520,7152,NO_APPROVED_CONTROL,False
mcma-17-2-8,c,1,a3e2a2f9892d77cc,1,327a54192bf7832f,EXHAUSTIVE,True,"[-6, -5, -4, -3, -2, -1, 1, 2, 3, 4, 5, 6]",[],NUMERIC_CONTEXT,"Only stimulus/explanation depend on this input, not answer text or correctness; representation signals are separate from a change in the mathematical task.",11520,11520,11520,7356,NO_APPROVED_CONTROL,False
mcma-17-2-8,d,1,a3e2a2f9892d77cc,1,327a54192bf7832f,EXHAUSTIVE,True,"[-6, -5, -4, -3, -2, -1, 1, 2, 3, 4, 5, 6]",[],NUMERIC_CONTEXT,"Only stimulus/explanation depend on this input, not answer text or correctness; representation signals are separate from a change in the mathematical task.",11520,11520,11520,7344,NO_APPROVED_CONTROL,False
mcma-17-3-6,x,1,baebd898fc77d54e,1,437cd3ccd03e5c5e,EXHAUSTIVE,True,"[-9, -8, -7, -6, -5, -4, -3, -2, -1, 1, 2, 3, 4, 5, 6, 7, 8, 9]",[],POTENTIAL_WORKLOAD,"Numeric stimulus/answer input with explicit dependencies; possible arithmetic/reading burden, without student evidence or an assumed direction.",139967,139967,139967,107351,NO_APPROVED_CONTROL,False
mcma-17-3-6,y,1,baebd898fc77d54e,1,437cd3ccd03e5c5e,EXHAUSTIVE,True,"[-9, -8, -7, -6, -5, -4, -3, -2, -1, 1, 2, 3, 4, 5, 6, 7, 8, 9]",[],POTENTIAL_WORKLOAD,"Numeric stimulus/answer input with explicit dependencies; possible arithmetic/reading burden, without student evidence or an assumed direction.",139967,139967,139967,107351,NO_APPROVED_CONTROL,False
mcma-17-3-6,c,1,baebd898fc77d54e,1,437cd3ccd03e5c5e,EXHAUSTIVE,True,"[-6, -5, -4, -3, -2, -1, 1, 2, 3, 4, 5, 6]",[],POTENTIAL_WORKLOAD,"Numeric stimulus/answer input with explicit dependencies; possible arithmetic/reading burden, without student evidence or an assumed direction.",139967,139967,139967,89423,NO_APPROVED_CONTROL,False
mcma-17-3-6,d,1,baebd898fc77d54e,1,437cd3ccd03e5c5e,EXHAUSTIVE,True,"[-6, -5, -4, -3, -2, -1, 1, 2, 3, 4, 5, 6]",[],POTENTIAL_WORKLOAD,"Numeric stimulus/answer input with explicit dependencies; possible arithmetic/reading burden, without student evidence or an assumed direction.",139967,139967,139967,89423,NO_APPROVED_CONTROL,False
mcma-17-3-6,n,1,baebd898fc77d54e,1,437cd3ccd03e5c5e,EXHAUSTIVE,True,"[2, 3, 4]",[],POTENTIAL_WORKLOAD,"Numeric stimulus/answer input with explicit dependencies; possible arithmetic/reading burden, without student evidence or an assumed direction.",139967,139967,139967,28223,NO_APPROVED_CONTROL,False
mcma-17-3-7,L,1,fc94423db9de8a21,1,74a8fb49f2843daf,EXHAUSTIVE,True,"[8, 12, 16, 20, 24, 28, 32, 36, 40, 44, 48, 52, 56, 60]",[],POTENTIAL_WORKLOAD,"Numeric stimulus/answer input with explicit dependencies; possible arithmetic/reading burden, without student evidence or an assumed direction.",55,55,55,51,NO_APPROVED_CONTROL,False
mcma-17-3-7,k,1,fc94423db9de8a21,1,74a8fb49f2843daf,EXHAUSTIVE,True,"[0.5, 2, 3, 4]",[],POTENTIAL_WORKLOAD,"Numeric stimulus/answer input with explicit dependencies; possible arithmetic/reading burden, without student evidence or an assumed direction.",55,55,55,41,NO_APPROVED_CONTROL,False
mcma-17-3-8,x,1,e5305293f6fb6582,1,0c251ada16aaef28,EXHAUSTIVE,True,"[-9, -8, -7, -6, -5, -4, -3, -2, -1, 1, 2, 3, 4, 5, 6, 7, 8, 9]",[],POTENTIAL_WORKLOAD,"Numeric stimulus/answer input with explicit dependencies; possible arithmetic/reading burden, without student evidence or an assumed direction.",287,287,287,144,NO_APPROVED_CONTROL,False
mcma-17-3-8,y,1,e5305293f6fb6582,1,0c251ada16aaef28,EXHAUSTIVE,True,"[-9, -8, -7, -6, -5, -4, -3, -2, -1, 1, 2, 3, 4, 5, 6, 7, 8, 9]",[],POTENTIAL_WORKLOAD,"Numeric stimulus/answer input with explicit dependencies; possible arithmetic/reading burden, without student evidence or an assumed direction.",287,287,287,143,NO_APPROVED_CONTROL,False
mcma-18-1-6,r,1,e6abbf0d43ef6a10,1,45abbd9a4c9d7dbd,EXHAUSTIVE,True,"[4, 6, 8, 12, 14, 16, 18, 20, 22, 24, 26, 28, 30]",[],POTENTIAL_WORKLOAD,"Numeric stimulus/answer input with explicit dependencies; possible arithmetic/reading burden, without student evidence or an assumed direction.",13,13,13,12,NO_APPROVED_CONTROL,False
mcma-18-1-7,s,1,a68cacb41838197c,2,ead915d79a2e31f9,EXHAUSTIVE,True,"[28, 42, 56, 70, 84, 98]",[],POTENTIAL_WORKLOAD,"Numeric stimulus/answer input with explicit dependencies; possible arithmetic/reading burden, without student evidence or an assumed direction.",6,6,6,5,NO_APPROVED_CONTROL,False
mcma-18-1-8,p,1,bdb227a9096ef928,1,85f5f8bc24a5ad55,EXHAUSTIVE,True,"[12, 13, 14, 15, 16, 17, 18, 19, 20, 21, 22, 23, 24, 25, 26, 27, 28, 29, 30, 31, 32, 33, 34, 35, 36, 37, 38, 39, 40]",[],POTENTIAL_WORKLOAD,"Numeric stimulus/answer input with explicit dependencies; possible arithmetic/reading burden, without student evidence or an assumed direction.",47216,47216,47216,25138,NO_APPROVED_CONTROL,False
mcma-18-1-8,l,1,bdb227a9096ef928,1,85f5f8bc24a5ad55,EXHAUSTIVE,True,"[6, 7, 8, 9, 10, 11, 12, 13, 14, 15, 16, 17, 18, 19, 20, 21, 22, 23, 24]",[],POTENTIAL_WORKLOAD,"Numeric stimulus/answer input with explicit dependencies; possible arithmetic/reading burden, without student evidence or an assumed direction.",47216,47216,47216,36731,NO_APPROVED_CONTROL,False
mcma-18-1-8,cost,1,bdb227a9096ef928,1,85f5f8bc24a5ad55,EXHAUSTIVE,True,"[5000, 6000, 7000, 8000, 9000, 10000, 11000, 12000, 13000, 14000, 15000, 16000, 17000, 18000, 19000, 20000]",[],POTENTIAL_WORKLOAD,"Numeric stimulus/answer input with explicit dependencies; possible arithmetic/reading burden, without student evidence or an assumed direction.",47216,47216,47216,12753,NO_APPROVED_CONTROL,False
mcma-18-1-8,delta,1,bdb227a9096ef928,1,85f5f8bc24a5ad55,EXHAUSTIVE,True,"[2, 3, 4, 5, 6, 7, 8, 9, 10]",[],POTENTIAL_WORKLOAD,"Numeric stimulus/answer input with explicit dependencies; possible arithmetic/reading burden, without student evidence or an assumed direction.",47216,47216,47216,6409,NO_APPROVED_CONTROL,False
mcma-18-2-6,p,1,45fd0042c3e078f2,1,ff7462e5c6fe7c6c,EXHAUSTIVE,True,"[14, 16, 18, 20, 22, 24, 26, 28, 30, 32, 34, 36, 38, 40]",[],POTENTIAL_WORKLOAD,"Numeric stimulus/answer input with explicit dependencies; possible arithmetic/reading burden, without student evidence or an assumed direction.",230,230,230,40,NO_APPROVED_CONTROL,False
mcma-18-2-6,l,1,45fd0042c3e078f2,1,ff7462e5c6fe7c6c,EXHAUSTIVE,True,"[8, 10, 12, 14, 16, 18, 20, 22, 24, 26, 28, 30]",[],POTENTIAL_WORKLOAD,"Numeric stimulus/answer input with explicit dependencies; possible arithmetic/reading burden, without student evidence or an assumed direction.",230,230,230,124,NO_APPROVED_CONTROL,False
mcma-18-2-6,d,1,45fd0042c3e078f2,1,ff7462e5c6fe7c6c,EXHAUSTIVE,True,"[7, 14, 21, 28]",[],POTENTIAL_WORKLOAD,"Numeric stimulus/answer input with explicit dependencies; possible arithmetic/reading burden, without student evidence or an assumed direction.",230,230,230,108,NO_APPROVED_CONTROL,False
mcma-18-2-7,r,1,460ff25b440e5ae1,1,d5bd31f1ed3c2441,EXHAUSTIVE,True,"[7, 14, 21, 28, 35, 42]",[],POTENTIAL_WORKLOAD,"Numeric stimulus/answer input with explicit dependencies; possible arithmetic/reading burden, without student evidence or an assumed direction.",15,15,15,10,NO_APPROVED_CONTROL,False
mcma-18-2-7,theta,1,460ff25b440e5ae1,1,d5bd31f1ed3c2441,EXHAUSTIVE,True,"[60, 90, 120, 180]",[],POTENTIAL_WORKLOAD,"Numeric stimulus/answer input with explicit dependencies; possible arithmetic/reading burden, without student evidence or an assumed direction.",15,15,15,9,NO_APPROVED_CONTROL,False
mcma-18-2-8,p,1,ca495688653061ba,1,33600bbe59551524,EXHAUSTIVE,True,"[10, 11, 12, 13, 14, 15, 16, 17, 18, 19, 20, 21, 22, 23, 24, 25, 26, 27, 28, 29, 30]",[],POTENTIAL_WORKLOAD,"Numeric stimulus/answer input with explicit dependencies; possible arithmetic/reading burden, without student evidence or an assumed direction.",15881,15881,15881,4123,NO_APPROVED_CONTROL,False
mcma-18-2-8,l,1,ca495688653061ba,1,33600bbe59551524,EXHAUSTIVE,True,"[4, 5, 6, 7, 8, 9, 10, 11, 12, 13, 14, 15, 16, 17, 18]",[],POTENTIAL_WORKLOAD,"Numeric stimulus/answer input with explicit dependencies; possible arithmetic/reading burden, without student evidence or an assumed direction.",15881,15881,15881,9491,NO_APPROVED_CONTROL,False
mcma-18-2-8,k,1,ca495688653061ba,1,33600bbe59551524,EXHAUSTIVE,True,"[2, 3, 4]",[],POTENTIAL_WORKLOAD,"Numeric stimulus/answer input with explicit dependencies; possible arithmetic/reading burden, without student evidence or an assumed direction.",15881,15881,15881,6380,NO_APPROVED_CONTROL,False
mcma-18-2-8,delta,1,ca495688653061ba,1,33600bbe59551524,EXHAUSTIVE,True,"[1, 2, 3, 4]",[],POTENTIAL_WORKLOAD,"Numeric stimulus/answer input with explicit dependencies; possible arithmetic/reading burden, without student evidence or an assumed direction.",15881,15881,15881,0,NO_APPROVED_CONTROL,False
mcma-18-2-8,eps,1,ca495688653061ba,1,33600bbe59551524,EXHAUSTIVE,True,"[1, 2, 3, 4, 5]",[],POTENTIAL_WORKLOAD,"Numeric stimulus/answer input with explicit dependencies; possible arithmetic/reading burden, without student evidence or an assumed direction.",15881,15881,15881,837,NO_APPROVED_CONTROL,False
mcma-18-3-6,p,1,3883e0506de4aea2,1,85958b29ab3516a7,EXHAUSTIVE,True,"[12, 14, 16, 18, 20, 22, 24, 26, 28, 30, 32, 34, 36, 38, 40]",[],POTENTIAL_WORKLOAD,"Numeric stimulus/answer input with explicit dependencies; possible arithmetic/reading burden, without student evidence or an assumed direction.",119,119,119,66,NO_APPROVED_CONTROL,False
mcma-18-3-6,l,1,3883e0506de4aea2,1,85958b29ab3516a7,EXHAUSTIVE,True,"[4, 6, 8, 10, 12, 14, 16, 18, 20]",[],POTENTIAL_WORKLOAD,"Numeric stimulus/answer input with explicit dependencies; possible arithmetic/reading burden, without student evidence or an assumed direction.",119,119,119,104,NO_APPROVED_CONTROL,False
mcma-18-3-7,r,1,65dd8cfd43c2cff0,1,6312bf456f2fb064,EXHAUSTIVE,True,"[7, 14, 21, 28, 35, 42]",[],POTENTIAL_WORKLOAD,"Numeric stimulus/answer input with explicit dependencies; possible arithmetic/reading burden, without student evidence or an assumed direction.",15,15,15,11,NO_APPROVED_CONTROL,False
mcma-18-3-7,theta,1,65dd8cfd43c2cff0,1,6312bf456f2fb064,EXHAUSTIVE,True,"[45, 60, 90, 120]",[],POTENTIAL_WORKLOAD,"Numeric stimulus/answer input with explicit dependencies; possible arithmetic/reading burden, without student evidence or an assumed direction.",15,15,15,9,NO_APPROVED_CONTROL,False
mcma-18-3-8,p,1,ca495688653061ba,1,ee228ad3c58e9b43,EXHAUSTIVE,True,"[10, 11, 12, 13, 14, 15, 16, 17, 18, 19, 20, 21, 22, 23, 24, 25, 26, 27, 28, 29, 30]",[],POTENTIAL_WORKLOAD,"Numeric stimulus/answer input with explicit dependencies; possible arithmetic/reading burden, without student evidence or an assumed direction.",15881,15881,15881,4123,NO_APPROVED_CONTROL,False
mcma-18-3-8,l,1,ca495688653061ba,1,ee228ad3c58e9b43,EXHAUSTIVE,True,"[4, 5, 6, 7, 8, 9, 10, 11, 12, 13, 14, 15, 16, 17, 18]",[],POTENTIAL_WORKLOAD,"Numeric stimulus/answer input with explicit dependencies; possible arithmetic/reading burden, without student evidence or an assumed direction.",15881,15881,15881,9491,NO_APPROVED_CONTROL,False
mcma-18-3-8,k,1,ca495688653061ba,1,ee228ad3c58e9b43,EXHAUSTIVE,True,"[2, 3, 4]",[],POTENTIAL_WORKLOAD,"Numeric stimulus/answer input with explicit dependencies; possible arithmetic/reading burden, without student evidence or an assumed direction.",15881,15881,15881,6380,NO_APPROVED_CONTROL,False
mcma-18-3-8,delta,1,ca495688653061ba,1,ee228ad3c58e9b43,EXHAUSTIVE,True,"[1, 2, 3, 4]",[],POTENTIAL_WORKLOAD,"Numeric stimulus/answer input with explicit dependencies; possible arithmetic/reading burden, without student evidence or an assumed direction.",15881,15881,15881,0,NO_APPROVED_CONTROL,False
mcma-18-3-8,eps,1,ca495688653061ba,1,ee228ad3c58e9b43,EXHAUSTIVE,True,"[1, 2, 3, 4, 5]",[],POTENTIAL_WORKLOAD,"Numeric stimulus/answer input with explicit dependencies; possible arithmetic/reading burden, without student evidence or an assumed direction.",15881,15881,15881,837,NO_APPROVED_CONTROL,False
mcma-19-1-6,r,1,2c4121a87e3824c8,1,aa883b49e6bcf49b,EXHAUSTIVE,True,"[3, 4, 5, 6, 7, 8, 9, 10, 11, 12, 13, 14, 15, 16, 17, 18, 19, 20]",[],POTENTIAL_WORKLOAD,"Numeric stimulus/answer input with explicit dependencies; possible arithmetic/reading burden, without student evidence or an assumed direction.",1388,1388,1388,1280,NO_APPROVED_CONTROL,False
mcma-19-1-6,h,1,2c4121a87e3824c8,1,aa883b49e6bcf49b,EXHAUSTIVE,True,"[5, 6, 7, 8, 9, 10, 11, 12, 13, 14, 15, 16, 17, 18, 19, 20, 21, 22, 23, 24, 25, 26, 27, 28, 29, 30]",[],POTENTIAL_WORKLOAD,"Numeric stimulus/answer input with explicit dependencies; possible arithmetic/reading burden, without student evidence or an assumed direction.",1388,1388,1388,1309,NO_APPROVED_CONTROL,False
mcma-19-1-6,k,1,2c4121a87e3824c8,1,aa883b49e6bcf49b,EXHAUSTIVE,True,"[2, 3, 4]",[],POTENTIAL_WORKLOAD,"Numeric stimulus/answer input with explicit dependencies; possible arithmetic/reading burden, without student evidence or an assumed direction.",1388,1388,1388,293,NO_APPROVED_CONTROL,False
mcma-19-1-7,s,1,ef741d87c90ea803,1,9e058d87715165f9,EXHAUSTIVE,True,"[9, 15, 18, 21, 24, 27, 30]",[],POTENTIAL_WORKLOAD,"Numeric stimulus/answer input with explicit dependencies; possible arithmetic/reading burden, without student evidence or an assumed direction.",7,7,7,6,NO_APPROVED_CONTROL,False
mcma-19-1-8,d,1,172a21969e206ec3,1,4341fb417fcca68a,EXHAUSTIVE,True,"[42, 63, 84, 105, 126, 147]",[],POTENTIAL_WORKLOAD,"Numeric stimulus/answer input with explicit dependencies; possible arithmetic/reading burden, without student evidence or an assumed direction.",6,6,6,5,NO_APPROVED_CONTROL,False
mcma-19-2-6,r,1,965b1039a0d2c9a3,1,47e4cfdaa840df97,EXHAUSTIVE,True,"[7, 14, 21, 28, 35]",[],POTENTIAL_WORKLOAD,"Numeric stimulus/answer input with explicit dependencies; possible arithmetic/reading burden, without student evidence or an assumed direction.",389,389,389,311,NO_APPROVED_CONTROL,False
mcma-19-2-6,h,1,965b1039a0d2c9a3,1,47e4cfdaa840df97,EXHAUSTIVE,True,"[5, 6, 7, 8, 9, 10, 11, 12, 13, 14, 15, 16, 17, 18, 19, 20, 21, 22, 23, 24, 25, 26, 27, 28, 29, 30]",[],POTENTIAL_WORKLOAD,"Numeric stimulus/answer input with explicit dependencies; possible arithmetic/reading burden, without student evidence or an assumed direction.",389,389,389,338,NO_APPROVED_CONTROL,False
mcma-19-2-6,k,1,965b1039a0d2c9a3,1,47e4cfdaa840df97,EXHAUSTIVE,True,"[2, 3, 4]",[],POTENTIAL_WORKLOAD,"Numeric stimulus/answer input with explicit dependencies; possible arithmetic/reading burden, without student evidence or an assumed direction.",389,389,389,181,NO_APPROVED_CONTROL,False
mcma-19-2-7,s,1,ef741d87c90ea803,1,4e4d0936dc26aca7,EXHAUSTIVE,True,"[9, 15, 18, 21, 24, 27, 30]",[],POTENTIAL_WORKLOAD,"Numeric stimulus/answer input with explicit dependencies; possible arithmetic/reading burden, without student evidence or an assumed direction.",7,7,7,6,NO_APPROVED_CONTROL,False
mcma-19-2-8,r,1,0ccb35b92bed8468,1,10cdba0a6bc468d8,EXHAUSTIVE,True,"[4, 6, 8, 10, 12, 14, 16, 18, 20]",[],POTENTIAL_WORKLOAD,"Numeric stimulus/answer input with explicit dependencies; possible arithmetic/reading burden, without student evidence or an assumed direction.",293,293,293,250,NO_APPROVED_CONTROL,False
mcma-19-2-8,h,1,0ccb35b92bed8468,1,10cdba0a6bc468d8,EXHAUSTIVE,True,"[6, 9, 12, 15, 18, 21, 24, 27, 30, 33, 36]",[],POTENTIAL_WORKLOAD,"Numeric stimulus/answer input with explicit dependencies; possible arithmetic/reading burden, without student evidence or an assumed direction.",293,293,293,231,NO_APPROVED_CONTROL,False
mcma-19-2-8,k,1,0ccb35b92bed8468,1,10cdba0a6bc468d8,EXHAUSTIVE,True,"[2, 3, 4]",[],POTENTIAL_WORKLOAD,"Numeric stimulus/answer input with explicit dependencies; possible arithmetic/reading burden, without student evidence or an assumed direction.",293,293,293,125,NO_APPROVED_CONTROL,False
mcma-19-3-6,s,2,d86a1312d6970dcd,1,3da526b6c38daec5,EXHAUSTIVE,True,"[6, 8, 12, 14, 16, 18, 20, 22, 24, 26, 28, 30]",[],POTENTIAL_WORKLOAD,"Numeric stimulus/answer input with explicit dependencies; possible arithmetic/reading burden, without student evidence or an assumed direction.",12,12,12,11,NO_APPROVED_CONTROL,False
mcma-19-3-7,r,1,7507025a8266a142,1,6b75f394805f4f18,EXHAUSTIVE,True,"[3, 9, 12, 15, 18, 21, 24, 27, 30]",[],POTENTIAL_WORKLOAD,"Numeric stimulus/answer input with explicit dependencies; possible arithmetic/reading burden, without student evidence or an assumed direction.",9,9,9,8,NO_APPROVED_CONTROL,False
mcma-19-3-8,r,1,07cf49a7b4e980a8,1,d8f7909f11c87a7a,EXHAUSTIVE,True,"[7, 14, 21, 28, 35]",[],POTENTIAL_WORKLOAD,"Numeric stimulus/answer input with explicit dependencies; possible arithmetic/reading burden, without student evidence or an assumed direction.",69,69,69,55,NO_APPROVED_CONTROL,False
mcma-19-3-8,h,1,07cf49a7b4e980a8,1,d8f7909f11c87a7a,EXHAUSTIVE,True,"[4, 6, 8, 10, 12, 14, 16, 18, 20, 22, 24, 26, 28, 30]",[],POTENTIAL_WORKLOAD,"Numeric stimulus/answer input with explicit dependencies; possible arithmetic/reading burden, without student evidence or an assumed direction.",69,69,69,63,NO_APPROVED_CONTROL,False
mcma-2-1-6,k,1,c6afd36e32c21231,1,02fc2055c41dac32,EXHAUSTIVE,True,"[2, 3, 4, 5, 6, 7, 8, 9, 10, 11, 12, 13, 14, 15, 16, 17, 18, 19, 20, 21]",[],POTENTIAL_WORKLOAD,"Numeric stimulus/answer input with explicit dependencies; possible arithmetic/reading burden, without student evidence or an assumed direction.",20,20,20,19,NO_APPROVED_CONTROL,False
mcma-2-1-7,k,1,df3561df4caf579c,1,1db1a342acac8945,EXHAUSTIVE,True,"[2, 3, 4, 5, 6, 7, 8, 9, 10, 11, 12, 13, 14, 15, 16, 17, 18, 19, 20, 21, 22, 23, 24, 25, 26, 27, 28, 29, 30]",[],POTENTIAL_WORKLOAD,"Numeric stimulus/answer input with explicit dependencies; possible arithmetic/reading burden, without student evidence or an assumed direction.",29,29,29,24,NO_APPROVED_CONTROL,False
mcma-2-1-8,k,1,a9874a1ee0dadfaf,1,2a50e0a3d94c95f8,EXHAUSTIVE,True,"[2, 3, 4, 5, 6, 7, 8, 9, 10, 11, 12, 13, 14, 15, 16, 17, 18, 19, 20, 21, 22, 23, 24, 25, 26, 27, 28, 29, 30]",[],POTENTIAL_WORKLOAD,"Numeric stimulus/answer input with explicit dependencies; possible arithmetic/reading burden, without student evidence or an assumed direction.",29,29,29,28,NO_APPROVED_CONTROL,False
mcma-2-2-8,k,1,be634aaa1b199318,1,f86cf8af9c1875cc,EXHAUSTIVE,True,"[2, 3, 4, 5, 6, 7, 8, 9, 10, 11, 12, 13, 14, 15, 16, 17, 18, 19, 20, 21, 22, 23, 24, 25, 26, 27, 28, 29, 30]",[],POTENTIAL_WORKLOAD,"Numeric stimulus/answer input with explicit dependencies; possible arithmetic/reading burden, without student evidence or an assumed direction.",29,29,29,28,NO_APPROVED_CONTROL,False
mcma-2-3-7,k,1,2831f7d2132e93ad,1,0b98c13bbc66dafc,EXHAUSTIVE,True,"[2, 3, 4, 5, 6, 7, 8, 9, 10, 11, 12, 13, 14, 15, 16, 17, 18, 19, 20, 21, 22, 23, 24, 25, 26, 27, 28, 29, 30]",[],POTENTIAL_WORKLOAD,"Numeric stimulus/answer input with explicit dependencies; possible arithmetic/reading burden, without student evidence or an assumed direction.",29,29,29,28,NO_APPROVED_CONTROL,False
mcma-2-3-8,k,1,4508da3938b031c4,1,27b2ba8ce56f082f,EXHAUSTIVE,True,"[2, 3, 4, 5, 6, 7, 8, 9, 10, 11, 12, 13, 14, 15, 16, 17, 18, 19, 20, 21, 22, 23, 24, 25, 26, 27, 28, 29, 30]",[],POTENTIAL_WORKLOAD,"Numeric stimulus/answer input with explicit dependencies; possible arithmetic/reading burden, without student evidence or an assumed direction.",29,29,29,28,NO_APPROVED_CONTROL,False
mcma-20-1-7,k,1,8696990a6779381e,1,f26dcff5c8fd3ee1,EXHAUSTIVE,True,"[2, 3, 4, 5, 6, 7, 8, 9, 10, 11, 12, 13, 14, 15, 16, 17, 18, 19, 20, 21, 22, 23, 24, 25, 26, 27, 28, 29, 30, 31, 32, 33, 34, 35, 36, 37, 38, 39, 40]",[],POTENTIAL_WORKLOAD,"Numeric stimulus/answer input with explicit dependencies; possible arithmetic/reading burden, without student evidence or an assumed direction.",39,39,39,36,NO_APPROVED_CONTROL,False
mcma-20-1-8,k,1,9111c1763526bf12,1,9b9d6656c13892b4,EXHAUSTIVE,True,"[2, 3, 4, 5, 6, 7, 8, 9, 10, 11, 12, 13, 14, 15, 16, 17, 18, 19, 20, 21, 22, 23, 24, 25, 26, 27, 28, 29, 30, 31, 32, 33, 34, 35, 36, 37, 38, 39, 40]",[],POTENTIAL_WORKLOAD,"Numeric stimulus/answer input with explicit dependencies; possible arithmetic/reading burden, without student evidence or an assumed direction.",39,39,39,38,NO_APPROVED_CONTROL,False
mcma-20-2-6,k,1,4ff9eee2bfb0a544,1,98a7fbf874034095,EXHAUSTIVE,True,"[1, 2]",[],POTENTIAL_WORKLOAD,"Numeric stimulus/answer input with explicit dependencies; possible arithmetic/reading burden, without student evidence or an assumed direction.",124,124,124,7,NO_APPROVED_CONTROL,False
mcma-20-2-6,t,1,4ff9eee2bfb0a544,1,98a7fbf874034095,EXHAUSTIVE,True,"[-2, -1, 0, 1, 2, 3, 4, 5, 6, 7, 8, 9, 10, 11, 12, 13, 14, 15, 16, 17, 18, 19, 20, 21, 22, 23, 24, 25, 26, 27, 28, 29, 30, 31, 32, 33, 34, 35, 36, 37, 38, 39, 40, 41, 42, 43, 44, 45, 46, 47, 48, 49, 50, 51, 52, 53, 54, 55, 56, 57, 58, 59, 60]",[],POTENTIAL_WORKLOAD,"Numeric stimulus/answer input with explicit dependencies; possible arithmetic/reading burden, without student evidence or an assumed direction.",124,124,124,114,NO_APPROVED_CONTROL,False
mcma-20-2-8,k,1,2d7c59824dad3a0c,1,a62a9e9f10583750,EXHAUSTIVE,True,"[2, 3, 4, 5, 6, 7, 8, 9, 10, 11, 12, 13, 14, 15, 16, 17, 18, 19, 20, 21, 22, 23, 24, 25, 26, 27, 28, 29, 30, 31, 32, 33, 34, 35, 36, 37, 38, 39, 40]",[],POTENTIAL_WORKLOAD,"Numeric stimulus/answer input with explicit dependencies; possible arithmetic/reading burden, without student evidence or an assumed direction.",39,39,39,36,NO_APPROVED_CONTROL,False
mcma-20-3-6,case,1,37c2537b03f58c19,1,eeed61172b7aaf32,EXHAUSTIVE,True,"[1, 3, 5, 7]",[],CONTENT_PROFILE,Selects a statement/data/role profile. Review the changed claims and reasoning; it is not a proven numeric difficulty control.,204,204,204,25,NO_APPROVED_CONTROL,False
mcma-20-3-6,center,1,37c2537b03f58c19,1,eeed61172b7aaf32,EXHAUSTIVE,True,"[8, 9, 10, 11, 12, 13, 14, 15, 16, 17, 18, 19, 20, 21, 22, 23, 24, 25, 26, 27, 28, 29, 30, 31, 32, 33, 34, 35, 36, 37, 38, 39, 40, 41, 42, 43, 44, 45, 46, 47, 48, 49, 50, 51, 52, 53, 54, 55, 56, 57, 58, 59, 60, 61, 62, 63, 64, 65, 66, 67, 68, 69, 70, 71, 72, 73, 74, 75, 76]",[],POTENTIAL_WORKLOAD,"Numeric stimulus/answer input with explicit dependencies; possible arithmetic/reading burden, without student evidence or an assumed direction.",204,204,204,172,NO_APPROVED_CONTROL,False
mcma-20-3-7,k,1,389e7770ffe5eed8,1,8f04a03d26f1cdb0,EXHAUSTIVE,True,"[2, 3, 4, 5, 6, 7, 8, 9, 10, 11, 12, 13, 14, 15, 16, 17, 18, 19, 20, 21, 22, 23, 24, 25, 26, 27, 28, 29, 30, 31, 32, 33, 34, 35, 36, 37, 38, 39, 40]",[],POTENTIAL_WORKLOAD,"Numeric stimulus/answer input with explicit dependencies; possible arithmetic/reading burden, without student evidence or an assumed direction.",39,39,39,36,NO_APPROVED_CONTROL,False
mcma-21-1-6,k,1,b6028a3215f9cfc1,1,1be3dcc4672f80c2,EXHAUSTIVE,True,"[1, 2]",[],POTENTIAL_WORKLOAD,"Numeric stimulus/answer input with explicit dependencies; possible arithmetic/reading burden, without student evidence or an assumed direction.",136,136,136,65,NO_APPROVED_CONTROL,False
mcma-21-1-6,t,1,b6028a3215f9cfc1,1,1be3dcc4672f80c2,EXHAUSTIVE,True,"[-10, -9, -8, -7, -6, -5, -4, -3, -2, -1, 0, 1, 2, 3, 4, 5, 6, 7, 8, 9, 10, 11, 12, 13, 14, 15, 16, 17, 18, 19, 20, 21, 22, 23, 24, 25, 26, 27, 28, 29, 30, 31, 32, 33, 34, 35, 36, 37, 38, 39, 40, 41, 42, 43, 44, 45, 46, 47, 48, 49, 50, 51, 52, 53, 54, 55, 56, 57, 58, 59, 60]",[],POTENTIAL_WORKLOAD,"Numeric stimulus/answer input with explicit dependencies; possible arithmetic/reading burden, without student evidence or an assumed direction.",136,136,136,129,NO_APPROVED_CONTROL,False
mcma-21-1-7,k,1,c666b1aaa2867ff7,1,21c7ec74296ab908,EXHAUSTIVE,True,"[0.5, 1, 1.5]",[],POTENTIAL_WORKLOAD,"Numeric stimulus/answer input with explicit dependencies; possible arithmetic/reading burden, without student evidence or an assumed direction.",182,182,182,22,NO_APPROVED_CONTROL,False
mcma-21-1-7,t,1,c666b1aaa2867ff7,1,21c7ec74296ab908,EXHAUSTIVE,True,"[-60, -59, -58, -57, -56, -55, -54, -53, -52, -51, -50, -49, -48, -47, -46, -45, -44, -43, -42, -41, -40, -39, -38, -37, -36, -35, -34, -33, -32, -31, -30, -29, -28, -27, -26, -25, -24, -23, -22, -21, -20, -19, -18, -17, -16, -15, -14, -13, -12, -11, -10, -9, -8, -7, -6, -5, -4, -3, -2, -1, 0, 1, 2, 3, 4, 5, 6, 7, 8, 9, 10, 11, 12, 13, 14, 15, 16, 17, 18, 19, 20, 21, 22, 23, 24, 25, 26, 27, 28, 29, 30, 31, 32, 33, 34, 35, 36, 37, 38, 39, 40, 41, 42, 43, 44, 45, 46, 47, 48, 49, 50, 51, 52, 53, 54, 55]",[],POTENTIAL_WORKLOAD,"Numeric stimulus/answer input with explicit dependencies; possible arithmetic/reading burden, without student evidence or an assumed direction.",182,182,182,144,NO_APPROVED_CONTROL,False
mcma-21-1-8,k,1,77719f3eea5b4d21,1,e1badad1d779734c,EXHAUSTIVE,True,"[1, 2]",[],POTENTIAL_WORKLOAD,"Numeric stimulus/answer input with explicit dependencies; possible arithmetic/reading burden, without student evidence or an assumed direction.",133,133,133,9,NO_APPROVED_CONTROL,False
mcma-21-1-8,t,1,77719f3eea5b4d21,1,e1badad1d779734c,EXHAUSTIVE,True,"[-8, -7, -6, -5, -4, -3, -2, -1, 0, 1, 2, 3, 4, 5, 6, 7, 8, 9, 10, 11, 12, 13, 14, 15, 16, 17, 18, 19, 20, 21, 22, 23, 24, 25, 26, 27, 28, 29, 30, 31, 32, 33, 34, 35, 36, 37, 38, 39, 40, 41, 42, 43, 44, 45, 46, 47, 48, 49, 50, 51, 52, 53, 54, 55, 56, 57, 58, 59, 60]",[],POTENTIAL_WORKLOAD,"Numeric stimulus/answer input with explicit dependencies; possible arithmetic/reading burden, without student evidence or an assumed direction.",133,133,133,126,NO_APPROVED_CONTROL,False
mcma-21-2-6,k,1,c4782594aacbcabb,1,f4e6a3a3bb65bc29,EXHAUSTIVE,True,"[1, 2]",[],POTENTIAL_WORKLOAD,"Numeric stimulus/answer input with explicit dependencies; possible arithmetic/reading burden, without student evidence or an assumed direction.",151,151,151,70,NO_APPROVED_CONTROL,False
mcma-21-2-6,t,1,c4782594aacbcabb,1,f4e6a3a3bb65bc29,EXHAUSTIVE,True,"[-20, -19, -18, -17, -16, -15, -14, -13, -12, -11, -10, -9, -8, -7, -6, -5, -4, -3, -2, -1, 0, 1, 2, 3, 4, 5, 6, 7, 8, 9, 10, 11, 12, 13, 14, 15, 16, 17, 18, 19, 20, 21, 22, 23, 24, 25, 26, 27, 28, 29, 30, 31, 32, 33, 34, 35, 36, 37, 38, 39, 40, 41, 42, 43, 44, 45, 46, 47, 48, 49, 50, 51, 52, 53, 54, 55, 56, 57, 58, 59, 60]",[],POTENTIAL_WORKLOAD,"Numeric stimulus/answer input with explicit dependencies; possible arithmetic/reading burden, without student evidence or an assumed direction.",151,151,151,146,NO_APPROVED_CONTROL,False
mcma-21-2-7,k,1,f77c5c1bfc62ccf9,1,923a0923cc8691a9,EXHAUSTIVE,True,"[0.5, 1, 1.5, 2]",[],POTENTIAL_WORKLOAD,"Numeric stimulus/answer input with explicit dependencies; possible arithmetic/reading burden, without student evidence or an assumed direction.",263,263,263,194,NO_APPROVED_CONTROL,False
mcma-21-2-7,t,1,f77c5c1bfc62ccf9,1,923a0923cc8691a9,EXHAUSTIVE,True,"[-8, -7, -6, -5, -4, -3, -2, -1, 0, 1, 2, 3, 4, 5, 6, 7, 8, 9, 10, 11, 12, 13, 14, 15, 16, 17, 18, 19, 20, 21, 22, 23, 24, 25, 26, 27, 28, 29, 30, 31, 32, 33, 34, 35, 36, 37, 38, 39, 40, 41, 42, 43, 44, 45, 46, 47, 48, 49, 50, 51, 52, 53, 54, 55, 56, 57, 58, 59, 60]",[],POTENTIAL_WORKLOAD,"Numeric stimulus/answer input with explicit dependencies; possible arithmetic/reading burden, without student evidence or an assumed direction.",263,263,263,251,NO_APPROVED_CONTROL,False
mcma-21-2-8,k,1,a4cc1fd1d9be993d,1,b95149b640b18941,EXHAUSTIVE,True,"[1, 2]",[],POTENTIAL_WORKLOAD,"Numeric stimulus/answer input with explicit dependencies; possible arithmetic/reading burden, without student evidence or an assumed direction.",181,181,181,41,NO_APPROVED_CONTROL,False
mcma-21-2-8,t,1,a4cc1fd1d9be993d,1,b95149b640b18941,EXHAUSTIVE,True,"[-40, -39, -38, -37, -36, -35, -34, -33, -32, -31, -30, -29, -28, -27, -26, -25, -24, -23, -22, -21, -20, -19, -18, -17, -16, -15, -14, -13, -12, -11, -10, -9, -8, -7, -6, -5, -4, -3, -2, -1, 0, 1, 2, 3, 4, 5, 6, 7, 8, 9, 10, 11, 12, 13, 14, 15, 16, 17, 18, 19, 20, 21, 22, 23, 24, 25, 26, 27, 28, 29, 30, 31, 32, 33, 34, 35, 36, 37, 38, 39, 40, 41, 42, 43, 44, 45, 46, 47, 48, 49, 50, 51, 52, 53, 54, 55, 56, 57, 58, 59, 60]",[],POTENTIAL_WORKLOAD,"Numeric stimulus/answer input with explicit dependencies; possible arithmetic/reading burden, without student evidence or an assumed direction.",181,181,181,168,NO_APPROVED_CONTROL,False
mcma-21-3-6,k,1,2118bb83bf1b3f31,1,8e233cf3441ea7c8,EXHAUSTIVE,True,"[1, 2]",[],POTENTIAL_WORKLOAD,"Numeric stimulus/answer input with explicit dependencies; possible arithmetic/reading burden, without student evidence or an assumed direction.",151,151,151,21,NO_APPROVED_CONTROL,False
mcma-21-3-6,t,1,2118bb83bf1b3f31,1,8e233cf3441ea7c8,EXHAUSTIVE,True,"[-20, -19, -18, -17, -16, -15, -14, -13, -12, -11, -10, -9, -8, -7, -6, -5, -4, -3, -2, -1, 0, 1, 2, 3, 4, 5, 6, 7, 8, 9, 10, 11, 12, 13, 14, 15, 16, 17, 18, 19, 20, 21, 22, 23, 24, 25, 26, 27, 28, 29, 30, 31, 32, 33, 34, 35, 36, 37, 38, 39, 40, 41, 42, 43, 44, 45, 46, 47, 48, 49, 50, 51, 52, 53, 54, 55, 56, 57, 58, 59, 60]",[],POTENTIAL_WORKLOAD,"Numeric stimulus/answer input with explicit dependencies; possible arithmetic/reading burden, without student evidence or an assumed direction.",151,151,151,138,NO_APPROVED_CONTROL,False
mcma-21-3-7,k,1,91bb7ed002a6dfa1,1,214a97142ab0ccc1,EXHAUSTIVE,True,"[1, 2]",[],POTENTIAL_WORKLOAD,"Numeric stimulus/answer input with explicit dependencies; possible arithmetic/reading burden, without student evidence or an assumed direction.",124,124,124,7,NO_APPROVED_CONTROL,False
mcma-21-3-7,t,1,91bb7ed002a6dfa1,1,214a97142ab0ccc1,EXHAUSTIVE,True,"[-2, -1, 0, 1, 2, 3, 4, 5, 6, 7, 8, 9, 10, 11, 12, 13, 14, 15, 16, 17, 18, 19, 20, 21, 22, 23, 24, 25, 26, 27, 28, 29, 30, 31, 32, 33, 34, 35, 36, 37, 38, 39, 40, 41, 42, 43, 44, 45, 46, 47, 48, 49, 50, 51, 52, 53, 54, 55, 56, 57, 58, 59, 60]",[],POTENTIAL_WORKLOAD,"Numeric stimulus/answer input with explicit dependencies; possible arithmetic/reading burden, without student evidence or an assumed direction.",124,124,124,114,NO_APPROVED_CONTROL,False
mcma-21-3-8,t,2,fc671ca01da531e2,1,d79dcfa845e64036,EXHAUSTIVE,True,"[-30, -29, -28, -27, -26, -25, -24, -23, -22, -21, -20, -19, -18, -17, -16, -15, -14, -13, -12, -11, -10, -9, -8, -7, -6, -5, -4, -3, -2, -1, 1, 2, 3, 4, 5, 6, 7, 8, 9, 10, 11, 12, 13, 14, 15, 16, 17, 18, 19, 20]",[],NUMERIC_CONTEXT,"Common data translation preserves ordering, gaps and comparison relations; displayed digit changes are recorded separately.",50,50,50,1,NO_APPROVED_CONTROL,False
mcma-22-1-6,case,2,177d7c2ac0dc9f26,1,82d78fbb36a0070b,EXHAUSTIVE,True,"[1, 2, 3, 4, 5, 6, 7]",[],CONTENT_PROFILE,Selects a statement/data/role profile. Review the changed claims and reasoning; it is not a proven numeric difficulty control.,132,132,132,41,NO_APPROVED_CONTROL,False
mcma-22-1-6,t,2,177d7c2ac0dc9f26,1,82d78fbb36a0070b,EXHAUSTIVE,True,"[-15, -14, -13, -12, -11, -10, -9, -8, -7, -6, -5, -4, -3, -2, -1, 0, 1, 2, 3, 4, 5, 6, 7, 8, 9, 10, 11, 12, 13, 14, 15, 16, 17, 18, 19, 20]",[],NUMERIC_CONTEXT,"Common data translation preserves ordering, gaps and comparison relations; displayed digit changes are recorded separately.",132,132,132,67,NO_APPROVED_CONTROL,False
mcma-22-1-7,case,2,64972e5105958f62,1,afe10083a0537e2b,EXHAUSTIVE,True,"[1, 2, 3, 4, 5, 6, 7]",[],CONTENT_PROFILE,Selects a statement/data/role profile. Review the changed claims and reasoning; it is not a proven numeric difficulty control.,162,162,162,81,NO_APPROVED_CONTROL,False
mcma-22-1-7,t,2,64972e5105958f62,1,afe10083a0537e2b,EXHAUSTIVE,True,"[-20, -19, -18, -17, -16, -15, -14, -13, -12, -11, -10, -9, -8, -7, -6, -5, -4, -3, -2, -1, 0, 1, 2, 3, 4, 5, 6, 7, 8, 9, 10, 11, 12, 13, 14, 15, 16, 17, 18, 19, 20]",[],NUMERIC_CONTEXT,"Common data translation preserves ordering, gaps and comparison relations; displayed digit changes are recorded separately.",162,162,162,92,NO_APPROVED_CONTROL,False
mcma-22-2-6,case,1,015e2d7dcb52bd2c,1,659b64267141352b,EXHAUSTIVE,True,"[1, 2, 3, 4, 5]",[],CONTENT_PROFILE,Selects a statement/data/role profile. Review the changed claims and reasoning; it is not a proven numeric difficulty control.,185,185,185,34,NO_APPROVED_CONTROL,False
mcma-22-2-6,center,1,015e2d7dcb52bd2c,1,659b64267141352b,EXHAUSTIVE,True,"[10, 11, 12, 13, 14, 15, 16, 17, 18, 19, 20, 21, 22, 23, 24, 25, 26, 27, 28, 29, 30, 31, 32, 33, 34, 35, 36, 37, 38, 39, 40, 41, 42, 43, 44, 45, 46, 47, 48, 49, 50, 51, 52, 53, 54, 55, 56, 57, 58, 59, 60, 61, 62, 63, 64, 65, 66, 67, 68, 69, 70]",[],POTENTIAL_WORKLOAD,"Numeric stimulus/answer input with explicit dependencies; possible arithmetic/reading burden, without student evidence or an assumed direction.",185,185,185,135,NO_APPROVED_CONTROL,False
mcma-22-2-7,case,1,32940e9ac76755b6,1,dfb0247044e1c344,EXHAUSTIVE,True,"[1, 3, 4, 5, 7]",[],CONTENT_PROFILE,Selects a statement/data/role profile. Review the changed claims and reasoning; it is not a proven numeric difficulty control.,300,300,300,33,NO_APPROVED_CONTROL,False
mcma-22-2-7,center,1,32940e9ac76755b6,1,dfb0247044e1c344,EXHAUSTIVE,True,"[15, 16, 17, 18, 19, 20, 21, 22, 23, 24, 25, 26, 27, 28, 29, 30, 31, 32, 33, 34, 35, 36, 37, 38, 39, 40, 41, 42, 43, 44, 45, 46, 47, 48, 49, 50, 51, 52, 53, 54, 55, 56, 57, 58, 59, 60, 61, 62, 63, 64, 65, 66, 67, 68, 69, 70, 71, 72, 73, 74, 75, 76, 77, 78, 79, 80, 81, 82, 83, 84, 85, 86, 87, 88, 89, 90]",[],POTENTIAL_WORKLOAD,"Numeric stimulus/answer input with explicit dependencies; possible arithmetic/reading burden, without student evidence or an assumed direction.",300,300,300,250,NO_APPROVED_CONTROL,False
mcma-22-3-6,case,1,47a1baec3055b294,1,3c073e4650ffe0ba,EXHAUSTIVE,True,"[0, 1, 2, 3, 4, 5, 6, 7]",[],CONTENT_PROFILE,Selects a statement/data/role profile. Review the changed claims and reasoning; it is not a proven numeric difficulty control.,684,684,684,268,NO_APPROVED_CONTROL,False
mcma-22-3-6,center,1,47a1baec3055b294,1,3c073e4650ffe0ba,EXHAUSTIVE,True,"[0, 1, 2, 3, 4, 5, 6, 7, 8, 9, 10, 11, 12, 13, 14, 15, 16, 17, 18, 19, 20, 21, 22, 23, 24, 25, 26, 27, 28, 29, 30, 31, 32, 33, 34, 35, 36, 37, 38, 39, 40, 41, 42, 43, 44, 45, 46, 47, 48, 49, 50, 51, 52, 53, 54, 55, 56, 57, 58, 59, 60, 61, 62, 63, 64, 65, 66, 67, 68, 69, 70, 71, 72, 73, 74, 75, 76, 77, 78, 79, 80, 81, 82, 83, 84, 85, 86, 87, 88, 89, 90, 91, 92, 93, 94, 95, 96, 97, 98, 99, 100]",[],POTENTIAL_WORKLOAD,"Numeric stimulus/answer input with explicit dependencies; possible arithmetic/reading burden, without student evidence or an assumed direction.",684,684,684,616,NO_APPROVED_CONTROL,False
mcma-22-3-7,case,1,31d967868a824546,1,ccbe885f96eb4ce8,EXHAUSTIVE,True,"[2, 3, 4, 5, 6, 7]",[],CONTENT_PROFILE,Selects a statement/data/role profile. Review the changed claims and reasoning; it is not a proven numeric difficulty control.,234,234,234,42,NO_APPROVED_CONTROL,False
mcma-22-3-7,center,1,31d967868a824546,1,ccbe885f96eb4ce8,EXHAUSTIVE,True,"[0, 1, 2, 3, 4, 5, 6, 7, 8, 9, 10, 11, 12, 13, 14, 15, 16, 17, 18, 19, 20, 21, 22, 23, 24, 25, 26, 27, 28, 29, 30, 31, 32, 33, 34, 35, 36, 37, 38, 39, 40, 41, 42, 43, 44, 45, 46, 47, 48, 49, 50, 51, 52, 53, 54, 55, 56, 57, 58, 59, 60, 61, 62, 63, 64, 65, 66, 67, 68, 69, 70, 71, 72, 73, 74, 75, 76, 77, 78, 79, 80]",[],POTENTIAL_WORKLOAD,"Numeric stimulus/answer input with explicit dependencies; possible arithmetic/reading burden, without student evidence or an assumed direction.",234,234,234,194,NO_APPROVED_CONTROL,False
mcma-22-3-8,case,2,511150bba8ff7dca,1,dc7eb6883b8ceb7d,EXHAUSTIVE,True,"[1, 2, 3, 4, 5, 6, 7]",[],CONTENT_PROFILE,Selects a statement/data/role profile. Review the changed claims and reasoning; it is not a proven numeric difficulty control.,197,197,197,68,NO_APPROVED_CONTROL,False
mcma-22-3-8,t,2,511150bba8ff7dca,1,dc7eb6883b8ceb7d,EXHAUSTIVE,True,"[-20, -19, -18, -17, -16, -15, -14, -13, -12, -11, -10, -9, -8, -7, -6, -5, -4, -3, -2, -1, 0, 1, 2, 3, 4, 5, 6, 7, 8, 9, 10, 11, 12, 13, 14, 15, 16, 17, 18, 19, 20]",[],NUMERIC_CONTEXT,"Common data translation preserves ordering, gaps and comparison relations; displayed digit changes are recorded separately.",197,197,197,122,NO_APPROVED_CONTROL,False
mcma-23-1-6,limit,1,d31cfaa3470231de,1,d66696155b4094a7,EXHAUSTIVE,True,"[2, 3, 4, 5, 6, 7]",[],POTENTIAL_WORKLOAD,"Numeric stimulus/answer input with explicit dependencies; possible arithmetic/reading burden, without student evidence or an assumed direction.",35,35,35,5,NO_APPROVED_CONTROL,False
mcma-23-1-6,face,1,d31cfaa3470231de,1,d66696155b4094a7,EXHAUSTIVE,True,"[1, 2, 3, 4, 5, 6]",[],POTENTIAL_WORKLOAD,"Numeric stimulus/answer input with explicit dependencies; possible arithmetic/reading burden, without student evidence or an assumed direction.",35,35,35,0,NO_APPROVED_CONTROL,False
mcma-23-1-7,red,1,8130c74bf4edebea,1,480cc2b84e114177,EXHAUSTIVE,True,"[1, 2, 3, 4, 5, 6, 7, 8, 9, 10, 11, 12, 13, 14, 15, 16, 17, 18, 19, 20]",[],POTENTIAL_WORKLOAD,"Numeric stimulus/answer input with explicit dependencies; possible arithmetic/reading burden, without student evidence or an assumed direction.",350,350,350,312,NO_APPROVED_CONTROL,False
mcma-23-1-7,white,1,8130c74bf4edebea,1,480cc2b84e114177,EXHAUSTIVE,True,"[1, 2, 3, 4, 5, 6, 7, 8, 9, 10, 11, 12, 13, 14, 15, 16, 17, 18, 19, 20]",[],POTENTIAL_WORKLOAD,"Numeric stimulus/answer input with explicit dependencies; possible arithmetic/reading burden, without student evidence or an assumed direction.",350,350,350,313,NO_APPROVED_CONTROL,False
mcma-23-1-8,trials,1,1cd27202a1fcac3a,1,3ff550cba49f086b,EXHAUSTIVE,True,"[30, 60, 90, 120, 150, 180, 210, 240, 270, 300, 330, 360, 390, 420, 450, 480, 510, 540, 570, 600]",[],POTENTIAL_WORKLOAD,"Numeric stimulus/answer input with explicit dependencies; possible arithmetic/reading burden, without student evidence or an assumed direction.",187,187,187,140,NO_APPROVED_CONTROL,False
mcma-23-1-8,delta,1,1cd27202a1fcac3a,1,3ff550cba49f086b,EXHAUSTIVE,True,"[-60, -57, -54, -51, -48, -45, -42, -39, -36, -33, -30, -27, -24, -21, -18, -15, -12, -9, -6, -3, 0, 3, 6, 9, 12, 15, 18, 21, 24, 27, 30, 33, 36, 39, 42, 45, 48, 51, 54, 57, 60]",[],POTENTIAL_WORKLOAD,"Numeric stimulus/answer input with explicit dependencies; possible arithmetic/reading burden, without student evidence or an assumed direction.",187,187,187,167,NO_APPROVED_CONTROL,False
mcma-23-2-6,trials,1,dd617d519e572456,1,8feb5c161fb27b73,EXHAUSTIVE,True,"[100, 200, 300, 400, 500, 600]",[],POTENTIAL_WORKLOAD,"Numeric stimulus/answer input with explicit dependencies; possible arithmetic/reading burden, without student evidence or an assumed direction.",225,225,225,115,NO_APPROVED_CONTROL,False
mcma-23-2-6,delta,1,dd617d519e572456,1,8feb5c161fb27b73,EXHAUSTIVE,True,"[-60, -56, -55, -54, -52, -50, -48, -45, -44, -42, -40, -39, -36, -35, -33, -32, -30, -28, -27, -26, -25, -24, -22, -21, -20, -18, -16, -15, -14, -13, -12, -11, -10, -9, -8, -7, -6, -5, -4, -3, -2, -1, 0, 1, 2, 3, 4, 5, 6, 7, 8, 9, 10, 11, 12, 13, 14, 15, 16, 17, 18, 19, 20, 21, 22, 23, 24, 25, 26, 27, 28, 29, 30, 31, 32, 33, 34, 35, 36, 37, 38, 39, 40, 41, 42, 43, 44, 45, 46, 47, 48, 50, 51, 52, 54, 55, 56, 57, 58, 60]",[],POTENTIAL_WORKLOAD,"Numeric stimulus/answer input with explicit dependencies; possible arithmetic/reading burden, without student evidence or an assumed direction.",225,225,225,216,NO_APPROVED_CONTROL,False
mcma-23-2-7,red,1,3aada3e538aaa758,1,810e35aec9600d3c,EXHAUSTIVE,True,"[1, 2, 3, 4, 5, 6, 7, 8, 9, 10, 11, 12, 13, 14, 15, 16, 17, 18, 19, 20]",[],POTENTIAL_WORKLOAD,"Numeric stimulus/answer input with explicit dependencies; possible arithmetic/reading burden, without student evidence or an assumed direction.",7777,7777,7777,6791,NO_APPROVED_CONTROL,False
mcma-23-2-7,blue,1,3aada3e538aaa758,1,810e35aec9600d3c,EXHAUSTIVE,True,"[1, 2, 3, 4, 5, 6, 7, 8, 9, 10, 11, 12, 13, 14, 15, 16, 17, 18, 19, 20]",[],POTENTIAL_WORKLOAD,"Numeric stimulus/answer input with explicit dependencies; possible arithmetic/reading burden, without student evidence or an assumed direction.",7777,7777,7777,6787,NO_APPROVED_CONTROL,False
mcma-23-2-7,green,1,3aada3e538aaa758,1,810e35aec9600d3c,EXHAUSTIVE,True,"[1, 2, 3, 4, 5, 6, 7, 8, 9, 10, 11, 12, 13, 14, 15, 16, 17, 18, 19, 20]",[],POTENTIAL_WORKLOAD,"Numeric stimulus/answer input with explicit dependencies; possible arithmetic/reading burden, without student evidence or an assumed direction.",7777,7777,7777,6624,NO_APPROVED_CONTROL,False
mcma-23-2-8,trials,1,787674fa62a6fa18,1,306f0853f4d288a4,EXHAUSTIVE,True,"[12, 24, 36, 48, 60, 72, 84, 96, 108, 132, 144, 156, 168, 180, 192, 204, 216, 228, 240, 252, 264, 276, 288, 300, 312, 324, 336, 348, 360, 372, 384, 396, 408, 420, 432, 444, 456, 468, 480, 492, 504, 516, 528, 540, 552, 564, 576, 588, 600, 612, 624, 636, 648, 660, 672, 684, 696, 708, 720, 732, 744, 756, 768, 780, 792, 804, 816, 828, 840, 852, 864, 876, 888, 900, 912, 924, 936, 948, 960, 972, 984, 996, 1008, 1020, 1032, 1044, 1056, 1068, 1080, 1092, 1104, 1116, 1128, 1140, 1152, 1164, 1176, 1188, 1200]",[],POTENTIAL_WORKLOAD,"Numeric stimulus/answer input with explicit dependencies; possible arithmetic/reading burden, without student evidence or an assumed direction.",99,99,99,98,NO_APPROVED_CONTROL,False
mcma-23-3-6,trials,1,98e1fb5065ad11b9,1,b1c306b0af5e0055,EXHAUSTIVE,True,"[12, 24, 36, 48, 60, 72, 84, 96, 108, 120, 132, 144, 156, 168, 180, 192, 204, 216, 228, 240, 252, 264, 276, 288, 300, 312, 324, 336, 348, 360, 372, 384, 396, 408, 420, 432, 444, 456, 468, 480, 492, 504, 516, 528, 540, 552, 564, 576, 588, 612, 624, 636, 648, 660, 672, 684, 696, 708, 720, 732, 744, 756, 768, 780, 792, 804, 816, 828, 840, 852, 864, 876, 888, 900, 912, 924, 936, 948, 960, 972, 984, 996, 1008, 1020, 1032, 1044, 1056, 1068, 1080, 1092, 1104, 1116, 1128, 1140, 1152, 1164, 1176, 1188, 1200]",[],POTENTIAL_WORKLOAD,"Numeric stimulus/answer input with explicit dependencies; possible arithmetic/reading burden, without student evidence or an assumed direction.",99,99,99,98,NO_APPROVED_CONTROL,False
mcma-23-3-7,trials,2,a38491b838a742a2,1,3d811a80373ee02b,EXHAUSTIVE,True,"[100, 200, 300, 400, 500, 600, 700, 800, 900, 1000, 1100, 1200, 1300, 1400, 1500]",[],NUMERIC_CONTEXT,"Only stimulus/explanation depend on this input, not answer text or correctness; representation signals are separate from a change in the mathematical task.",1455,1455,1455,1238,NO_APPROVED_CONTROL,False
mcma-23-3-7,p,2,a38491b838a742a2,1,3d811a80373ee02b,EXHAUSTIVE,True,"[1, 2, 3, 4, 5, 6, 7, 8, 9, 10, 11, 12, 13, 14, 15, 16, 17, 18, 19, 20, 21, 22, 23, 24, 25, 26, 27, 28, 29, 30, 31, 32, 33, 34, 35, 36, 37, 38, 39, 40, 41, 42, 43, 44, 45, 46, 47, 48, 49, 51, 52, 54, 55, 56, 57, 58, 59, 60, 61, 62, 63, 64, 65, 66, 67, 68, 69, 70, 71, 72, 73, 74, 75, 76, 77, 78, 79, 80, 81, 82, 83, 84, 85, 86, 87, 88, 89, 90, 91, 92, 93, 94, 95, 96, 97, 98, 99]",[],POTENTIAL_WORKLOAD,"Numeric stimulus/answer input with explicit dependencies; possible arithmetic/reading burden, without student evidence or an assumed direction.",1455,1455,1455,1386,NO_APPROVED_CONTROL,False
mcma-23-3-8,trials,2,f0e7bf1cfa1a8261,1,63c18aa1a7f76c84,EXHAUSTIVE,True,"[100, 200, 300, 400, 500, 600, 700, 800, 900, 1000, 1100, 1200, 1300, 1400, 1500]",[],NUMERIC_CONTEXT,"Only stimulus/explanation depend on this input, not answer text or correctness; representation signals are separate from a change in the mathematical task.",3767,3767,3767,2456,NO_APPROVED_CONTROL,False
mcma-23-3-8,p,2,f0e7bf1cfa1a8261,1,63c18aa1a7f76c84,EXHAUSTIVE,True,"[1, 2, 3, 4, 5, 6, 7, 8, 9, 10, 11, 12, 13, 14, 15, 16, 17, 18, 19, 20, 21, 22, 23, 24, 25, 26, 27, 28, 29, 30, 31, 32, 33, 34, 35, 36, 37, 38, 39, 40, 41, 42, 43, 44, 45, 46, 47, 48, 49, 50, 51, 52, 53, 54, 55, 56, 57, 58, 59, 60, 61, 62, 63, 64, 65, 66, 67, 68, 69, 70, 71, 72, 73, 74, 75, 76, 77, 78, 79, 80, 81, 82, 83, 84, 85, 86, 87, 88, 89, 90, 91, 92, 93, 94, 95, 96, 97, 98, 99, 100, 101, 102, 103, 104, 105, 106, 107, 108, 109, 110, 111, 112, 113, 114, 115, 116, 117, 118, 119, 120, 121, 122, 123, 124, 125, 126, 127, 128, 129, 130, 131, 132, 133, 134, 135, 136, 137, 138, 139, 140, 141, 142, 143, 144, 145, 146, 147, 148, 149, 150, 151, 152, 153, 154, 155, 156, 157, 158, 159, 160, 161, 162, 163, 164, 165, 166, 167, 168, 169, 170, 171, 172, 173, 174, 175, 176, 177, 178, 179, 180, 181, 182, 183, 184, 185, 186, 187, 188, 189, 190, 191, 192, 193, 194, 195, 196, 197, 198, 199, 200, 201, 202, 203, 204, 205, 206, 207, 208, 209, 210, 211, 212, 213, 214, 215, 216, 217, 218, 219, 220, 221, 222, 223, 224, 225, 226, 227, 228, 229, 230, 231, 232, 233, 234, 235, 236, 237, 238, 239, 240, 241, 242, 243, 244, 245, 246, 247, 248, 249, 250, 251, 252, 253, 254, 255, 256, 257, 258, 259, 260, 261, 262, 263, 264, 265, 266, 267, 268, 269, 270, 271, 272, 273, 274, 275, 276, 277, 278, 279, 280, 281, 282, 283, 284, 285, 286, 287, 288, 289, 290, 291, 292, 293, 294, 295, 296, 297, 298, 299, 300, 301, 302, 303, 304, 305, 306, 307, 308, 309, 310, 311, 312, 313, 314, 315, 316, 317, 318, 319, 320, 321, 322, 323, 324, 325, 326, 327, 328, 329, 330, 331, 332, 333, 334, 335, 336, 337, 338, 339, 340, 341, 342, 343, 344, 345, 346, 347, 348, 349, 350, 351, 352, 353, 354, 355, 356, 357, 358, 359, 360, 361, 362, 363, 364, 365, 366, 367, 368, 369, 370, 371, 372, 373, 374, 375, 376, 377, 378, 379, 380, 381, 382, 383, 384, 385, 386, 387, 388, 389, 390, 391, 392, 393, 394, 395, 396, 397, 398, 399, 400, 401, 402, 403, 404, 405, 406, 407, 408, 409, 410, 411, 412, 413, 414, 415, 416, 417, 418, 419, 420, 421, 422, 423, 424, 425, 426, 427, 428, 429, 430, 431, 432, 433, 434, 435, 436, 437, 438, 439, 440, 441, 442, 443, 444, 445, 446, 447, 448, 449, 450, 451, 452, 453, 454, 455, 456, 457, 458, 459, 460, 461, 462, 463, 464, 465, 466, 467, 468, 469, 470, 471, 472, 473, 474, 475, 476, 477, 478, 479, 480, 481, 482, 483, 484, 485, 486, 487, 488, 489, 490, 491, 492, 493, 495, 496, 497, 498, 499, 501, 502, 503, 504, 505, 506, 507, 508, 509, 510, 511, 512, 513, 514, 515, 516, 517, 518, 519, 520, 521, 522, 523, 524, 525, 526, 527, 528, 529, 530, 531, 532, 533, 534, 535, 536, 537, 538, 539, 540, 541, 542, 543, 544, 545, 546, 547, 548, 549, 550, 551, 552, 553, 554, 555, 556, 557, 558, 559, 560, 561, 562, 563, 564, 565, 566, 567, 568, 569, 570, 571, 572, 573, 574, 575, 576, 577, 578, 579, 580, 581, 582, 583, 584, 585, 586, 587, 588, 589, 590, 591, 592, 593, 594, 595, 596, 597, 598, 599, 600, 601, 602, 603, 604, 605, 606, 607, 608, 609, 610, 611, 612, 613, 614, 615, 616, 617, 618, 619, 620, 621, 622, 623, 624, 625, 626, 627, 628, 629, 630, 631, 632, 633, 634, 635, 636, 637, 638, 639, 640, 641, 642, 643, 644, 645, 646, 647, 648, 649, 650, 651, 652, 653, 654, 655, 656, 657, 658, 659, 660, 661, 662, 663, 664, 665, 666, 667, 668, 669, 670, 671, 672, 673, 674, 675, 676, 677, 678, 679, 680, 681, 682, 683, 684, 685, 686, 687, 688, 689, 690, 691, 692, 693, 694, 695, 696, 697, 698, 699, 700, 701, 702, 703, 704, 705, 706, 707, 708, 709, 710, 711, 712, 713, 714, 715, 716, 717, 718, 719, 720, 721, 722, 723, 724, 725, 726, 727, 728, 729, 730, 731, 732, 733, 734, 735, 736, 737, 738, 739, 740, 741, 742, 743, 744, 745, 746, 747, 748, 749, 750, 751, 752, 753, 754, 755, 756, 757, 758, 759, 760, 761, 762, 763, 764, 765, 766, 767, 768, 769, 770, 771, 772, 773, 774, 775, 776, 777, 778, 779, 780, 781, 782, 783, 784, 785, 786, 787, 788, 789, 790, 791, 792, 793, 794, 795, 796, 797, 798, 799, 800, 801, 802, 803, 804, 805, 806, 807, 808, 809, 810, 811, 812, 813, 814, 815, 816, 817, 818, 819, 820, 821, 822, 823, 824, 825, 826, 827, 828, 829, 830, 831, 832, 833, 834, 835, 836, 837, 838, 839, 840, 841, 842, 843, 844, 845, 846, 847, 848, 849, 850, 851, 852, 853, 854, 855, 856, 857, 858, 859, 860, 861, 862, 863, 864, 865, 866, 867, 868, 869, 870, 871, 872, 873, 874, 875, 876, 877, 878, 879, 880, 881, 882, 883, 884, 885, 886, 887, 888, 889, 890, 891, 892, 893, 894, 895, 896, 897, 898, 899, 900, 901, 902, 903, 904, 905, 906, 907, 908, 909, 910, 911, 912, 913, 914, 915, 916, 917, 918, 919, 920, 921, 922, 923, 924, 925, 926, 927, 928, 929, 930, 931, 932, 933, 934, 935, 936, 937, 938, 939, 940, 941, 942, 943, 944, 945, 946, 947, 948, 949, 950, 951, 952, 953, 954, 955, 956, 957, 958, 959, 960, 961, 962, 963, 964, 965, 966, 967, 968, 969, 970, 971, 972, 973, 974, 975, 976, 977, 978, 979, 980, 981, 982, 983, 984, 985, 986, 987, 988, 989, 990, 991, 992, 993, 994, 995, 996, 997, 998, 999]",[],POTENTIAL_WORKLOAD,"Numeric stimulus/answer input with explicit dependencies; possible arithmetic/reading burden, without student evidence or an assumed direction.",3767,3767,3767,3425,NO_APPROVED_CONTROL,False
mcma-3-1-6,k,1,7123fb6ab146a39d,1,b7f0bdee2747ded5,EXHAUSTIVE,True,"[1, 3, 5, 7, 9, 11, 13, 15, 17, 19, 21, 23, 25, 27, 29, 31, 33, 35, 37, 39, 41, 43, 45, 47, 49, 51, 53, 55, 57, 59, 61, 63, 65, 67, 69, 71, 73, 75, 77, 79]",[],POTENTIAL_WORKLOAD,"Numeric stimulus/answer input with explicit dependencies; possible arithmetic/reading burden, without student evidence or an assumed direction.",40,40,40,0,NO_APPROVED_CONTROL,False
mcma-3-1-7,k,1,5138fe85a5bf8cff,1,af297811e9c3a286,EXHAUSTIVE,True,"[2, 3, 4, 5, 6, 7, 8, 9, 11, 12, 13, 14, 15, 16, 17, 18, 19, 20, 22, 23, 24, 25, 26, 27, 28, 29, 30, 31, 32, 33, 35, 36, 37, 38, 39, 40, 41, 42, 43, 44, 45, 46, 47, 48, 50, 51, 52, 53, 54, 55, 56, 57, 58, 59, 60, 61, 62, 63, 64, 65, 67, 68, 69, 70, 71, 72, 73, 74, 75, 76, 77, 78, 79, 80]",[],POTENTIAL_WORKLOAD,"Numeric stimulus/answer input with explicit dependencies; possible arithmetic/reading burden, without student evidence or an assumed direction.",74,74,74,0,NO_APPROVED_CONTROL,False
mcma-3-1-8,k,1,f7176b8b1f806076,1,f6dffc1909c9ed76,EXHAUSTIVE,True,"[1, 2, 3, 4, 5, 6, 7, 8, 9, 10, 11, 12, 13, 14, 15, 16, 17, 18, 19, 20, 21, 22, 23, 24, 25, 26, 27, 28, 29, 30, 31, 32, 33, 34, 35, 36, 37, 38, 39, 40, 41, 42, 43, 44, 45, 46, 47, 48, 49, 50, 51, 52, 53, 54, 55, 56, 57, 58, 59, 60, 61, 62, 63, 64, 65, 66, 67, 68, 69, 70, 71, 72, 73, 74, 75, 76, 77, 78, 79, 80]",[],POTENTIAL_WORKLOAD,"Numeric stimulus/answer input with explicit dependencies; possible arithmetic/reading burden, without student evidence or an assumed direction.",80,80,80,76,NO_APPROVED_CONTROL,False
mcma-3-2-6,k,1,36ab524f1d5ffd25,1,bad21f1443bd875e,EXHAUSTIVE,True,"[1, 3, 5, 7, 9, 11, 13, 15, 17, 19, 21, 23, 25, 27, 29, 31, 33, 35, 37, 39, 41, 43, 45, 47, 49, 51, 53, 55, 57, 59, 61, 63, 65, 67, 69, 71, 73, 75, 77, 79]",[],POTENTIAL_WORKLOAD,"Numeric stimulus/answer input with explicit dependencies; possible arithmetic/reading burden, without student evidence or an assumed direction.",40,40,40,3,NO_APPROVED_CONTROL,False
mcma-3-3-6,k,1,d1081ada1893b3c4,1,eec113ede13a51c0,EXHAUSTIVE,True,"[1, 3, 5, 7, 9, 11, 13, 15, 17, 19, 21, 23, 25, 27, 29, 31, 33, 35, 37, 39, 41, 43, 45, 47, 49, 51, 53, 55, 57, 59, 61, 63, 65, 67, 69, 71, 73, 75, 77, 79]",[],POTENTIAL_WORKLOAD,"Numeric stimulus/answer input with explicit dependencies; possible arithmetic/reading burden, without student evidence or an assumed direction.",40,40,40,0,NO_APPROVED_CONTROL,False
mcma-3-3-7,k,1,962141f8b18c4fd6,1,ebaf6007b58f7696,EXHAUSTIVE,True,"[1, 2, 3, 5, 6, 7, 8, 9, 10, 11, 12, 14, 15, 16, 17, 18, 19, 20, 21, 22, 23, 25, 26, 27, 28, 29, 30, 31, 32, 33, 34, 35, 36, 38, 39, 40, 41, 42, 43, 44, 45, 46, 47, 48, 49, 50, 51, 53, 54, 55, 56, 57, 58, 59, 60, 61, 62, 63, 64, 65, 66, 67, 68, 70, 71, 72, 73, 74, 75, 76, 77, 78, 79, 80]",[],POTENTIAL_WORKLOAD,"Numeric stimulus/answer input with explicit dependencies; possible arithmetic/reading burden, without student evidence or an assumed direction.",74,74,74,0,NO_APPROVED_CONTROL,False
mcma-3-3-8,k,1,b1f5fb35add836c7,1,b22ef45c22a567a5,EXHAUSTIVE,True,"[1, 2, 3, 4, 5, 6, 7, 8, 9, 10, 11, 12, 13, 14, 15, 16, 17, 18, 19, 20, 21, 22, 23, 24, 25, 26, 27, 28, 29, 30, 31, 32, 33, 34, 35, 36, 37, 38, 39, 40, 41, 42, 43, 44, 45, 46, 47, 48, 49, 50, 51, 52, 53, 54, 55, 56, 57, 58, 59, 60, 61, 62, 63, 64, 65, 66, 67, 68, 69, 70, 71, 72, 73, 74, 75, 76, 77, 78, 79, 80]",[],POTENTIAL_WORKLOAD,"Numeric stimulus/answer input with explicit dependencies; possible arithmetic/reading burden, without student evidence or an assumed direction.",80,80,80,73,NO_APPROVED_CONTROL,False
mcma-4-1-6,a,1,103abf69010b8bd7,1,dbcfcbc96a787257,EXHAUSTIVE,True,"[0, 1, 2, 3, 4, 5]",[],POTENTIAL_WORKLOAD,"Numeric stimulus/answer input with explicit dependencies; possible arithmetic/reading burden, without student evidence or an assumed direction.",29,29,29,24,NO_APPROVED_CONTROL,False
mcma-4-1-6,d,1,103abf69010b8bd7,1,dbcfcbc96a787257,EXHAUSTIVE,True,"[0, 1, 2, 3, 4]",[],POTENTIAL_WORKLOAD,"Numeric stimulus/answer input with explicit dependencies; possible arithmetic/reading burden, without student evidence or an assumed direction.",29,29,29,23,NO_APPROVED_CONTROL,False
mcma-4-1-7,k,1,fd9e51303cc26815,1,f216637b9b922268,EXHAUSTIVE,True,"[2, 3, 4, 5, 6, 7, 8, 9, 10, 11, 12, 13, 14, 15, 16, 17, 18, 19, 20, 21, 22, 23, 24, 25, 26, 27, 28, 29, 30]",[],POTENTIAL_WORKLOAD,"Numeric stimulus/answer input with explicit dependencies; possible arithmetic/reading burden, without student evidence or an assumed direction.",29,29,29,27,NO_APPROVED_CONTROL,False
mcma-4-2-6,a,1,866ec0ac416c695c,1,b8c8305e8447127f,EXHAUSTIVE,True,"[0, 1, 2, 3, 4, 5]",[],POTENTIAL_WORKLOAD,"Numeric stimulus/answer input with explicit dependencies; possible arithmetic/reading burden, without student evidence or an assumed direction.",29,29,29,24,NO_APPROVED_CONTROL,False
mcma-4-2-6,d,1,866ec0ac416c695c,1,b8c8305e8447127f,EXHAUSTIVE,True,"[0, 1, 2, 3, 4]",[],POTENTIAL_WORKLOAD,"Numeric stimulus/answer input with explicit dependencies; possible arithmetic/reading burden, without student evidence or an assumed direction.",29,29,29,23,NO_APPROVED_CONTROL,False
mcma-4-2-7,k,1,067b25598e807b67,1,cf5a7499374c5203,EXHAUSTIVE,True,"[2, 3, 4, 5, 6, 7, 8, 9, 10, 11, 12, 13, 14, 15, 16, 17, 18, 19, 20, 21, 22, 23, 24, 25, 26, 27, 28, 29, 30]",[],POTENTIAL_WORKLOAD,"Numeric stimulus/answer input with explicit dependencies; possible arithmetic/reading burden, without student evidence or an assumed direction.",29,29,29,27,NO_APPROVED_CONTROL,False
mcma-4-3-6,a,1,849ced1a6572fcb6,1,5bc2efd8356dbf49,EXHAUSTIVE,True,"[0, 1, 2, 3, 4, 5]",[],POTENTIAL_WORKLOAD,"Numeric stimulus/answer input with explicit dependencies; possible arithmetic/reading burden, without student evidence or an assumed direction.",29,29,29,24,NO_APPROVED_CONTROL,False
mcma-4-3-6,d,1,849ced1a6572fcb6,1,5bc2efd8356dbf49,EXHAUSTIVE,True,"[0, 1, 2, 3, 4]",[],POTENTIAL_WORKLOAD,"Numeric stimulus/answer input with explicit dependencies; possible arithmetic/reading burden, without student evidence or an assumed direction.",29,29,29,23,NO_APPROVED_CONTROL,False
mcma-4-3-7,k,1,ff3dee008cad8217,1,4798b6d1288340c2,EXHAUSTIVE,True,"[2, 3, 4, 5, 6, 7, 8, 9, 10, 11, 12, 13, 14, 15, 16, 17, 18, 19, 20, 21, 22, 23, 24, 25, 26, 27, 28, 29, 30]",[],POTENTIAL_WORKLOAD,"Numeric stimulus/answer input with explicit dependencies; possible arithmetic/reading burden, without student evidence or an assumed direction.",29,29,29,28,NO_APPROVED_CONTROL,False
mcma-5-1-6,p,1,1e7ae3479c933827,1,1be8dd5984c483d6,EXHAUSTIVE,True,"[2, 3, 4, 5, 6, 7, 8, 9]",[],POTENTIAL_WORKLOAD,"Numeric stimulus/answer input with explicit dependencies; possible arithmetic/reading burden, without student evidence or an assumed direction.",7600,7600,7600,3594,NO_APPROVED_CONTROL,False
mcma-5-1-6,q,1,1e7ae3479c933827,1,1be8dd5984c483d6,EXHAUSTIVE,True,"[1, 2, 3, 4, 5, 6, 7]",[],POTENTIAL_WORKLOAD,"Numeric stimulus/answer input with explicit dependencies; possible arithmetic/reading burden, without student evidence or an assumed direction.",7600,7600,7600,3888,NO_APPROVED_CONTROL,False
mcma-5-1-6,first,1,1e7ae3479c933827,1,1be8dd5984c483d6,EXHAUSTIVE,True,"[5, 6, 7, 8, 9, 10, 11, 12, 13, 14, 15, 16, 17, 18, 19, 20]",[],NUMERIC_CONTEXT,"Only stimulus/explanation depend on this input, not answer text or correctness; representation signals are separate from a change in the mathematical task.",7600,7600,7600,3515,NO_APPROVED_CONTROL,False
mcma-5-1-6,second,1,1e7ae3479c933827,1,1be8dd5984c483d6,EXHAUSTIVE,True,"[6, 7, 8, 9, 10, 11, 12, 13, 14, 15, 16, 17, 18, 19, 20, 21, 22, 23, 24]",[],NUMERIC_CONTEXT,"Only stimulus/explanation depend on this input, not answer text or correctness; representation signals are separate from a change in the mathematical task.",7600,7600,7600,4496,NO_APPROVED_CONTROL,False
mcma-5-1-7,scale,1,7224721c3fa5c00f,1,7ed0b4ff9e05aa28,EXHAUSTIVE,True,"[100, 150, 200, 250, 300, 350]",[],POTENTIAL_WORKLOAD,"Numeric stimulus/answer input with explicit dependencies; possible arithmetic/reading burden, without student evidence or an assumed direction.",408,408,408,292,NO_APPROVED_CONTROL,False
mcma-5-1-7,length,1,7224721c3fa5c00f,1,7ed0b4ff9e05aa28,EXHAUSTIVE,True,"[8, 9, 10, 11, 12, 13, 14, 15, 16, 17, 18]",[],POTENTIAL_WORKLOAD,"Numeric stimulus/answer input with explicit dependencies; possible arithmetic/reading burden, without student evidence or an assumed direction.",408,408,408,305,NO_APPROVED_CONTROL,False
mcma-5-1-7,width,1,7224721c3fa5c00f,1,7ed0b4ff9e05aa28,EXHAUSTIVE,True,"[4, 5, 6, 7, 8, 9, 10, 11, 12]",[],POTENTIAL_WORKLOAD,"Numeric stimulus/answer input with explicit dependencies; possible arithmetic/reading burden, without student evidence or an assumed direction.",408,408,408,282,NO_APPROVED_CONTROL,False
mcma-5-1-8,speed,1,7226d35ad265b214,1,fe2123ed7858ec01,EXHAUSTIVE,True,"[40, 41, 42, 43, 44, 45, 46, 47, 48, 49, 50, 51, 52, 53, 54, 55, 56, 57, 58, 59, 60, 61, 62, 63, 64, 65, 66, 67, 68, 69, 70, 71, 72, 73, 74, 75, 76, 77, 78, 79, 80]",[],POTENTIAL_WORKLOAD,"Numeric stimulus/answer input with explicit dependencies; possible arithmetic/reading burden, without student evidence or an assumed direction.",450,450,450,365,NO_APPROVED_CONTROL,False
mcma-5-1-8,gap,1,7226d35ad265b214,1,fe2123ed7858ec01,EXHAUSTIVE,True,"[0, 1, 2, 3, 4, 5, 6, 7, 8, 9, 10]",[],POTENTIAL_WORKLOAD,"Numeric stimulus/answer input with explicit dependencies; possible arithmetic/reading burden, without student evidence or an assumed direction.",450,450,450,55,NO_APPROVED_CONTROL,False
mcma-5-2-6,p,1,c3a2a2b56d7a4ac2,1,26d446fee00f4d9e,EXHAUSTIVE,True,"[2, 3, 4, 5, 6, 7, 8, 9]",[],POTENTIAL_WORKLOAD,"Numeric stimulus/answer input with explicit dependencies; possible arithmetic/reading burden, without student evidence or an assumed direction.",7600,7600,7600,3594,NO_APPROVED_CONTROL,False
mcma-5-2-6,q,1,c3a2a2b56d7a4ac2,1,26d446fee00f4d9e,EXHAUSTIVE,True,"[1, 2, 3, 4, 5, 6, 7]",[],POTENTIAL_WORKLOAD,"Numeric stimulus/answer input with explicit dependencies; possible arithmetic/reading burden, without student evidence or an assumed direction.",7600,7600,7600,3888,NO_APPROVED_CONTROL,False
mcma-5-2-6,first,1,c3a2a2b56d7a4ac2,1,26d446fee00f4d9e,EXHAUSTIVE,True,"[5, 6, 7, 8, 9, 10, 11, 12, 13, 14, 15, 16, 17, 18, 19, 20]",[],NUMERIC_CONTEXT,"Only stimulus/explanation depend on this input, not answer text or correctness; representation signals are separate from a change in the mathematical task.",7600,7600,7600,3515,NO_APPROVED_CONTROL,False
mcma-5-2-6,second,1,c3a2a2b56d7a4ac2,1,26d446fee00f4d9e,EXHAUSTIVE,True,"[6, 7, 8, 9, 10, 11, 12, 13, 14, 15, 16, 17, 18, 19, 20, 21, 22, 23, 24]",[],NUMERIC_CONTEXT,"Only stimulus/explanation depend on this input, not answer text or correctness; representation signals are separate from a change in the mathematical task.",7600,7600,7600,4496,NO_APPROVED_CONTROL,False
mcma-5-2-7,scale,1,65742448759f89e0,1,25d7b32693ecdd7b,EXHAUSTIVE,True,"[100, 150, 200, 250, 300, 350]",[],POTENTIAL_WORKLOAD,"Numeric stimulus/answer input with explicit dependencies; possible arithmetic/reading burden, without student evidence or an assumed direction.",408,408,408,320,NO_APPROVED_CONTROL,False
mcma-5-2-7,length,1,65742448759f89e0,1,25d7b32693ecdd7b,EXHAUSTIVE,True,"[8, 9, 10, 11, 12, 13, 14, 15, 16, 17, 18]",[],POTENTIAL_WORKLOAD,"Numeric stimulus/answer input with explicit dependencies; possible arithmetic/reading burden, without student evidence or an assumed direction.",408,408,408,304,NO_APPROVED_CONTROL,False
mcma-5-2-7,width,1,65742448759f89e0,1,25d7b32693ecdd7b,EXHAUSTIVE,True,"[4, 5, 6, 7, 8, 9, 10, 11, 12]",[],POTENTIAL_WORKLOAD,"Numeric stimulus/answer input with explicit dependencies; possible arithmetic/reading burden, without student evidence or an assumed direction.",408,408,408,293,NO_APPROVED_CONTROL,False
mcma-5-2-8,speed,1,936bf73827a8a066,1,7de06562807f8922,EXHAUSTIVE,True,"[40, 41, 42, 43, 44, 45, 46, 47, 48, 49, 50, 51, 52, 53, 54, 55, 56, 57, 58, 59, 60, 61, 62, 63, 64, 65, 66, 67, 68, 69, 70, 71, 72, 73, 74, 75, 76, 77, 78, 79, 80]",[],POTENTIAL_WORKLOAD,"Numeric stimulus/answer input with explicit dependencies; possible arithmetic/reading burden, without student evidence or an assumed direction.",450,450,450,415,NO_APPROVED_CONTROL,False
mcma-5-2-8,gap,1,936bf73827a8a066,1,7de06562807f8922,EXHAUSTIVE,True,"[0, 1, 2, 3, 4, 5, 6, 7, 8, 9, 10]",[],POTENTIAL_WORKLOAD,"Numeric stimulus/answer input with explicit dependencies; possible arithmetic/reading burden, without student evidence or an assumed direction.",450,450,450,235,NO_APPROVED_CONTROL,False
mcma-5-3-6,p,1,ce469720072b1463,1,703fc08ce892ddda,EXHAUSTIVE,True,"[2, 3, 4, 5, 6, 7, 8, 9]",[],POTENTIAL_WORKLOAD,"Numeric stimulus/answer input with explicit dependencies; possible arithmetic/reading burden, without student evidence or an assumed direction.",7600,7600,7600,3594,NO_APPROVED_CONTROL,False
mcma-5-3-6,q,1,ce469720072b1463,1,703fc08ce892ddda,EXHAUSTIVE,True,"[1, 2, 3, 4, 5, 6, 7]",[],POTENTIAL_WORKLOAD,"Numeric stimulus/answer input with explicit dependencies; possible arithmetic/reading burden, without student evidence or an assumed direction.",7600,7600,7600,3888,NO_APPROVED_CONTROL,False
mcma-5-3-6,first,1,ce469720072b1463,1,703fc08ce892ddda,EXHAUSTIVE,True,"[5, 6, 7, 8, 9, 10, 11, 12, 13, 14, 15, 16, 17, 18, 19, 20]",[],NUMERIC_CONTEXT,"Only stimulus/explanation depend on this input, not answer text or correctness; representation signals are separate from a change in the mathematical task.",7600,7600,7600,3515,NO_APPROVED_CONTROL,False
mcma-5-3-6,second,1,ce469720072b1463,1,703fc08ce892ddda,EXHAUSTIVE,True,"[6, 7, 8, 9, 10, 11, 12, 13, 14, 15, 16, 17, 18, 19, 20, 21, 22, 23, 24]",[],NUMERIC_CONTEXT,"Only stimulus/explanation depend on this input, not answer text or correctness; representation signals are separate from a change in the mathematical task.",7600,7600,7600,4496,NO_APPROVED_CONTROL,False
mcma-5-3-7,scale,1,16e2c74f980f4572,1,678b922a8d6c540c,EXHAUSTIVE,True,"[100, 150, 200, 250, 300, 350]",[],POTENTIAL_WORKLOAD,"Numeric stimulus/answer input with explicit dependencies; possible arithmetic/reading burden, without student evidence or an assumed direction.",408,408,408,322,NO_APPROVED_CONTROL,False
mcma-5-3-7,length,1,16e2c74f980f4572,1,678b922a8d6c540c,EXHAUSTIVE,True,"[8, 9, 10, 11, 12, 13, 14, 15, 16, 17, 18]",[],POTENTIAL_WORKLOAD,"Numeric stimulus/answer input with explicit dependencies; possible arithmetic/reading burden, without student evidence or an assumed direction.",408,408,408,317,NO_APPROVED_CONTROL,False
mcma-5-3-7,width,1,16e2c74f980f4572,1,678b922a8d6c540c,EXHAUSTIVE,True,"[4, 5, 6, 7, 8, 9, 10, 11, 12]",[],POTENTIAL_WORKLOAD,"Numeric stimulus/answer input with explicit dependencies; possible arithmetic/reading burden, without student evidence or an assumed direction.",408,408,408,282,NO_APPROVED_CONTROL,False
mcma-5-3-8,speed,1,ef2a177a2e0afb83,1,34973421d7eb4583,EXHAUSTIVE,True,"[40, 41, 42, 43, 44, 45, 46, 47, 48, 49, 50, 51, 52, 53, 54, 55, 56, 57, 58, 59, 60, 61, 62, 63, 64, 65, 66, 67, 68, 69, 70, 71, 72, 73, 74, 75, 76, 77, 78, 79, 80]",[],POTENTIAL_WORKLOAD,"Numeric stimulus/answer input with explicit dependencies; possible arithmetic/reading burden, without student evidence or an assumed direction.",450,450,450,298,NO_APPROVED_CONTROL,False
mcma-5-3-8,gap,1,ef2a177a2e0afb83,1,34973421d7eb4583,EXHAUSTIVE,True,"[0, 1, 2, 3, 4, 5, 6, 7, 8, 9, 10]",[],POTENTIAL_WORKLOAD,"Numeric stimulus/answer input with explicit dependencies; possible arithmetic/reading burden, without student evidence or an assumed direction.",450,450,450,10,NO_APPROVED_CONTROL,False
mcma-6-1-7,k,1,20e0bb8d53a99342,1,665952e53867635a,EXHAUSTIVE,True,"[2, 3, 4, 5, 6, 7, 8, 9, 10, 11, 12, 13, 14, 15, 16, 17, 18, 19, 20, 21, 22, 23, 24, 25, 26, 27, 28, 29, 30, 31, 32, 33, 34, 35, 36, 37, 38, 39, 40]",[],POTENTIAL_WORKLOAD,"Numeric stimulus/answer input with explicit dependencies; possible arithmetic/reading burden, without student evidence or an assumed direction.",39,39,39,38,NO_APPROVED_CONTROL,False
mcma-6-1-8,k,1,6be644de7b72d6e0,1,09ecd82a7a70ef0a,EXHAUSTIVE,True,"[2, 3, 4, 5, 6, 7, 8, 9, 10, 11, 12, 13, 14, 15, 16, 17, 18, 19, 20, 21, 22, 23, 24, 25, 26, 27, 28, 29, 30, 31, 32, 33, 34, 35, 36, 37, 38, 39, 40]",[],POTENTIAL_WORKLOAD,"Numeric stimulus/answer input with explicit dependencies; possible arithmetic/reading burden, without student evidence or an assumed direction.",39,39,39,37,NO_APPROVED_CONTROL,False
mcma-6-2-7,k,1,14e6d91ea1fd0110,1,faa96f9295251f70,EXHAUSTIVE,True,"[2, 3, 4, 5, 6, 7, 8, 9, 10, 11, 12, 13, 14, 15, 16, 17, 18, 19, 20, 21, 22, 23, 24, 25, 26, 27, 28, 29, 30, 31, 32, 33, 34, 35, 36, 37, 38, 39, 40]",[],POTENTIAL_WORKLOAD,"Numeric stimulus/answer input with explicit dependencies; possible arithmetic/reading burden, without student evidence or an assumed direction.",39,39,39,38,NO_APPROVED_CONTROL,False
mcma-6-2-8,k,1,8cdd464c7ee4335d,1,11ace24513271e59,EXHAUSTIVE,True,"[2, 3, 4, 5, 6, 7, 8, 9, 10, 11, 12, 13, 14, 15, 16, 17, 18, 19, 20, 21, 22, 23, 24, 25, 26, 27, 28, 29, 30, 31, 32, 33, 34, 35, 36, 37, 38, 39, 40]",[],POTENTIAL_WORKLOAD,"Numeric stimulus/answer input with explicit dependencies; possible arithmetic/reading burden, without student evidence or an assumed direction.",39,39,39,38,NO_APPROVED_CONTROL,False
mcma-6-3-8,k,1,81bb039fdbb299af,1,351937519ae19fc9,EXHAUSTIVE,True,"[2, 3, 4, 5, 6, 7, 8, 9, 10, 11, 12, 13, 14, 15, 16, 17, 18, 19, 20, 21, 22, 23, 24, 25, 26, 27, 28, 29, 30, 31, 32, 33, 34, 35, 36, 37, 38, 39, 40]",[],POTENTIAL_WORKLOAD,"Numeric stimulus/answer input with explicit dependencies; possible arithmetic/reading burden, without student evidence or an assumed direction.",39,39,39,38,NO_APPROVED_CONTROL,False
mcma-7-1-6,k,1,27680e2010ca28ae,1,0d24959011de089c,EXHAUSTIVE,True,"[2, 3, 4, 5, 6, 7, 8, 9, 10, 11, 12, 13, 14, 15, 16, 17, 18, 19, 20, 21, 22, 23, 24, 25, 26, 27, 28, 29, 30, 31, 32, 33, 34, 35, 36, 37, 38, 39, 40]",[],POTENTIAL_WORKLOAD,"Numeric stimulus/answer input with explicit dependencies; possible arithmetic/reading burden, without student evidence or an assumed direction.",39,39,39,38,NO_APPROVED_CONTROL,False
mcma-7-1-7,k,1,34ae888eb7729c87,1,7a0f624bcd0644de,EXHAUSTIVE,True,"[2, 3, 4, 5, 6, 7, 8, 9, 10, 11, 12, 13, 14, 15, 16, 17, 18, 19, 20, 21, 22, 23, 24, 25, 26, 27, 28, 29, 30, 31, 32, 33, 34, 35, 36, 37, 38, 39, 40]",[],POTENTIAL_WORKLOAD,"Numeric stimulus/answer input with explicit dependencies; possible arithmetic/reading burden, without student evidence or an assumed direction.",39,39,39,36,NO_APPROVED_CONTROL,False
mcma-7-1-8,k,1,5c98c9b17ad2b1d4,1,7bc5354754a85c27,EXHAUSTIVE,True,"[2, 3, 4, 5, 6, 7, 8, 9, 10, 11, 12, 13, 14, 15, 16, 17, 18, 19, 20, 21, 22, 23, 24, 25, 26, 27, 28, 29, 30]",[],POTENTIAL_WORKLOAD,"Numeric stimulus/answer input with explicit dependencies; possible arithmetic/reading burden, without student evidence or an assumed direction.",29,29,29,26,NO_APPROVED_CONTROL,False
mcma-7-2-6,k,1,da17d6751e721d93,1,a4418e9d1e8d4876,EXHAUSTIVE,True,"[2, 3, 4, 5, 6, 7, 8, 9, 10, 11, 12, 13, 14, 15, 16, 17, 18, 19, 20, 21, 22, 23, 24, 25, 26, 27, 28, 29, 30, 31, 32, 33, 34, 35, 36, 37, 38, 39, 40]",[],POTENTIAL_WORKLOAD,"Numeric stimulus/answer input with explicit dependencies; possible arithmetic/reading burden, without student evidence or an assumed direction.",39,39,39,36,NO_APPROVED_CONTROL,False
mcma-7-2-7,k,1,3143cc48d598c2c5,1,96e9e1986c10bbdb,EXHAUSTIVE,True,"[2, 3, 4, 5, 6, 7, 8, 9, 10, 11, 12, 13, 14, 15, 16, 17, 18, 19, 20, 21, 22, 23, 24, 25, 26, 27, 28, 29, 30, 31, 32, 33, 34, 35, 36, 37, 38, 39, 40]",[],POTENTIAL_WORKLOAD,"Numeric stimulus/answer input with explicit dependencies; possible arithmetic/reading burden, without student evidence or an assumed direction.",39,39,39,38,NO_APPROVED_CONTROL,False
mcma-7-2-8,k,1,b5377b89cbd3fb0c,1,2de94e269cd39006,EXHAUSTIVE,True,"[2, 3, 4, 5, 6, 7, 8, 9, 10, 11, 12, 13, 14, 15, 16, 17, 18, 19, 20, 21, 22, 23, 24, 25, 26, 27, 28, 29, 30, 31, 32, 33, 34, 35, 36, 37, 38, 39, 40]",[],POTENTIAL_WORKLOAD,"Numeric stimulus/answer input with explicit dependencies; possible arithmetic/reading burden, without student evidence or an assumed direction.",39,39,39,37,NO_APPROVED_CONTROL,False
mcma-7-3-6,k,1,3275cd5aba7ad141,1,5ff2c59ade9b09f8,EXHAUSTIVE,True,"[2, 3, 4, 5, 6, 7, 8, 9, 10, 11, 12, 13, 14, 15, 16, 17, 18, 19, 20, 21, 22, 23, 24, 25, 26, 27, 28, 29, 30, 31, 32, 33, 34, 35, 36, 37, 38, 39, 40]",[],POTENTIAL_WORKLOAD,"Numeric stimulus/answer input with explicit dependencies; possible arithmetic/reading burden, without student evidence or an assumed direction.",39,39,39,38,NO_APPROVED_CONTROL,False
mcma-7-3-7,k,1,85f6ff2ad7acff29,1,fc74edc8059c3e32,EXHAUSTIVE,True,"[2, 3, 4, 5, 6, 7, 8, 9, 10, 11, 12, 13, 14, 15, 16, 17, 18, 19, 20, 21, 22, 23, 24, 25, 26, 27, 28, 29, 30, 31, 32, 33, 34, 35, 36, 37, 38, 39, 40]",[],POTENTIAL_WORKLOAD,"Numeric stimulus/answer input with explicit dependencies; possible arithmetic/reading burden, without student evidence or an assumed direction.",39,39,39,37,NO_APPROVED_CONTROL,False
mcma-7-3-8,k,1,3ad2b5660e5b3185,1,16fd98e40d34097e,EXHAUSTIVE,True,"[2, 3, 4, 5, 6, 7, 8, 9, 10, 11, 12, 13, 14, 15, 16, 17, 18, 19, 20, 21, 22, 23, 24, 25, 26, 27, 28, 29, 30, 31, 32, 33, 34, 35, 36, 37, 38, 39, 40]",[],POTENTIAL_WORKLOAD,"Numeric stimulus/answer input with explicit dependencies; possible arithmetic/reading burden, without student evidence or an assumed direction.",39,39,39,38,NO_APPROVED_CONTROL,False
mcma-8-1-6,k,1,c1ae61879ba492f5,1,096010c94788bfc9,EXHAUSTIVE,True,"[2, 3, 4, 5, 6, 7, 8, 9, 10, 11, 12, 13, 14, 15, 16, 17, 18, 19, 20, 21, 22, 23, 24, 25, 26, 27, 28, 29, 30, 31, 32, 33, 34, 35, 36, 37, 38, 39, 40]",[],POTENTIAL_WORKLOAD,"Numeric stimulus/answer input with explicit dependencies; possible arithmetic/reading burden, without student evidence or an assumed direction.",39,39,39,38,NO_APPROVED_CONTROL,False
mcma-8-1-7,k,1,ae9a388df51d9615,1,6940a7bfa075129f,EXHAUSTIVE,True,"[-20, -19, -18, -17, -16, -15, -14, -13, -12, -11, -10, -9, -8, -7, -6, -5, -4, -3, -2, -1, 0, 2, 3, 4, 5, 6, 7, 8, 9, 10, 11, 12, 13, 14, 15]",[],POTENTIAL_WORKLOAD,"Numeric stimulus/answer input with explicit dependencies; possible arithmetic/reading burden, without student evidence or an assumed direction.",35,35,35,1,NO_APPROVED_CONTROL,False
mcma-8-1-8,k,1,78280a4292254933,1,bd2a9236429dffae,EXHAUSTIVE,True,"[2, 3, 4, 5, 6, 7, 8, 9, 10, 11, 12, 13, 14, 15, 16, 17, 18, 19, 20, 21, 22, 23, 24, 25, 26, 27, 28, 29, 30, 31, 32, 33, 34, 35, 36, 37, 38, 39, 40]",[],POTENTIAL_WORKLOAD,"Numeric stimulus/answer input with explicit dependencies; possible arithmetic/reading burden, without student evidence or an assumed direction.",39,39,39,38,NO_APPROVED_CONTROL,False
mcma-8-2-6,k,1,a5f5d5aa26a22852,1,18c089bb6301368a,EXHAUSTIVE,True,"[2, 3, 4, 5, 6, 7, 8, 9, 10, 11, 12, 13, 14, 15, 16, 17, 18, 19, 20, 21, 22, 23, 24, 25, 26, 27, 28, 29, 30, 31, 32, 33, 34, 35, 36, 37, 38, 39, 40]",[],POTENTIAL_WORKLOAD,"Numeric stimulus/answer input with explicit dependencies; possible arithmetic/reading burden, without student evidence or an assumed direction.",39,39,39,38,NO_APPROVED_CONTROL,False
mcma-8-2-7,k,1,5e97aabc29dde6a7,1,06d62d5f4a56886e,EXHAUSTIVE,True,"[-20, -19, -18, -17, -16, -15, -14, -13, -12, -11, -10, -9, -8, -7, -6, -5, -4, -3, -2, -1, 0, 2, 3, 4, 5, 6, 7, 8, 9, 10, 11]",[],POTENTIAL_WORKLOAD,"Numeric stimulus/answer input with explicit dependencies; possible arithmetic/reading burden, without student evidence or an assumed direction.",31,31,31,1,NO_APPROVED_CONTROL,False
mcma-8-2-8,k,2,768e6a93b5780f58,1,c3caec34728078b3,EXHAUSTIVE,True,"[2, 3, 4, 5, 6, 7, 8, 9, 10, 11, 12, 13, 14, 15, 16, 17, 18, 19, 20, 21, 22, 23, 24, 25, 26, 27, 28, 29, 30, 31, 32, 33, 34, 35, 36, 37, 38, 39, 40]",[],POTENTIAL_WORKLOAD,"Numeric stimulus/answer input with explicit dependencies; possible arithmetic/reading burden, without student evidence or an assumed direction.",39,39,39,36,NO_APPROVED_CONTROL,False
mcma-8-3-6,k,1,47fbf690ae90941f,1,9a16c11bb2136010,EXHAUSTIVE,True,"[2, 3, 4, 5, 6, 7, 8, 9, 10, 11, 12, 13, 14, 15, 16, 17, 18, 19, 20, 21, 22, 23, 24, 25, 26, 27, 28, 29, 30, 31, 32, 33, 34, 35, 36, 37, 38, 39, 40]",[],POTENTIAL_WORKLOAD,"Numeric stimulus/answer input with explicit dependencies; possible arithmetic/reading burden, without student evidence or an assumed direction.",39,39,39,38,NO_APPROVED_CONTROL,False
mcma-8-3-7,k,1,97af1be35537d937,1,81813c03ec149433,EXHAUSTIVE,True,"[2, 3, 4, 5, 6, 7, 8, 9, 10, 11, 12, 13, 14, 15, 16, 17, 18, 19, 20, 21, 22, 23, 24, 25, 26, 27, 28, 29, 30, 31, 32, 33, 34, 35, 36, 37, 38, 39, 40]",[],POTENTIAL_WORKLOAD,"Numeric stimulus/answer input with explicit dependencies; possible arithmetic/reading burden, without student evidence or an assumed direction.",39,39,39,37,NO_APPROVED_CONTROL,False
mcma-8-3-8,k,1,3ae9abcde47187dd,1,ae6f893d20f63282,EXHAUSTIVE,True,"[2, 3, 4, 5, 6, 7, 8, 9, 10, 11, 12, 13, 14, 15, 16, 17, 18, 19, 20, 21, 22, 23, 24, 25, 26, 27, 28, 29, 30, 31, 32, 33, 34, 35, 36, 37, 38, 39, 40]",[],POTENTIAL_WORKLOAD,"Numeric stimulus/answer input with explicit dependencies; possible arithmetic/reading burden, without student evidence or an assumed direction.",39,39,39,38,NO_APPROVED_CONTROL,False
mcma-9-1-6,k,1,5bbb85331a7112ab,1,524ca86bbcf88af9,EXHAUSTIVE,True,"[2, 3, 4, 5, 6, 7, 8, 9, 10, 11, 12, 13, 14, 15, 16, 17, 18, 19, 20, 21, 22, 23, 24, 25, 26, 27, 28, 29, 30, 31, 32, 33, 34, 35, 36, 37, 38, 39, 40]",[],POTENTIAL_WORKLOAD,"Numeric stimulus/answer input with explicit dependencies; possible arithmetic/reading burden, without student evidence or an assumed direction.",39,39,39,28,NO_APPROVED_CONTROL,False
mcma-9-1-7,k,1,9e4a947997dd7ee4,1,826f3af5c84747f7,EXHAUSTIVE,True,"[2, 3, 4, 5, 6, 7, 8, 9, 10, 11, 12, 13, 14, 15, 16, 17, 18, 19, 20, 21, 22, 23, 24, 25, 26, 27, 28, 29, 30, 31, 32, 33, 34, 35, 36, 37, 38, 39, 40]",[],POTENTIAL_WORKLOAD,"Numeric stimulus/answer input with explicit dependencies; possible arithmetic/reading burden, without student evidence or an assumed direction.",39,39,39,38,NO_APPROVED_CONTROL,False
mcma-9-1-8,k,1,d4df05029e6f17f3,1,55747378357b261a,EXHAUSTIVE,True,"[2, 3, 4, 5, 6, 7, 8, 9, 10, 11, 12, 13, 14, 15, 16, 17, 18, 19, 20, 21, 22, 23, 24, 25, 26, 27, 28, 29, 30, 31, 32, 33, 34, 35, 36, 37, 38, 39, 40]",[],POTENTIAL_WORKLOAD,"Numeric stimulus/answer input with explicit dependencies; possible arithmetic/reading burden, without student evidence or an assumed direction.",39,39,39,36,NO_APPROVED_CONTROL,False
mcma-9-2-6,k,1,bf7abf0c92435326,1,9e7a7aaf49da57ac,EXHAUSTIVE,True,"[2, 3, 4, 5, 6, 7, 8, 9, 10, 11, 12, 13, 14, 15, 16, 17, 18, 19, 20, 21, 22, 23, 24, 25, 26, 27, 28, 29, 30, 31, 32, 33, 34, 35, 36, 37, 38, 39, 40]",[],POTENTIAL_WORKLOAD,"Numeric stimulus/answer input with explicit dependencies; possible arithmetic/reading burden, without student evidence or an assumed direction.",39,39,39,19,NO_APPROVED_CONTROL,False
mcma-9-2-7,k,1,0cdbd32db78ba839,1,bc166228116c2048,EXHAUSTIVE,True,"[2, 3, 4, 5, 6, 7, 8, 9, 10, 11, 12, 13, 14, 15, 16, 17, 18, 19, 20, 21, 22, 23, 24, 25, 26, 27, 28, 29, 30, 31, 32, 33, 34, 35, 36, 37, 38, 39, 40]",[],POTENTIAL_WORKLOAD,"Numeric stimulus/answer input with explicit dependencies; possible arithmetic/reading burden, without student evidence or an assumed direction.",39,39,39,36,NO_APPROVED_CONTROL,False
mcma-9-2-8,k,1,28c9a2aaa3ba93fb,1,ddadcc0cee68a9a4,EXHAUSTIVE,True,"[2, 3, 4, 5, 6, 7, 8, 9, 10, 11, 12, 13, 14, 15, 16, 17, 18, 19, 20, 21, 22, 23, 24, 25, 26, 27, 28, 29, 30, 31, 32, 33, 34, 35, 36, 37, 38, 39, 40]",[],POTENTIAL_WORKLOAD,"Numeric stimulus/answer input with explicit dependencies; possible arithmetic/reading burden, without student evidence or an assumed direction.",39,39,39,37,NO_APPROVED_CONTROL,False
mcma-9-3-6,k,1,d8780faf18700646,1,44f0f17e248e9f7b,EXHAUSTIVE,True,"[2, 3, 4, 5, 6, 7, 8, 9, 10, 11, 12, 13, 14, 15, 16, 17, 18, 19, 20, 21, 22, 23, 24, 25, 26, 27, 28, 29, 30, 31, 32, 33, 34, 35, 36, 37, 38, 39, 40]",[],POTENTIAL_WORKLOAD,"Numeric stimulus/answer input with explicit dependencies; possible arithmetic/reading burden, without student evidence or an assumed direction.",39,39,39,38,NO_APPROVED_CONTROL,False
mcma-9-3-7,k,1,6e025719b1073742,1,fa538cec0e1ec3ee,EXHAUSTIVE,True,"[2, 3, 4, 5, 6, 7, 8, 9, 10, 11, 12, 13, 14, 15, 16, 17, 18, 19, 20, 21, 22, 23, 24, 25, 26, 27, 28, 29, 30, 31, 32, 33, 34, 35, 36, 37, 38, 39, 40]",[],POTENTIAL_WORKLOAD,"Numeric stimulus/answer input with explicit dependencies; possible arithmetic/reading burden, without student evidence or an assumed direction.",39,39,39,33,NO_APPROVED_CONTROL,False
mcma-9-3-8,k,1,cb78aa9629bf99fd,1,f30157b490a5fac0,EXHAUSTIVE,True,"[2, 3, 4, 5, 6, 7, 8, 9, 10, 11, 12, 13, 14, 15, 16, 17, 18, 19, 20, 21, 22, 23, 24, 25, 26, 27, 28, 29, 30, 31, 32, 33, 34, 35, 36, 37, 38, 39, 40]",[],POTENTIAL_WORKLOAD,"Numeric stimulus/answer input with explicit dependencies; possible arithmetic/reading burden, without student evidence or an assumed direction.",39,39,39,38,NO_APPROVED_CONTROL,False
pg-1-1-1,k,1,c83e81172114a294,1,6edece4a5923d59a,EXHAUSTIVE,True,"[2, 3, 4, 5, 6, 7, 8, 9, 10, 11, 12, 13, 14, 15, 16, 17, 18, 19, 20, 21, 22, 23, 24, 25, 26, 27, 28, 29, 30]",[],POTENTIAL_WORKLOAD,"Numeric stimulus/answer input with explicit dependencies; possible arithmetic/reading burden, without student evidence or an assumed direction.",29,29,29,28,NO_APPROVED_CONTROL,False
pg-1-1-2,k,1,6cd1d0fefd99ff68,1,f23b72195f8bff88,EXHAUSTIVE,True,"[2, 3, 4, 5, 6, 7, 8, 9, 10, 11, 12, 13, 14, 15, 16, 17, 18, 19, 20, 21, 22, 23, 24, 25, 26, 27, 28, 29, 30]",[],POTENTIAL_WORKLOAD,"Numeric stimulus/answer input with explicit dependencies; possible arithmetic/reading burden, without student evidence or an assumed direction.",29,29,29,28,NO_APPROVED_CONTROL,False
pg-1-1-3,k,1,ef23ce1a94d00190,1,00a0b0c3577003a7,EXHAUSTIVE,True,"[2, 3, 4, 5, 6, 7, 8, 9, 10, 11, 12, 13, 14, 15, 16, 17, 18, 19, 20, 21, 22, 23, 24, 25, 26, 27, 28, 29, 30]",[],POTENTIAL_WORKLOAD,"Numeric stimulus/answer input with explicit dependencies; possible arithmetic/reading burden, without student evidence or an assumed direction.",29,29,29,5,NO_APPROVED_CONTROL,False
pg-1-2-2,k,1,2a053a9e1ff45cf2,1,975cd2c2e75023a7,EXHAUSTIVE,True,"[2, 3, 4, 5, 6, 7, 8, 9, 10, 11, 12, 13, 14, 15, 16, 17, 18, 19, 20, 21, 22, 23, 24, 25, 26, 27, 28, 29, 30]",[],POTENTIAL_WORKLOAD,"Numeric stimulus/answer input with explicit dependencies; possible arithmetic/reading burden, without student evidence or an assumed direction.",29,29,29,27,NO_APPROVED_CONTROL,False
pg-1-2-4,k,1,f9252bfb06ab6da1,1,f3af8ee0b4a64682,EXHAUSTIVE,True,"[1, 3, 4, 5, 6, 7, 8, 9, 10, 11, 12, 13, 14, 15, 16, 17, 18, 19, 20, 21, 22, 23, 24, 25, 26, 27, 28, 29, 30]",[],POTENTIAL_WORKLOAD,"Numeric stimulus/answer input with explicit dependencies; possible arithmetic/reading burden, without student evidence or an assumed direction.",29,29,29,28,NO_APPROVED_CONTROL,False
pg-1-2-5,k,1,e1a4b21943a1f83b,1,46c5430f183db714,EXHAUSTIVE,True,"[2, 3, 4, 5, 6, 7, 8, 9, 10, 11, 12, 13, 14, 15, 16, 17, 18, 19, 20, 21, 22, 23, 24, 25, 26, 27, 28, 29, 30]",[],POTENTIAL_WORKLOAD,"Numeric stimulus/answer input with explicit dependencies; possible arithmetic/reading burden, without student evidence or an assumed direction.",29,29,29,28,NO_APPROVED_CONTROL,False
pg-1-3-2,k,1,f96169dbb0042c24,1,3e85299222961add,EXHAUSTIVE,True,"[2, 3, 4, 5, 6, 7, 8, 9, 10, 11, 12, 13, 14, 15, 16, 17, 18, 19, 20, 21, 22, 23, 24, 25, 26, 27, 28, 29, 30]",[],POTENTIAL_WORKLOAD,"Numeric stimulus/answer input with explicit dependencies; possible arithmetic/reading burden, without student evidence or an assumed direction.",29,29,29,28,NO_APPROVED_CONTROL,False
pg-1-3-3,k,1,f00df4ff5b951f1d,1,29185fccda891780,EXHAUSTIVE,True,"[2, 3, 4, 5, 6, 7, 8, 9, 10, 11, 12, 13, 14, 15, 16, 17, 18, 19, 20, 21, 22, 23, 24, 25, 26, 27, 28, 29, 30]",[],POTENTIAL_WORKLOAD,"Numeric stimulus/answer input with explicit dependencies; possible arithmetic/reading burden, without student evidence or an assumed direction.",29,29,29,28,NO_APPROVED_CONTROL,False
pg-1-3-4,k,1,e3e2df72dfee222f,1,827da231e0c18b94,EXHAUSTIVE,True,"[2, 3, 4, 5, 6, 7, 8, 9, 10, 11, 12, 13, 14, 15, 16, 17, 18, 19, 20, 21, 22, 23, 24, 25, 26, 27, 28, 29, 30]",[],POTENTIAL_WORKLOAD,"Numeric stimulus/answer input with explicit dependencies; possible arithmetic/reading burden, without student evidence or an assumed direction.",29,29,29,28,NO_APPROVED_CONTROL,False
pg-10-1-1,k,1,2d194742c416631b,1,1ec4a9430f31ad12,EXHAUSTIVE,True,"[2, 3, 4, 5, 6, 7, 8, 9, 10, 11, 12, 13, 14, 15, 16, 17, 18, 19, 20, 21, 22, 23, 24, 25, 26, 27, 28, 29, 30, 31, 32, 33, 34, 35, 36, 37, 38, 39, 40]",[],POTENTIAL_WORKLOAD,"Numeric stimulus/answer input with explicit dependencies; possible arithmetic/reading burden, without student evidence or an assumed direction.",39,39,39,37,NO_APPROVED_CONTROL,False
pg-10-1-2,k,1,2c663ff8879849c0,1,7349a89f946af4ab,EXHAUSTIVE,True,"[2, 3, 4, 5, 6, 7, 8, 9, 10, 11, 12, 13, 14, 15, 16, 17, 18, 19, 20, 21, 22, 23, 24, 25, 26, 27, 28, 29, 30, 31, 32, 33, 34, 35, 36, 37, 38, 39, 40]",[],POTENTIAL_WORKLOAD,"Numeric stimulus/answer input with explicit dependencies; possible arithmetic/reading burden, without student evidence or an assumed direction.",39,39,39,38,NO_APPROVED_CONTROL,False
pg-10-1-3,k,1,a061242435f0e36e,1,63d07bab32e04b41,EXHAUSTIVE,True,"[2, 3, 4, 5, 6, 7, 8, 9, 10, 11, 12, 13, 14, 15, 16, 17, 18, 19, 20, 21, 22, 23, 24, 25, 26, 27, 28, 29, 30, 31, 32, 33, 34, 35, 36, 37, 38, 39, 40]",[],POTENTIAL_WORKLOAD,"Numeric stimulus/answer input with explicit dependencies; possible arithmetic/reading burden, without student evidence or an assumed direction.",39,39,39,36,NO_APPROVED_CONTROL,False
pg-10-1-4,k,1,91e805c00ba6dffb,1,0d33970e32c52b98,EXHAUSTIVE,True,"[2, 3, 4, 5, 6, 7, 8, 9, 10, 11, 12, 13, 14, 15, 16, 17, 18, 19, 20, 21, 22, 23, 24, 25, 26, 27, 28, 29, 30, 31, 32, 33, 34, 35, 36, 37, 38, 39, 40]",[],POTENTIAL_WORKLOAD,"Numeric stimulus/answer input with explicit dependencies; possible arithmetic/reading burden, without student evidence or an assumed direction.",39,39,39,38,NO_APPROVED_CONTROL,False
pg-10-1-5,k,1,f7a37f8683a4a5c2,1,4531d2273e5c3360,EXHAUSTIVE,True,"[2, 3, 4, 5, 6, 7, 8, 9, 10, 11, 12, 13, 14, 15, 16, 17, 18, 19, 20, 21, 22, 23, 24, 25, 26, 27, 28, 29, 30, 31, 32, 33, 34, 35, 36, 37, 38, 39, 40]",[],POTENTIAL_WORKLOAD,"Numeric stimulus/answer input with explicit dependencies; possible arithmetic/reading burden, without student evidence or an assumed direction.",39,39,39,37,NO_APPROVED_CONTROL,False
pg-10-2-1,k,1,585d64940af370e1,1,96ed782bade9cc7b,EXHAUSTIVE,True,"[2, 3, 4, 5, 6, 7, 8, 9, 10, 11, 12, 13, 14, 15, 16, 17, 18, 19, 20, 21, 22, 23, 24, 25, 26, 27, 28, 29, 30, 31, 32, 33, 34, 35, 36, 37, 38, 39, 40]",[],POTENTIAL_WORKLOAD,"Numeric stimulus/answer input with explicit dependencies; possible arithmetic/reading burden, without student evidence or an assumed direction.",39,39,39,38,NO_APPROVED_CONTROL,False
pg-10-2-2,k,1,7e1612134e9ce030,1,faf66c901927527c,EXHAUSTIVE,True,"[2, 3, 4, 5, 6, 7, 8, 9, 10, 11, 12, 13, 14, 15, 16, 17, 18, 19, 20, 21, 22, 23, 24, 25, 26, 27, 28, 29, 30, 31, 32, 33, 34, 35, 36, 37, 38, 39, 40]",[],POTENTIAL_WORKLOAD,"Numeric stimulus/answer input with explicit dependencies; possible arithmetic/reading burden, without student evidence or an assumed direction.",39,39,39,38,NO_APPROVED_CONTROL,False
pg-10-2-3,k,1,ca31f2c50cfdb7d4,1,3646f300e012d574,EXHAUSTIVE,True,"[2, 3, 4, 5, 6, 7, 8, 9, 10, 11, 12, 13, 14, 15, 16, 17, 18, 19, 20, 21, 22, 23, 24, 25, 26, 27, 28, 29, 30, 31, 32, 33, 34, 35, 36, 37, 38, 39, 40]",[],POTENTIAL_WORKLOAD,"Numeric stimulus/answer input with explicit dependencies; possible arithmetic/reading burden, without student evidence or an assumed direction.",39,39,39,38,NO_APPROVED_CONTROL,False
pg-10-2-4,k,1,4de69619a6cb389e,1,69ce88541bae7dd2,EXHAUSTIVE,True,"[2, 3, 4, 5, 6, 7, 8, 9, 10, 11, 12, 13, 14, 15, 16, 17, 18, 19, 20, 21, 22, 23, 24, 25, 26, 27, 28, 29, 30, 31, 32, 33, 34, 35, 36, 37, 38, 39, 40]",[],POTENTIAL_WORKLOAD,"Numeric stimulus/answer input with explicit dependencies; possible arithmetic/reading burden, without student evidence or an assumed direction.",39,39,39,37,NO_APPROVED_CONTROL,False
pg-10-2-5,k,1,2d75f487bfe993ed,1,2ee6063291df7d31,EXHAUSTIVE,True,"[2, 3, 4, 5, 6, 7, 8, 9, 10, 11, 12, 13, 14, 15, 16, 17, 18, 19, 20, 21, 22, 23, 24, 25, 26, 27, 28, 29, 30, 31, 32, 33, 34, 35, 36, 37, 38, 39, 40]",[],POTENTIAL_WORKLOAD,"Numeric stimulus/answer input with explicit dependencies; possible arithmetic/reading burden, without student evidence or an assumed direction.",39,39,39,38,NO_APPROVED_CONTROL,False
pg-10-3-1,k,1,e7a644611072af98,1,f78a33cdb379e8cc,EXHAUSTIVE,True,"[2, 3, 4, 5, 6, 7, 8, 9, 10, 11, 12, 13, 14, 15, 16, 17, 18, 19, 20, 21, 22, 23, 24, 25, 26, 27, 28, 29, 30, 31, 32, 33, 34, 35, 36, 37, 38, 39, 40]",[],POTENTIAL_WORKLOAD,"Numeric stimulus/answer input with explicit dependencies; possible arithmetic/reading burden, without student evidence or an assumed direction.",39,39,39,37,NO_APPROVED_CONTROL,False
pg-10-3-2,k,1,70a78a20a57a0c65,1,69ba2e82bd926b29,EXHAUSTIVE,True,"[2, 3, 4, 5, 6, 7, 8, 9, 10, 11, 12, 13, 14, 15, 16, 17, 18, 19, 20, 21, 22, 23, 24, 25, 26, 27, 28, 29, 30, 31, 32, 33, 34, 35, 36, 37, 38, 39, 40]",[],POTENTIAL_WORKLOAD,"Numeric stimulus/answer input with explicit dependencies; possible arithmetic/reading burden, without student evidence or an assumed direction.",39,39,39,36,NO_APPROVED_CONTROL,False
pg-10-3-3,k,1,3fc821f5910d48da,1,d8ca04daf55a1f1d,EXHAUSTIVE,True,"[2, 3, 4, 5, 6, 7, 8, 9, 10, 11, 12, 13, 14, 15, 16, 17, 18, 19, 20, 21, 22, 23, 24, 25, 26, 27, 28, 29, 30, 31, 32, 33, 34, 35, 36, 37, 38, 39, 40]",[],POTENTIAL_WORKLOAD,"Numeric stimulus/answer input with explicit dependencies; possible arithmetic/reading burden, without student evidence or an assumed direction.",39,39,39,38,NO_APPROVED_CONTROL,False
pg-10-3-4,k,1,55e05de4582479a8,1,21f7ae1fc5885ccb,EXHAUSTIVE,True,"[2, 3, 4, 5, 6, 7, 8, 9, 10, 11, 12, 13, 14, 15, 16, 17, 18, 19, 20, 21, 22, 23, 24, 25, 26, 27, 28, 29, 30, 31, 32, 33, 34, 35, 36, 37, 38, 39, 40]",[],POTENTIAL_WORKLOAD,"Numeric stimulus/answer input with explicit dependencies; possible arithmetic/reading burden, without student evidence or an assumed direction.",39,39,39,37,NO_APPROVED_CONTROL,False
pg-10-3-5,k,1,174c388e438d740c,1,f94cf917a7279fdb,EXHAUSTIVE,True,"[2, 3, 4, 5, 6, 7, 8, 9, 10, 11, 12, 13, 14, 15, 16, 17, 18, 19, 20, 21, 22, 23, 24, 25, 26, 27, 28, 29, 30, 31, 32, 33, 34, 35, 36, 37, 38, 39, 40]",[],POTENTIAL_WORKLOAD,"Numeric stimulus/answer input with explicit dependencies; possible arithmetic/reading burden, without student evidence or an assumed direction.",39,39,39,38,NO_APPROVED_CONTROL,False
pg-11-1-2,k,1,94d6f4c1aacb497d,1,e94ed8b1e0775cd1,EXHAUSTIVE,True,"[2, 3, 4, 5, 6, 7, 8, 9, 10, 11, 12, 13, 14, 15, 16, 17, 18, 19, 20, 21, 22, 23, 24, 25, 26, 27, 28, 29, 30, 31, 32, 33, 34, 35, 36, 37, 38, 39, 40, 41]",[],POTENTIAL_WORKLOAD,"Numeric stimulus/answer input with explicit dependencies; possible arithmetic/reading burden, without student evidence or an assumed direction.",40,40,40,38,NO_APPROVED_CONTROL,False
pg-11-1-3,k,1,b5f0fc5c2b6b12c2,1,da278d1b4b273379,EXHAUSTIVE,True,"[2, 3, 4, 5, 6, 7, 8, 9, 10, 11, 12, 13, 14, 15, 16, 17, 18, 19, 20, 21, 22, 23, 24, 25, 26, 27, 28, 29, 30, 31, 32, 33, 34, 35, 36, 37, 38, 39, 40, 41]",[],POTENTIAL_WORKLOAD,"Numeric stimulus/answer input with explicit dependencies; possible arithmetic/reading burden, without student evidence or an assumed direction.",40,40,40,38,NO_APPROVED_CONTROL,False
pg-11-1-4,k,1,fdce8d6556433dfb,1,ca1a8b29c1576979,EXHAUSTIVE,True,"[2, 3, 4, 5, 6, 7, 8, 9, 10, 11, 12, 13, 14, 15, 16, 17, 18, 19, 20, 21, 22, 23, 24, 25, 26, 27, 28, 29, 30, 31, 32, 33, 34, 35, 36, 37, 38, 39, 40, 41]",[],POTENTIAL_WORKLOAD,"Numeric stimulus/answer input with explicit dependencies; possible arithmetic/reading burden, without student evidence or an assumed direction.",40,40,40,39,NO_APPROVED_CONTROL,False
pg-11-1-5,k,1,e979bd2a3fd4cc6c,1,742b85454dacbef2,EXHAUSTIVE,True,"[1, 2, 3, 4, 5, 6, 7, 8, 9, 10, 11, 12, 13, 14, 15, 16, 17, 18, 19, 20, 21, 22, 23, 24, 25, 26, 27, 28, 29, 30, 31, 32, 33, 34, 35, 36, 37, 38, 39, 40, 41]",[],NUMERIC_CONTEXT,"Only stimulus/explanation depend on this input, not answer text or correctness; representation signals are separate from a change in the mathematical task.",287,287,287,259,NO_APPROVED_CONTROL,False
pg-11-1-5,slope,1,e979bd2a3fd4cc6c,1,742b85454dacbef2,EXHAUSTIVE,True,"[-6, -5, -4, -3, -2, -1, 0]",[],POTENTIAL_WORKLOAD,"Numeric stimulus/answer input with explicit dependencies; possible arithmetic/reading burden, without student evidence or an assumed direction.",287,287,287,41,NO_APPROVED_CONTROL,False
pg-11-2-1,k,1,ba74e51328b03c86,1,37d918b42841d79a,EXHAUSTIVE,True,"[2, 3, 4, 5, 6, 7, 8, 9, 10, 11, 12, 13, 14, 15, 16, 17, 18, 19, 20, 21, 22, 23, 24, 25, 26, 27, 28, 29, 30, 31, 32, 33, 34, 35, 36, 37, 38, 39, 40, 41]",[],POTENTIAL_WORKLOAD,"Numeric stimulus/answer input with explicit dependencies; possible arithmetic/reading burden, without student evidence or an assumed direction.",40,40,40,39,NO_APPROVED_CONTROL,False
pg-11-2-2,offset,1,651bb69aa32694c8,1,6ba3abd8309781a8,EXHAUSTIVE,True,"[2, 3, 4, 5, 6, 7, 8, 9, 10, 11, 12, 13, 14, 15, 16, 17, 18, 19, 20, 21, 22, 23, 24, 25, 26, 27, 28, 29, 30]",[],POTENTIAL_WORKLOAD,"Numeric stimulus/answer input with explicit dependencies; possible arithmetic/reading burden, without student evidence or an assumed direction.",29,29,29,21,NO_APPROVED_CONTROL,False
pg-11-2-3,k,1,db001ce0d17b4845,1,05c933c878474eae,EXHAUSTIVE,True,"[2, 3, 4, 5, 6, 7, 8, 9, 10, 11, 12, 13, 14, 15, 16, 17, 18, 19, 20, 21, 22, 23, 24, 25, 26, 27, 28, 29, 30, 31, 32, 33, 34, 35, 36, 37, 38, 39, 40, 41]",[],POTENTIAL_WORKLOAD,"Numeric stimulus/answer input with explicit dependencies; possible arithmetic/reading burden, without student evidence or an assumed direction.",40,40,40,39,NO_APPROVED_CONTROL,False
pg-11-2-4,coefficient,2,3874db78e959e76e,1,e35ebc0e9432098b,EXHAUSTIVE,True,"[2, 3, 4]",[],POTENTIAL_WORKLOAD,"Numeric stimulus/answer input with explicit dependencies; possible arithmetic/reading burden, without student evidence or an assumed direction.",159,159,159,65,NO_APPROVED_CONTROL,False
pg-11-2-4,constant,2,3874db78e959e76e,1,e35ebc0e9432098b,EXHAUSTIVE,True,"[2, 3, 4, 5]",[],POTENTIAL_WORKLOAD,"Numeric stimulus/answer input with explicit dependencies; possible arithmetic/reading burden, without student evidence or an assumed direction.",159,159,159,34,NO_APPROVED_CONTROL,False
pg-11-2-4,subtract,2,3874db78e959e76e,1,e35ebc0e9432098b,EXHAUSTIVE,True,"[1, 2, 3]",[],POTENTIAL_WORKLOAD,"Numeric stimulus/answer input with explicit dependencies; possible arithmetic/reading burden, without student evidence or an assumed direction.",159,159,159,55,NO_APPROVED_CONTROL,False
pg-11-2-4,input,2,3874db78e959e76e,1,e35ebc0e9432098b,EXHAUSTIVE,True,"[3, 4, 5, 6, 7]",[],POTENTIAL_WORKLOAD,"Numeric stimulus/answer input with explicit dependencies; possible arithmetic/reading burden, without student evidence or an assumed direction.",159,159,159,123,NO_APPROVED_CONTROL,False
pg-11-2-5,k,1,e9478aceac3b788f,1,6bdd39dd4c60c20e,EXHAUSTIVE,True,"[2, 3, 4, 5, 6, 7, 8, 9, 10, 11, 12, 13, 14, 15, 16, 17, 18, 19, 20, 21, 22, 23, 24, 25, 26, 27, 28, 29, 30, 31, 32, 33, 34, 35, 36, 37, 38, 39, 40, 41]",[],POTENTIAL_WORKLOAD,"Numeric stimulus/answer input with explicit dependencies; possible arithmetic/reading burden, without student evidence or an assumed direction.",40,40,40,38,NO_APPROVED_CONTROL,False
pg-11-3-1,k,1,8d64d9ac444b6840,1,8ad5d20dae9b7786,EXHAUSTIVE,True,"[1, 2, 3, 4, 5, 6, 7, 8, 9, 10, 11, 12, 13, 14, 15, 16, 17, 18, 19, 20, 21, 22, 23, 24, 25, 26, 27, 28, 29, 30, 31, 32, 33, 34, 35, 36, 37, 38, 39, 40, 41]",[],NUMERIC_CONTEXT,"Only stimulus/explanation depend on this input, not answer text or correctness; representation signals are separate from a change in the mathematical task.",82,82,82,78,NO_APPROVED_CONTROL,False
pg-11-3-1,rotation,1,8d64d9ac444b6840,1,8ad5d20dae9b7786,EXHAUSTIVE,True,"[1, 2]",[],CONTENT_PROFILE,Selects a statement/data/role profile. Review the changed claims and reasoning; it is not a proven numeric difficulty control.,82,82,82,0,NO_APPROVED_CONTROL,False
pg-11-3-2,shift,1,7cb8ca90c6639848,1,cdbfd95d24a68c04,EXHAUSTIVE,True,"[1, 2, 3, 4, 5, 6, 7, 8, 9, 10]",[],POTENTIAL_WORKLOAD,"Numeric stimulus/answer input with explicit dependencies; possible arithmetic/reading burden, without student evidence or an assumed direction.",10,10,10,5,NO_APPROVED_CONTROL,False
pg-11-3-3,offset,1,d5acb0bab74d729b,1,b08f3ca5d3c0dc3e,EXHAUSTIVE,True,"[2, 3, 4, 5, 6, 7, 8, 9, 10, 11, 12, 13, 14, 15, 16, 17, 18, 19, 20, 21, 22, 23, 24, 25, 26, 27, 28, 29, 30]",[],POTENTIAL_WORKLOAD,"Numeric stimulus/answer input with explicit dependencies; possible arithmetic/reading burden, without student evidence or an assumed direction.",29,29,29,25,NO_APPROVED_CONTROL,False
pg-11-3-4,t,1,a1ac248c62c15879,1,c14125276733a667,EXHAUSTIVE,True,"[2, 4, 5, 6, 7, 8, 9, 10, 11, 12, 13, 14, 15, 16, 17, 18, 19, 20]",[],POTENTIAL_WORKLOAD,"Numeric stimulus/answer input with explicit dependencies; possible arithmetic/reading burden, without student evidence or an assumed direction.",18,18,18,17,NO_APPROVED_CONTROL,False
pg-11-3-5,k,1,6c6e2d48d3bd6aad,1,d8ef1081fd141974,EXHAUSTIVE,True,"[1, 2, 3, 4, 5, 6, 7, 8, 9, 10, 11, 12, 13, 14, 15, 16, 17, 18, 19, 20, 21, 22, 23, 24, 25, 26, 27, 28, 29, 30, 31, 32, 33, 34, 35, 36, 37, 38, 39, 40, 41]",[],NUMERIC_CONTEXT,"Only stimulus/explanation depend on this input, not answer text or correctness; representation signals are separate from a change in the mathematical task.",697,697,697,660,NO_APPROVED_CONTROL,False
pg-11-3-5,n,1,6c6e2d48d3bd6aad,1,d8ef1081fd141974,EXHAUSTIVE,True,"[3, 4, 6, 7, 8, 9, 10, 11, 12, 13, 14, 15, 16, 17, 18, 19, 20]",[],POTENTIAL_WORKLOAD,"Numeric stimulus/answer input with explicit dependencies; possible arithmetic/reading burden, without student evidence or an assumed direction.",697,697,697,514,NO_APPROVED_CONTROL,False
pg-11-4-1,k,1,f51560b36a346447,1,de23c1799d0c59ce,EXHAUSTIVE,True,"[2, 3, 4, 5, 6, 7, 8, 9, 10, 11, 12, 13, 14, 15, 16, 17, 18, 19, 20, 21, 22, 23, 24, 25, 26, 27, 28, 29, 30, 31, 32, 33, 34, 35, 36, 37, 38, 39, 40, 41]",[],POTENTIAL_WORKLOAD,"Numeric stimulus/answer input with explicit dependencies; possible arithmetic/reading burden, without student evidence or an assumed direction.",40,40,40,39,NO_APPROVED_CONTROL,False
pg-11-4-2,end,1,9b04f5222eeca0cd,1,f96b4d7bb3789ea4,EXHAUSTIVE,True,"[1, 2, 4, 5, 6, 7, 8, 9, 10, 11, 12, 13, 14, 15]",[],POTENTIAL_WORKLOAD,"Numeric stimulus/answer input with explicit dependencies; possible arithmetic/reading burden, without student evidence or an assumed direction.",14,14,14,8,NO_APPROVED_CONTROL,False
pg-11-4-3,t,1,234e08d7cd56daa5,1,f8d8b238d56c5604,EXHAUSTIVE,True,"[3, 4, 5, 6, 7, 8, 9, 10, 11, 12, 13, 14, 15, 16, 17, 18, 19, 20]",[],POTENTIAL_WORKLOAD,"Numeric stimulus/answer input with explicit dependencies; possible arithmetic/reading burden, without student evidence or an assumed direction.",18,18,18,15,NO_APPROVED_CONTROL,False
pg-11-4-4,k,1,2665818ef27986d0,1,959179d50c4f6d41,EXHAUSTIVE,True,"[2, 3, 4, 5, 6, 7, 8, 9, 10, 11, 12, 13, 14, 15, 16, 17, 18, 19, 20, 21, 22, 23, 24, 25, 26, 27, 28, 29, 30, 31, 32, 33, 34, 35, 36, 37, 38, 39, 40, 41]",[],POTENTIAL_WORKLOAD,"Numeric stimulus/answer input with explicit dependencies; possible arithmetic/reading burden, without student evidence or an assumed direction.",40,40,40,39,NO_APPROVED_CONTROL,False
pg-11-4-5,k,1,308b25c904cfbb69,1,f691c635f1084384,EXHAUSTIVE,True,"[2, 3, 4, 5, 6, 7, 8, 9, 10, 11, 12, 13, 14, 15, 16, 17, 18, 19, 20, 21, 22, 23, 24, 25, 26, 27, 28, 29, 30, 31, 32, 33, 34, 35, 36, 37, 38, 39, 40, 41]",[],POTENTIAL_WORKLOAD,"Numeric stimulus/answer input with explicit dependencies; possible arithmetic/reading burden, without student evidence or an assumed direction.",40,40,40,38,NO_APPROVED_CONTROL,False
pg-11-5-1,k,1,0373ef3dd0904a44,1,85bb8d41602fed49,EXHAUSTIVE,True,"[2, 3, 4, 5, 6, 7, 8, 9, 10, 11, 12, 13, 14, 15, 16, 17, 18, 19, 20, 21, 22, 23, 24, 25, 26, 27, 28, 29, 30, 31, 32, 33, 34, 35, 36, 37, 38, 39, 40, 41]",[],POTENTIAL_WORKLOAD,"Numeric stimulus/answer input with explicit dependencies; possible arithmetic/reading burden, without student evidence or an assumed direction.",40,40,40,39,NO_APPROVED_CONTROL,False
pg-11-5-2,k,1,475d3c2878cea386,1,c9640cd34042c5a9,EXHAUSTIVE,True,"[2, 3, 4, 5, 6, 7, 8, 9, 10, 11, 12, 13, 14, 15, 16, 17, 18, 19, 20, 21, 22, 23, 24, 25, 26, 27, 28, 29, 30, 31, 32, 33, 34, 35, 36, 37, 38, 39, 40, 41]",[],POTENTIAL_WORKLOAD,"Numeric stimulus/answer input with explicit dependencies; possible arithmetic/reading burden, without student evidence or an assumed direction.",40,40,40,39,NO_APPROVED_CONTROL,False
pg-11-5-3,k,1,95f951ba3ff7cca9,1,f7f85c6998f00f6b,EXHAUSTIVE,True,"[2, 3, 4, 5, 6, 7, 8, 9, 10, 11, 12, 13, 14, 15, 16, 17, 18, 19, 20, 21, 22, 23, 24, 25, 26, 27, 28, 29, 30, 31, 32, 33, 34, 35, 36, 37, 38, 39, 40, 41]",[],POTENTIAL_WORKLOAD,"Numeric stimulus/answer input with explicit dependencies; possible arithmetic/reading burden, without student evidence or an assumed direction.",40,40,40,39,NO_APPROVED_CONTROL,False
pg-11-5-4,k,1,078284f432e691fb,1,556f149a0f3b922e,EXHAUSTIVE,True,"[2, 3, 4, 5, 6, 7, 8, 9, 10, 11, 12, 13, 14, 15, 16, 17, 18, 19, 20, 21, 22, 23, 24, 25, 26, 27, 28, 29, 30, 31, 32, 33, 34, 35, 36, 37, 38, 39, 40, 41]",[],POTENTIAL_WORKLOAD,"Numeric stimulus/answer input with explicit dependencies; possible arithmetic/reading burden, without student evidence or an assumed direction.",40,40,40,38,NO_APPROVED_CONTROL,False
pg-11-5-5,k,1,0d50be221cff7482,1,36b95d65a84da0ac,EXHAUSTIVE,True,"[2, 3, 4, 5, 6, 7, 8, 9, 10, 11, 12, 13, 14, 15, 16, 17, 18, 19, 20, 21, 22, 23, 24, 25, 26, 27, 28, 29, 30, 31, 32, 33, 34, 35, 36, 37, 38, 39, 40, 41]",[],POTENTIAL_WORKLOAD,"Numeric stimulus/answer input with explicit dependencies; possible arithmetic/reading burden, without student evidence or an assumed direction.",40,40,40,39,NO_APPROVED_CONTROL,False
pg-12-1-1,k,1,24d2c2c859fe29f7,1,93231c2b8ece50f2,EXHAUSTIVE,True,"[2, 3, 4, 5, 6, 7, 8, 9, 10, 11, 12, 13, 14, 15, 16, 17, 18, 19, 20, 21, 22, 23, 24, 25, 26, 27, 28, 29, 30, 31, 32, 33, 34, 35, 36, 37, 38, 39, 40, 41]",[],POTENTIAL_WORKLOAD,"Numeric stimulus/answer input with explicit dependencies; possible arithmetic/reading burden, without student evidence or an assumed direction.",40,40,40,39,NO_APPROVED_CONTROL,False
pg-12-1-2,k,1,46f0967e3b984218,1,6d02d0f7f03eacd7,EXHAUSTIVE,True,"[2, 3, 4, 5, 6, 7, 8, 9, 10, 11, 12, 13, 14, 15, 16, 17, 18, 19, 20, 21, 22, 23, 24, 25, 26, 27, 28, 29, 30, 31, 32, 33, 34, 35, 36, 37, 38, 39, 40, 41]",[],POTENTIAL_WORKLOAD,"Numeric stimulus/answer input with explicit dependencies; possible arithmetic/reading burden, without student evidence or an assumed direction.",40,40,40,37,NO_APPROVED_CONTROL,False
pg-12-1-3,k,1,a19504cd14e30f02,1,97828c84657a94d2,EXHAUSTIVE,True,"[2, 3, 4, 5, 6, 7, 8, 9, 10, 11, 12, 13, 14, 15, 16, 17, 18, 19, 20, 21, 22, 23, 24, 25, 26, 27, 28, 29, 30, 31, 32, 33, 34, 35, 36, 37, 38, 39, 40, 41]",[],POTENTIAL_WORKLOAD,"Numeric stimulus/answer input with explicit dependencies; possible arithmetic/reading burden, without student evidence or an assumed direction.",40,40,40,38,NO_APPROVED_CONTROL,False
pg-12-1-4,k,1,6950e721f94e00e4,1,897c5fea7a130745,EXHAUSTIVE,True,"[1, 2, 3, 4, 5, 6, 7, 8, 9, 10, 11, 12, 13, 14, 15, 16, 17, 18, 19, 20, 21, 22, 23, 24, 25, 26, 27, 28, 29, 30, 31, 32, 33, 34, 35, 36, 37, 38, 39, 40, 41]",[],POTENTIAL_WORKLOAD,"Numeric stimulus/answer input with explicit dependencies; possible arithmetic/reading burden, without student evidence or an assumed direction.",246,246,246,240,NO_APPROVED_CONTROL,False
pg-12-1-4,denominator,1,6950e721f94e00e4,1,897c5fea7a130745,EXHAUSTIVE,True,"[3, 4, 5, 6, 7, 8]",[],POTENTIAL_WORKLOAD,"Numeric stimulus/answer input with explicit dependencies; possible arithmetic/reading burden, without student evidence or an assumed direction.",246,246,246,0,NO_APPROVED_CONTROL,False
pg-12-1-5,k,1,f7154555e8464d29,1,8f4dc12b4f05a8ec,EXHAUSTIVE,True,"[2, 3, 4, 5, 6, 7, 8, 9, 10, 11, 12, 13, 14, 15, 16, 17, 18, 19, 20, 21, 22, 23, 24, 25, 26, 27, 28, 29, 30, 31, 32, 33, 34, 35, 36, 37, 38, 39, 40, 41]",[],POTENTIAL_WORKLOAD,"Numeric stimulus/answer input with explicit dependencies; possible arithmetic/reading burden, without student evidence or an assumed direction.",40,40,40,39,NO_APPROVED_CONTROL,False
pg-12-2-1,k,1,d5734252f6d8f13b,1,45881df4ea192f54,EXHAUSTIVE,True,"[2, 3, 4, 5, 6, 7, 8, 9, 10, 11, 12, 13, 14, 15, 16, 17, 18, 19, 20, 21, 22, 23, 24, 25, 26, 27, 28, 29, 30, 31, 32, 33, 34, 35, 36, 37, 38, 39, 40, 41]",[],POTENTIAL_WORKLOAD,"Numeric stimulus/answer input with explicit dependencies; possible arithmetic/reading burden, without student evidence or an assumed direction.",40,40,40,38,NO_APPROVED_CONTROL,False
pg-12-2-2,k,1,40323c8d8d770758,1,c2682af997f5ba14,EXHAUSTIVE,True,"[2, 3, 4, 5, 6, 7, 8, 9, 10, 11, 12, 13, 14, 15, 16, 17, 18, 19, 20, 21, 22, 23, 24, 25, 26, 27, 28, 29, 30, 31, 32, 33, 34, 35, 36, 37, 38, 39, 40, 41]",[],POTENTIAL_WORKLOAD,"Numeric stimulus/answer input with explicit dependencies; possible arithmetic/reading burden, without student evidence or an assumed direction.",40,40,40,38,NO_APPROVED_CONTROL,False
pg-12-2-3,k,1,26d4faabcafa9c18,1,523a88e2703dfaba,EXHAUSTIVE,True,"[2, 3, 4, 5, 6, 7, 8, 9, 10, 11, 12, 13, 14, 15, 16, 17, 18, 19, 20, 21, 22, 23, 24, 25, 26, 27, 28, 29, 30, 31, 32, 33, 34, 35, 36, 37, 38, 39, 40, 41]",[],POTENTIAL_WORKLOAD,"Numeric stimulus/answer input with explicit dependencies; possible arithmetic/reading burden, without student evidence or an assumed direction.",40,40,40,39,NO_APPROVED_CONTROL,False
pg-12-2-5,k,1,ff74f88c0d87b9b8,1,3696c718183e55bc,EXHAUSTIVE,True,"[1, 2, 3, 4, 5, 6, 7, 8, 9, 10, 11, 12, 13, 14, 15, 16, 17, 18, 19, 20, 21, 22, 23, 24, 25, 26, 27, 28, 29, 30, 31, 32, 33, 34, 35, 36, 37, 38, 39, 40, 41]",[],NUMERIC_CONTEXT,"Only stimulus/explanation depend on this input, not answer text or correctness; representation signals are separate from a change in the mathematical task.",861,861,861,794,NO_APPROVED_CONTROL,False
pg-12-2-5,n,1,ff74f88c0d87b9b8,1,3696c718183e55bc,EXHAUSTIVE,True,"[4, 5, 6, 7, 8, 9, 10, 11, 12, 13, 15, 16, 17, 18, 19, 20, 21, 22, 23, 24, 25]",[],POTENTIAL_WORKLOAD,"Numeric stimulus/answer input with explicit dependencies; possible arithmetic/reading burden, without student evidence or an assumed direction.",861,861,861,699,NO_APPROVED_CONTROL,False
pg-12-3-1,k,1,daaa39bf114db0c1,1,2124a2978fe823a0,EXHAUSTIVE,True,"[1, 2, 3, 4, 5, 6, 7, 8, 9, 10, 11, 12, 13, 14, 15, 16, 17, 18, 19, 20, 21, 22, 23, 24, 25, 26, 27, 28, 29, 30, 31, 32, 33, 34, 35, 36, 37, 38, 39, 40, 41]",[],NUMERIC_CONTEXT,"Only stimulus/explanation depend on this input, not answer text or correctness; representation signals are separate from a change in the mathematical task.",164,164,164,160,NO_APPROVED_CONTROL,False
pg-12-3-1,rotation,1,daaa39bf114db0c1,1,2124a2978fe823a0,EXHAUSTIVE,True,"[1, 2, 3, 4]",[],CONTENT_PROFILE,Selects a statement/data/role profile. Review the changed claims and reasoning; it is not a proven numeric difficulty control.,164,164,164,0,NO_APPROVED_CONTROL,False
pg-12-3-2,k,1,a6ee7e978957aecd,1,cd3b40397a6baec7,EXHAUSTIVE,True,"[2, 3, 4, 5, 6, 7, 8, 9, 10, 11, 12, 13, 14, 15, 16, 17, 18, 19, 20, 21, 22, 23, 24, 25, 26, 27, 28, 29, 30, 31, 32, 33, 34, 35, 36, 37, 38, 39, 40, 41]",[],POTENTIAL_WORKLOAD,"Numeric stimulus/answer input with explicit dependencies; possible arithmetic/reading burden, without student evidence or an assumed direction.",40,40,40,38,NO_APPROVED_CONTROL,False
pg-12-3-3,k,1,86c43be2fa771862,1,a3e03cbb09943ce5,EXHAUSTIVE,True,"[2, 3, 4, 5, 6, 7, 8, 9, 10, 11, 12, 13, 14, 15, 16, 17, 18, 19, 20, 21, 22, 23, 24, 25, 26, 27, 28, 29, 30, 31, 32, 33, 34, 35, 36, 37, 38, 39, 40, 41]",[],POTENTIAL_WORKLOAD,"Numeric stimulus/answer input with explicit dependencies; possible arithmetic/reading burden, without student evidence or an assumed direction.",40,40,40,39,NO_APPROVED_CONTROL,False
pg-12-3-4,k,1,ffde3352be50ee6f,1,e86097a0fa87d054,EXHAUSTIVE,True,"[2, 3, 4, 5, 6, 7, 8, 9, 10, 11, 12, 13, 14, 15, 16, 17, 18, 19, 20, 21, 22, 23, 24, 25, 26, 27, 28, 29, 30, 31, 32, 33, 34, 35, 36, 37, 38, 39, 40, 41]",[],POTENTIAL_WORKLOAD,"Numeric stimulus/answer input with explicit dependencies; possible arithmetic/reading burden, without student evidence or an assumed direction.",40,40,40,39,NO_APPROVED_CONTROL,False
pg-12-3-5,k,1,d724c67179065720,1,ca248d5d2afc72d0,EXHAUSTIVE,True,"[1, 2, 3, 4, 5, 6, 7, 8, 9, 10, 11, 12, 13, 14, 15, 16, 17, 18, 19, 20, 21, 22, 23, 24, 25, 26, 27, 28, 29, 30, 31, 32, 33, 34, 35, 36, 37, 38, 39, 40, 41]",[],NUMERIC_CONTEXT,"Only stimulus/explanation depend on this input, not answer text or correctness; representation signals are separate from a change in the mathematical task.",205,205,205,194,NO_APPROVED_CONTROL,False
pg-12-3-5,n,1,d724c67179065720,1,ca248d5d2afc72d0,EXHAUSTIVE,True,"[8, 9, 10, 11, 12]",[],POTENTIAL_WORKLOAD,"Numeric stimulus/answer input with explicit dependencies; possible arithmetic/reading burden, without student evidence or an assumed direction.",205,205,205,147,NO_APPROVED_CONTROL,False
pg-12-4-1,k,1,1fa037d8b878fac0,1,a295c1d16960a83d,EXHAUSTIVE,True,"[1, 2, 3, 4, 5, 6, 7, 8, 9, 10, 11, 12, 13, 14, 15, 16, 17, 18, 19, 20, 21, 22, 23, 24, 25, 26, 27, 28, 29, 30, 31, 32, 33, 34, 35, 36, 37, 38, 39, 40, 41]",[],NUMERIC_CONTEXT,"Only stimulus/explanation depend on this input, not answer text or correctness; representation signals are separate from a change in the mathematical task.",164,164,164,160,NO_APPROVED_CONTROL,False
pg-12-4-1,r,1,1fa037d8b878fac0,1,a295c1d16960a83d,EXHAUSTIVE,True,"[2, 4, 5, 6]",[],POTENTIAL_WORKLOAD,"Numeric stimulus/answer input with explicit dependencies; possible arithmetic/reading burden, without student evidence or an assumed direction.",164,164,164,123,NO_APPROVED_CONTROL,False
pg-12-4-2,k,1,021032e1f8c43a65,1,a748e21535b8bc2e,EXHAUSTIVE,True,"[2, 3, 4, 5, 6, 7, 8, 9, 10, 11, 12, 13, 14, 15, 16, 17, 18, 19, 20, 21, 22, 23, 24, 25, 26, 27, 28, 29, 30, 31, 32, 33, 34, 35, 36, 37, 38, 39, 40, 41]",[],POTENTIAL_WORKLOAD,"Numeric stimulus/answer input with explicit dependencies; possible arithmetic/reading burden, without student evidence or an assumed direction.",40,40,40,38,NO_APPROVED_CONTROL,False
pg-12-4-3,k,1,688cdcbbf07f53cf,1,1559bbe9c859fb65,EXHAUSTIVE,True,"[2, 3, 4, 5, 6, 7, 8, 9, 10, 11, 12, 13, 14, 15, 16, 17, 18, 19, 20, 21, 22, 23, 24, 25, 26, 27, 28, 29, 30, 31, 32, 33, 34, 35, 36, 37, 38, 39, 40, 41]",[],POTENTIAL_WORKLOAD,"Numeric stimulus/answer input with explicit dependencies; possible arithmetic/reading burden, without student evidence or an assumed direction.",40,40,40,39,NO_APPROVED_CONTROL,False
pg-12-4-4,k,1,9ac2670cffa2b229,1,ccb57f46b9354761,EXHAUSTIVE,True,"[2, 3, 4, 5, 6, 7, 8, 9, 10, 11, 12, 13, 14, 15, 16, 17, 18, 19, 20, 21, 22, 23, 24, 25, 26, 27, 28, 29, 30, 31, 32, 33, 34, 35, 36, 37, 38, 39, 40, 41]",[],POTENTIAL_WORKLOAD,"Numeric stimulus/answer input with explicit dependencies; possible arithmetic/reading burden, without student evidence or an assumed direction.",40,40,40,39,NO_APPROVED_CONTROL,False
pg-12-4-5,k,1,e4c2225dbaffdb49,1,be26012aaf203d30,EXHAUSTIVE,True,"[1, 2, 3, 4, 5, 6, 7, 8, 9, 10, 11, 12, 13, 14, 15, 16, 17, 18, 19, 20, 21, 22, 23, 24, 25, 26, 27, 28, 29, 30, 31, 32, 33, 34, 35, 36, 37, 38, 39, 40, 41]",[],NUMERIC_CONTEXT,"Only stimulus/explanation depend on this input, not answer text or correctness; representation signals are separate from a change in the mathematical task.",82,82,82,80,NO_APPROVED_CONTROL,False
pg-12-4-5,rotation,1,e4c2225dbaffdb49,1,be26012aaf203d30,EXHAUSTIVE,True,"[1, 2]",[],CONTENT_PROFILE,Selects a statement/data/role profile. Review the changed claims and reasoning; it is not a proven numeric difficulty control.,82,82,82,0,NO_APPROVED_CONTROL,False
pg-12-5-1,k,1,53f6aef6de2aea77,1,6194edc788a3e1aa,EXHAUSTIVE,True,"[2, 3, 4, 5, 6, 7, 8, 9, 10, 11, 12, 13, 14, 15, 16, 17, 18, 19, 20, 21, 22, 23, 24, 25, 26, 27, 28, 29, 30, 31, 32, 33, 34, 35, 36, 37, 38, 39, 40, 41]",[],POTENTIAL_WORKLOAD,"Numeric stimulus/answer input with explicit dependencies; possible arithmetic/reading burden, without student evidence or an assumed direction.",40,40,40,39,NO_APPROVED_CONTROL,False
pg-12-5-2,k,1,456c3c50590b475d,1,e3093f8d0b7b1552,EXHAUSTIVE,True,"[1, 2, 3, 4, 5, 6, 7, 8, 9, 10, 11, 12, 13, 14, 15, 16, 17, 18, 19, 20, 21, 22, 23, 24, 25, 26, 27, 28, 29, 30, 31, 32, 33, 34, 35, 36, 37, 38, 39, 40, 41]",[],NUMERIC_CONTEXT,"Only stimulus/explanation depend on this input, not answer text or correctness; representation signals are separate from a change in the mathematical task.",697,697,697,646,NO_APPROVED_CONTROL,False
pg-12-5-2,n,1,456c3c50590b475d,1,e3093f8d0b7b1552,EXHAUSTIVE,True,"[3, 4, 5, 7, 8, 9, 10, 11, 12, 13, 14, 15, 16, 17, 18, 19, 20]",[],POTENTIAL_WORKLOAD,"Numeric stimulus/answer input with explicit dependencies; possible arithmetic/reading burden, without student evidence or an assumed direction.",697,697,697,533,NO_APPROVED_CONTROL,False
pg-12-5-3,k,1,d04ea29e878fb15b,1,d99b93fea0ea4771,EXHAUSTIVE,True,"[2, 3, 4, 5, 6, 7, 8, 9, 10, 11, 12, 13, 14, 15, 16, 17, 18, 19, 20, 21, 22, 23, 24, 25, 26, 27, 28, 29, 30, 31, 32, 33, 34, 35, 36, 37, 38, 39, 40, 41]",[],POTENTIAL_WORKLOAD,"Numeric stimulus/answer input with explicit dependencies; possible arithmetic/reading burden, without student evidence or an assumed direction.",40,40,40,39,NO_APPROVED_CONTROL,False
pg-12-5-4,k,1,df8841cb301644ed,1,088695b1f371d4de,EXHAUSTIVE,True,"[2, 3, 4, 5, 6, 7, 8, 9, 10, 11, 12, 13, 14, 15, 16, 17, 18, 19, 20, 21, 22, 23, 24, 25, 26, 27, 28, 29, 30, 31, 32, 33, 34, 35, 36, 37, 38, 39, 40, 41]",[],POTENTIAL_WORKLOAD,"Numeric stimulus/answer input with explicit dependencies; possible arithmetic/reading burden, without student evidence or an assumed direction.",40,40,40,39,NO_APPROVED_CONTROL,False
pg-12-5-5,k,1,38a05eed35d879e6,1,cef87c27e43d9843,EXHAUSTIVE,True,"[2, 3, 4, 5, 6, 7, 8, 9, 10, 11, 12, 13, 14, 15, 16, 17, 18, 19, 20, 21, 22, 23, 24, 25, 26, 27, 28, 29, 30, 31, 32, 33, 34, 35, 36, 37, 38, 39, 40, 41]",[],POTENTIAL_WORKLOAD,"Numeric stimulus/answer input with explicit dependencies; possible arithmetic/reading burden, without student evidence or an assumed direction.",40,40,40,33,NO_APPROVED_CONTROL,False
pg-13-1-1,k,1,48a68a0a66a892d9,1,a8d370f56df0daf9,EXHAUSTIVE,True,"[2, 3, 4, 5, 6, 7, 8, 9, 10, 11, 12, 13, 14, 15, 16, 17, 18, 19, 20, 21, 22, 23, 24, 25, 26, 27, 28, 29, 30, 31, 32, 33, 34, 35, 36, 37, 38, 39, 40, 41]",[],POTENTIAL_WORKLOAD,"Numeric stimulus/answer input with explicit dependencies; possible arithmetic/reading burden, without student evidence or an assumed direction.",40,40,40,38,NO_APPROVED_CONTROL,False
pg-13-1-2,k,1,7be37a669b93367a,1,12c41eb6298845e9,EXHAUSTIVE,True,"[2, 3, 4, 5, 6, 7, 8, 9, 10, 11, 12, 13, 14, 15, 16, 17, 18, 19, 20, 21, 22, 23, 24, 25, 26, 27, 28, 29, 30, 31, 32, 33, 34, 35, 36, 37, 38, 39, 40, 41]",[],POTENTIAL_WORKLOAD,"Numeric stimulus/answer input with explicit dependencies; possible arithmetic/reading burden, without student evidence or an assumed direction.",40,40,40,39,NO_APPROVED_CONTROL,False
pg-13-1-3,k,1,bedc9faac49b7ebb,1,dc42c8fd23a2090e,EXHAUSTIVE,True,"[2, 3, 4, 5, 6, 7, 8, 9, 10, 11, 12, 13, 14, 15, 16, 17, 18, 19, 20, 21, 22, 23, 24, 25, 26, 27, 28, 29, 30, 31, 32, 33, 34, 35, 36, 37, 38, 39, 40, 41]",[],POTENTIAL_WORKLOAD,"Numeric stimulus/answer input with explicit dependencies; possible arithmetic/reading burden, without student evidence or an assumed direction.",40,40,40,37,NO_APPROVED_CONTROL,False
pg-13-1-4,k,1,0ee38c128b9db00f,1,8b020b6fb47ea969,EXHAUSTIVE,True,"[2, 3, 4, 5, 6, 7, 8, 9, 10, 11, 12, 13, 14, 15, 16, 17, 18, 19, 20, 21, 22, 23, 24, 25, 26, 27, 28, 29, 30, 31, 32, 33, 34, 35, 36, 37, 38, 39, 40, 41]",[],POTENTIAL_WORKLOAD,"Numeric stimulus/answer input with explicit dependencies; possible arithmetic/reading burden, without student evidence or an assumed direction.",40,40,40,37,NO_APPROVED_CONTROL,False
pg-13-1-5,k,1,b436c622a263da16,1,393f141162172686,EXHAUSTIVE,True,"[2, 3, 4, 5, 6, 7, 8, 9, 10, 11, 12, 13, 14, 15, 16, 17, 18, 19, 20, 21, 22, 23, 24, 25, 26, 27, 28, 29, 30, 31, 32, 33, 34, 35, 36, 37, 38, 39, 40, 41]",[],POTENTIAL_WORKLOAD,"Numeric stimulus/answer input with explicit dependencies; possible arithmetic/reading burden, without student evidence or an assumed direction.",40,40,40,26,NO_APPROVED_CONTROL,False
pg-13-2-1,k,1,6cd29545740323df,1,1908b2547b2341d2,EXHAUSTIVE,True,"[2, 3, 4, 5, 6, 7, 8, 9, 10, 11, 12, 13, 14, 15, 16, 17, 18, 19, 20, 21, 22, 23, 24, 25, 26, 27, 28, 29, 30, 31, 32, 33, 34, 35, 36, 37, 38, 39, 40, 41]",[],POTENTIAL_WORKLOAD,"Numeric stimulus/answer input with explicit dependencies; possible arithmetic/reading burden, without student evidence or an assumed direction.",40,40,40,39,NO_APPROVED_CONTROL,False
pg-13-2-2,k,1,dc179d7b9e61462b,1,4b3e864f06d47e13,EXHAUSTIVE,True,"[2, 3, 4, 5, 6, 7, 8, 9, 10, 11, 12, 13, 14, 15, 16, 17, 18, 19, 20, 21, 22, 23, 24, 25, 26, 27, 28, 29, 30, 31, 32, 33, 34, 35, 36, 37, 38, 39, 40, 41]",[],POTENTIAL_WORKLOAD,"Numeric stimulus/answer input with explicit dependencies; possible arithmetic/reading burden, without student evidence or an assumed direction.",40,40,40,37,NO_APPROVED_CONTROL,False
pg-13-2-3,k,1,b7ea660dd09037f2,1,525f943e9fe315c0,EXHAUSTIVE,True,"[2, 3, 4, 5, 6, 7, 8, 9, 10, 11, 12, 13, 14, 15, 16, 17, 18, 19, 20, 21, 22, 23, 24, 25, 26, 27, 28, 29, 30, 31, 32, 33, 34, 35, 36, 37, 38, 39, 40, 41]",[],POTENTIAL_WORKLOAD,"Numeric stimulus/answer input with explicit dependencies; possible arithmetic/reading burden, without student evidence or an assumed direction.",40,40,40,39,NO_APPROVED_CONTROL,False
pg-13-2-4,k,1,814355b5ed3cfcda,1,e1c05d603ae8b38e,EXHAUSTIVE,True,"[2, 3, 4, 5, 6, 7, 8, 9, 10, 11, 12, 13, 14, 15, 16, 17, 18, 19, 20, 21, 22, 23, 24, 25, 26, 27, 28, 29, 30, 31, 32, 33, 34, 35, 36, 37, 38, 39, 40, 41]",[],POTENTIAL_WORKLOAD,"Numeric stimulus/answer input with explicit dependencies; possible arithmetic/reading burden, without student evidence or an assumed direction.",40,40,40,39,NO_APPROVED_CONTROL,False
pg-13-2-5,k,1,2b75e59c21a321e2,1,4a98857300c0e1dc,EXHAUSTIVE,True,"[1, 2, 3, 4, 5, 6, 7, 8, 9, 10, 11, 12, 13, 14, 15, 16, 17, 18, 19, 20, 21, 22, 23, 24, 25, 26, 27, 28, 29, 30, 31, 32, 33, 34, 35, 36, 37, 38, 39, 40, 41]",[],NUMERIC_CONTEXT,"Only stimulus/explanation depend on this input, not answer text or correctness; representation signals are separate from a change in the mathematical task.",656,656,656,535,NO_APPROVED_CONTROL,False
pg-13-2-5,n,1,2b75e59c21a321e2,1,4a98857300c0e1dc,EXHAUSTIVE,True,"[4, 5, 6, 8, 9, 10, 11, 12, 13, 14, 15, 16, 17, 18, 19, 20]",[],POTENTIAL_WORKLOAD,"Numeric stimulus/answer input with explicit dependencies; possible arithmetic/reading burden, without student evidence or an assumed direction.",656,656,656,496,NO_APPROVED_CONTROL,False
pg-13-3-1,k,1,56c6ee714bd22f8d,1,ed406b92f132ce58,EXHAUSTIVE,True,"[2, 3, 4, 5, 6, 7, 8, 9, 10, 11, 12, 13, 14, 15, 16, 17, 18, 19, 20, 21, 22, 23, 24, 25, 26, 27, 28, 29, 30, 31, 32, 33, 34, 35, 36, 37, 38, 39, 40, 41]",[],POTENTIAL_WORKLOAD,"Numeric stimulus/answer input with explicit dependencies; possible arithmetic/reading burden, without student evidence or an assumed direction.",40,40,40,38,NO_APPROVED_CONTROL,False
pg-13-3-2,k,1,84655e659784a6f0,1,6707a49532f8e66a,EXHAUSTIVE,True,"[2, 3, 4, 5, 6, 7, 8, 9, 10, 11, 12, 13, 14, 15, 16, 17, 18, 19, 20, 21, 22, 23, 24, 25, 26, 27, 28, 29, 30, 31, 32, 33, 34, 35, 36, 37, 38, 39, 40, 41]",[],POTENTIAL_WORKLOAD,"Numeric stimulus/answer input with explicit dependencies; possible arithmetic/reading burden, without student evidence or an assumed direction.",40,40,40,37,NO_APPROVED_CONTROL,False
pg-13-3-3,k,1,d1f93509789bf1ca,1,7d1e564257d8ab35,EXHAUSTIVE,True,"[2, 3, 4, 5, 6, 7, 8, 9, 10, 11, 12, 13, 14, 15, 16, 17, 18, 19, 20, 21, 22, 23, 24, 25, 26, 27, 28, 29, 30, 31, 32, 33, 34, 35, 36, 37, 38, 39, 40, 41]",[],POTENTIAL_WORKLOAD,"Numeric stimulus/answer input with explicit dependencies; possible arithmetic/reading burden, without student evidence or an assumed direction.",40,40,40,38,NO_APPROVED_CONTROL,False
pg-13-3-4,k,1,e77fdc0bd4b708f8,1,2b2a5841ebb610c6,EXHAUSTIVE,True,"[2, 3, 4, 5, 6, 7, 8, 9, 10, 11, 12, 13, 14, 15, 16, 17, 18, 19, 20, 21, 22, 23, 24, 25, 26, 27, 28, 29, 30, 31, 32, 33, 34, 35, 36, 37, 38, 39, 40, 41]",[],POTENTIAL_WORKLOAD,"Numeric stimulus/answer input with explicit dependencies; possible arithmetic/reading burden, without student evidence or an assumed direction.",40,40,40,39,NO_APPROVED_CONTROL,False
pg-13-3-5,k,1,6815d2a13778b4e2,1,2f4b7895542adba3,EXHAUSTIVE,True,"[1, 2, 3, 4, 5, 6, 7, 8, 9, 10, 11, 12, 13, 14, 15, 16, 17, 18, 19, 20, 21, 22, 23, 24, 25, 26, 27, 28, 29, 30, 31, 32, 33, 34, 35, 36, 37, 38, 39, 40, 41]",[],NUMERIC_CONTEXT,"Only stimulus/explanation depend on this input, not answer text or correctness; representation signals are separate from a change in the mathematical task.",574,574,574,552,NO_APPROVED_CONTROL,False
pg-13-3-5,n,1,6815d2a13778b4e2,1,2f4b7895542adba3,EXHAUSTIVE,True,"[11, 12, 13, 14, 16, 17, 18, 19, 20, 21, 22, 23, 24, 25]",[],POTENTIAL_WORKLOAD,"Numeric stimulus/answer input with explicit dependencies; possible arithmetic/reading burden, without student evidence or an assumed direction.",574,574,574,533,NO_APPROVED_CONTROL,False
pg-13-4-1,k,1,f16a6eb3d3c9230c,1,fc853016a3be6737,EXHAUSTIVE,True,"[2, 3, 4, 5, 6, 7, 8, 9, 10, 11, 12, 13, 14, 15, 16, 17, 18, 19, 20, 21, 22, 23, 24, 25, 26, 27, 28, 29, 30, 31, 32, 33, 34, 35, 36, 37, 38, 39, 40, 41]",[],POTENTIAL_WORKLOAD,"Numeric stimulus/answer input with explicit dependencies; possible arithmetic/reading burden, without student evidence or an assumed direction.",40,40,40,32,NO_APPROVED_CONTROL,False
pg-13-4-2,k,1,453a7e6ff551e9ff,1,c15fde72a06dd2e8,EXHAUSTIVE,True,"[2, 3, 4, 5, 6, 7, 8, 9, 10, 11, 12, 13, 14, 15, 16, 17, 18, 19, 20, 21, 22, 23, 24, 25, 26, 27, 28, 29, 30, 31, 32, 33, 34, 35, 36, 37, 38, 39, 40, 41]",[],POTENTIAL_WORKLOAD,"Numeric stimulus/answer input with explicit dependencies; possible arithmetic/reading burden, without student evidence or an assumed direction.",40,40,40,36,NO_APPROVED_CONTROL,False
pg-13-4-3,k,1,b593d18a629bf096,1,1fc0828149be6c9f,EXHAUSTIVE,True,"[2, 3, 4, 5, 6, 7, 8, 9, 10, 11, 12, 13, 14, 15, 16, 17, 18, 19, 20, 21, 22, 23, 24, 25, 26, 27, 28, 29, 30, 31, 32, 33, 34, 35, 36, 37, 38, 39, 40, 41]",[],POTENTIAL_WORKLOAD,"Numeric stimulus/answer input with explicit dependencies; possible arithmetic/reading burden, without student evidence or an assumed direction.",40,40,40,39,NO_APPROVED_CONTROL,False
pg-13-4-4,k,1,b48258d3d4a81d6a,1,8d6339ed37d424a3,EXHAUSTIVE,True,"[2, 3, 4, 5, 6, 7, 8, 9, 10, 11, 12, 13, 14, 15, 16, 17, 18, 19, 20, 21, 22, 23, 24, 25, 26, 27, 28, 29, 30, 31, 32, 33, 34, 35, 36, 37, 38, 39, 40, 41]",[],POTENTIAL_WORKLOAD,"Numeric stimulus/answer input with explicit dependencies; possible arithmetic/reading burden, without student evidence or an assumed direction.",40,40,40,35,NO_APPROVED_CONTROL,False
pg-13-4-5,k,1,055365f20d011cbc,1,950a4c40a808ce40,EXHAUSTIVE,True,"[1, 2, 3, 4, 5, 6, 7, 8, 9, 10, 11, 12, 13, 14, 15, 16, 17, 18, 19, 20, 21, 22, 23, 24, 25, 26, 27, 28, 29, 30, 31, 32, 33, 34, 35, 36, 37, 38, 39, 40, 41]",[],POTENTIAL_WORKLOAD,"Numeric stimulus/answer input with explicit dependencies; possible arithmetic/reading burden, without student evidence or an assumed direction.",573,573,573,537,NO_APPROVED_CONTROL,False
pg-13-4-5,n,1,055365f20d011cbc,1,950a4c40a808ce40,EXHAUSTIVE,True,"[12, 13, 14, 15, 16, 17, 18, 19, 20, 21, 22, 23, 24, 25]",[],POTENTIAL_WORKLOAD,"Numeric stimulus/answer input with explicit dependencies; possible arithmetic/reading burden, without student evidence or an assumed direction.",573,573,573,207,NO_APPROVED_CONTROL,False
pg-13-5-1,k,1,6c04f7f62203f314,1,43f9c42a978ed68d,EXHAUSTIVE,True,"[1, 2, 3, 4, 5, 6, 7, 8, 9, 10, 11, 12, 13, 14, 15, 16, 17, 18, 19, 20, 21, 22, 23, 24, 25, 26, 27, 28, 29, 30, 31, 32, 33, 34, 35, 36, 37, 38, 39, 40, 41]",[],NUMERIC_CONTEXT,"Only stimulus/explanation depend on this input, not answer text or correctness; representation signals are separate from a change in the mathematical task.",82,82,82,80,NO_APPROVED_CONTROL,False
pg-13-5-1,rotation,1,6c04f7f62203f314,1,43f9c42a978ed68d,EXHAUSTIVE,True,"[1, 2]",[],CONTENT_PROFILE,Selects a statement/data/role profile. Review the changed claims and reasoning; it is not a proven numeric difficulty control.,82,82,82,0,NO_APPROVED_CONTROL,False
pg-13-5-2,k,1,212a107461f72e92,1,80c00db2b475848a,EXHAUSTIVE,True,"[2, 3, 4, 5, 6, 7, 8, 9, 10, 11, 12, 13, 14, 15, 16, 17, 18, 19, 20, 21, 22, 23, 24, 25, 26, 27, 28, 29, 30, 31, 32, 33, 34, 35, 36, 37, 38, 39, 40, 41]",[],POTENTIAL_WORKLOAD,"Numeric stimulus/answer input with explicit dependencies; possible arithmetic/reading burden, without student evidence or an assumed direction.",40,40,40,39,NO_APPROVED_CONTROL,False
pg-13-5-3,k,1,af6060e0ca4e31e6,1,fb6e7b5da23ebe3f,EXHAUSTIVE,True,"[2, 3, 4, 5, 6, 7, 8, 9, 10, 11, 12, 13, 14, 15, 16, 17, 18, 19, 20, 21, 22, 23, 24, 25, 26, 27, 28, 29, 30, 31, 32, 33, 34, 35, 36, 37, 38, 39, 40, 41]",[],POTENTIAL_WORKLOAD,"Numeric stimulus/answer input with explicit dependencies; possible arithmetic/reading burden, without student evidence or an assumed direction.",40,40,40,37,NO_APPROVED_CONTROL,False
pg-13-5-4,k,1,0463c74422603f7e,1,e4f54638a8cb7152,EXHAUSTIVE,True,"[2, 3, 4, 5, 6, 7, 8, 9, 10, 11, 12, 13, 14, 15, 16, 17, 18, 19, 20, 21, 22, 23, 24, 25, 26, 27, 28, 29, 30, 31, 32, 33, 34, 35, 36, 37, 38, 39, 40, 41]",[],POTENTIAL_WORKLOAD,"Numeric stimulus/answer input with explicit dependencies; possible arithmetic/reading burden, without student evidence or an assumed direction.",40,40,40,32,NO_APPROVED_CONTROL,False
pg-13-5-5,k,1,25be318fecf99fc7,1,e84cd9a8335ff527,EXHAUSTIVE,True,"[2, 3, 4, 5, 6, 7, 8, 9, 10, 11, 12, 13, 14, 15, 16, 17, 18, 19, 20, 21, 22, 23, 24, 25, 26, 27, 28, 29, 30, 31, 32, 33, 34, 35, 36, 37, 38, 39, 40, 41]",[],POTENTIAL_WORKLOAD,"Numeric stimulus/answer input with explicit dependencies; possible arithmetic/reading burden, without student evidence or an assumed direction.",40,40,40,0,NO_APPROVED_CONTROL,False
pg-14-1-2,t,1,fd36ea4e5ae6779e,1,816cf4ff86a17886,EXHAUSTIVE,True,"[-19, -18, -17, -16, -15, -14, -13, -12, -11, -10, -9, -8, -7, -6, -5, -4, -3, -2, -1, 1, 2, 3, 4, 5, 6, 7, 8, 9, 10, 11, 12, 13, 14, 15, 16, 17, 18, 19, 20]",[],POTENTIAL_WORKLOAD,"Numeric stimulus/answer input with explicit dependencies; possible arithmetic/reading burden, without student evidence or an assumed direction.",39,39,39,35,NO_APPROVED_CONTROL,False
pg-14-1-3,t,1,45906f7a575451b8,1,e1f84a9a006dfe95,EXHAUSTIVE,True,"[-20, -19, -18, -17, -16, -15, -14, -13, -12, -11, -10, -9, -8, -7, -6, -5, -4, -3, -2, -1, 1, 2, 3, 4, 5, 6, 7, 8, 9, 10, 11, 12, 13, 14, 15, 16, 17, 18, 19, 20]",[],POTENTIAL_WORKLOAD,"Numeric stimulus/answer input with explicit dependencies; possible arithmetic/reading burden, without student evidence or an assumed direction.",40,40,40,39,NO_APPROVED_CONTROL,False
pg-14-1-4,t,1,2ac28cf409b36efe,1,ac0b5e3651488a79,EXHAUSTIVE,True,"[-20, -19, -18, -17, -16, -15, -14, -13, -12, -11, -10, -9, -8, -7, -6, -5, -4, -3, -2, -1, 1, 2, 3, 4, 5, 6, 7, 8, 9, 11, 12, 13, 14, 15, 16, 17, 18, 19, 20]",[],POTENTIAL_WORKLOAD,"Numeric stimulus/answer input with explicit dependencies; possible arithmetic/reading burden, without student evidence or an assumed direction.",39,39,39,38,NO_APPROVED_CONTROL,False
pg-14-1-5,t,1,555376f462fa4626,1,1b6506bd1616e917,EXHAUSTIVE,True,"[-19, -18, -17, -16, -15, -14, -13, -12, -11, -10, -9, -8, -7, -6, -5, -4, -3, -2, -1, 1, 2, 3, 4, 5, 6, 7, 8, 9, 10, 11, 12, 13, 14, 15, 16, 17, 18, 19, 20]",[],POTENTIAL_WORKLOAD,"Numeric stimulus/answer input with explicit dependencies; possible arithmetic/reading burden, without student evidence or an assumed direction.",39,39,39,35,NO_APPROVED_CONTROL,False
pg-14-2-2,t,1,19333d3bc04edf82,1,7d56484ff8419bfb,EXHAUSTIVE,True,"[-20, -19, -18, -17, -16, -15, -14, -13, -12, -11, -10, -9, -8, -7, -6, -5, -4, -3, -2, -1, 1, 2, 3, 4, 5, 6, 7, 8, 9, 10, 11, 12, 13, 14, 15, 16, 17, 18, 19, 20]",[],POTENTIAL_WORKLOAD,"Numeric stimulus/answer input with explicit dependencies; possible arithmetic/reading burden, without student evidence or an assumed direction.",40,40,40,39,NO_APPROVED_CONTROL,False
pg-14-2-3,t,1,061f7203dcaa4a9e,1,82ab2a0bdda20fc8,EXHAUSTIVE,True,"[-4, -3, -2, -1, 1, 2, 3, 4, 5, 6, 7, 8, 9, 10, 11, 12, 13, 14, 15, 16, 17, 18, 19, 20]",[],POTENTIAL_WORKLOAD,"Numeric stimulus/answer input with explicit dependencies; possible arithmetic/reading burden, without student evidence or an assumed direction.",24,24,24,16,NO_APPROVED_CONTROL,False
pg-14-2-4,t,1,ac72f8cf104fd08d,1,d3f3fa86ff7d6c3e,EXHAUSTIVE,True,"[-19, -18, -17, -16, -15, -14, -13, -12, -11, -10, -9, -8, -7, -6, -5, -4, -3, -2, -1, 1, 2, 3, 4, 5, 6, 7, 8, 9, 11, 12, 13, 14, 15, 16, 17, 18, 19, 20]",[],POTENTIAL_WORKLOAD,"Numeric stimulus/answer input with explicit dependencies; possible arithmetic/reading burden, without student evidence or an assumed direction.",38,38,38,34,NO_APPROVED_CONTROL,False
pg-14-2-5,t,1,220070ac2ec3848c,1,6391e73feae2ef43,EXHAUSTIVE,True,"[-20, -19, -18, -17, -16, -15, -14, -13, -12, -11, -10, -9, -8, -7, -6, -5, -4, -3, -2, -1, 1, 2, 3, 4, 5, 6, 7, 8, 9, 10, 11, 12, 13, 14, 15, 16, 17, 18, 19, 20]",[],POTENTIAL_WORKLOAD,"Numeric stimulus/answer input with explicit dependencies; possible arithmetic/reading burden, without student evidence or an assumed direction.",40,40,40,36,NO_APPROVED_CONTROL,False
pg-14-3-2,t,1,0132e0f15ebb730b,1,9ba80ae5a8199bf5,EXHAUSTIVE,True,"[-4, -3, -2, -1, 1, 2, 3, 4, 5, 6, 7, 8, 9, 10, 11, 12, 13, 14, 15, 16, 17, 18, 19, 20]",[],POTENTIAL_WORKLOAD,"Numeric stimulus/answer input with explicit dependencies; possible arithmetic/reading burden, without student evidence or an assumed direction.",24,24,24,15,NO_APPROVED_CONTROL,False
pg-14-3-3,k,1,a33d8062ff47cdfe,1,20a3acd483dfd5b4,EXHAUSTIVE,True,"[1, 2, 3, 4, 5, 6, 7, 8, 9, 10, 11, 12, 13, 14, 15, 16, 17, 18, 19, 20, 21, 22, 23, 24, 25, 26, 27, 28, 29, 30, 31, 32, 33, 34, 35, 36, 37, 38, 39, 40, 41]",[],NUMERIC_CONTEXT,"Only stimulus/explanation depend on this input, not answer text or correctness; representation signals are separate from a change in the mathematical task.",328,328,328,309,NO_APPROVED_CONTROL,False
pg-14-3-3,t,1,a33d8062ff47cdfe,1,20a3acd483dfd5b4,EXHAUSTIVE,True,"[-4, -3, -2, -1, 1, 2, 3, 4]",[],POTENTIAL_WORKLOAD,"Numeric stimulus/answer input with explicit dependencies; possible arithmetic/reading burden, without student evidence or an assumed direction.",328,328,328,230,NO_APPROVED_CONTROL,False
pg-14-3-4,t,1,c18ede66cae4250a,1,f31ba8097855e150,EXHAUSTIVE,True,"[-15, -14, -13, -12, -11, -10, -9, -8, -7, -6, -4, -3, -2, -1, 1, 2, 3, 4, 5, 6, 7, 8, 9, 11, 12, 13, 14, 15, 16, 17, 18, 19, 20]",[],POTENTIAL_WORKLOAD,"Numeric stimulus/answer input with explicit dependencies; possible arithmetic/reading burden, without student evidence or an assumed direction.",33,33,33,27,NO_APPROVED_CONTROL,False
pg-14-3-5,t,1,f5134e1ad358d760,1,c83a5c71e91963d8,EXHAUSTIVE,True,"[-20, -19, -18, -17, -16, -15, -14, -13, -12, -11, -10, -9, -8, -7, -6, -5, -4, -3, -2, -1, 1, 2, 3, 4, 5, 6, 7, 8, 9, 10, 11, 12, 13, 14, 15, 16, 17, 18, 19, 20]",[],POTENTIAL_WORKLOAD,"Numeric stimulus/answer input with explicit dependencies; possible arithmetic/reading burden, without student evidence or an assumed direction.",40,40,40,30,NO_APPROVED_CONTROL,False
pg-14-4-2,t,1,a83b2835a9c8a767,1,aef08eeb690898e9,EXHAUSTIVE,True,"[-9, -8, -7, -6, -4, -3, -2, -1, 1, 2, 3, 5, 6, 7, 8, 10, 11, 12, 13, 14, 15, 16, 17, 18, 19, 20]",[],POTENTIAL_WORKLOAD,"Numeric stimulus/answer input with explicit dependencies; possible arithmetic/reading burden, without student evidence or an assumed direction.",26,26,26,18,NO_APPROVED_CONTROL,False
pg-14-4-4,t,1,20de44bd9faeaca1,1,cd7b227093c27e49,EXHAUSTIVE,True,"[-4, -3, -2, -1, 1, 2, 3, 4, 5, 6, 7, 8, 9, 11, 12, 13, 14, 15, 16, 17, 18, 19, 20]",[],POTENTIAL_WORKLOAD,"Numeric stimulus/answer input with explicit dependencies; possible arithmetic/reading burden, without student evidence or an assumed direction.",23,23,23,15,NO_APPROVED_CONTROL,False
pg-14-4-5,t,1,96f67e35cff77cad,1,f8e49ae9b372212e,EXHAUSTIVE,True,"[-19, -18, -17, -16, -15, -14, -13, -12, -11, -10, -9, -8, -7, -6, -5, -4, -3, -2, -1, 1, 2, 3, 4, 5, 6, 7, 8, 9, 10, 11, 12, 13, 14, 15, 16, 17, 18, 19, 20]",[],POTENTIAL_WORKLOAD,"Numeric stimulus/answer input with explicit dependencies; possible arithmetic/reading burden, without student evidence or an assumed direction.",39,39,39,30,NO_APPROVED_CONTROL,False
pg-14-5-2,t,1,f8b9f76c26d66a90,1,943a6373945a89f7,EXHAUSTIVE,True,"[-9, -8, -7, -6, -5, -4, -3, -2, -1, 1, 2, 3, 4, 6, 7, 8, 9, 10, 11, 12, 13, 14, 15, 16, 17, 18, 19, 20]",[],POTENTIAL_WORKLOAD,"Numeric stimulus/answer input with explicit dependencies; possible arithmetic/reading burden, without student evidence or an assumed direction.",28,28,28,23,NO_APPROVED_CONTROL,False
pg-14-5-3,t,1,b7dc673575329455,1,9bd0f59b3bbf18e6,EXHAUSTIVE,True,"[-20, -19, -18, -17, -16, -15, -14, -13, -12, -11, -10, -9, -8, -7, -6, -5, -4, -3, -2, -1, 0, 1, 2, 3, 4, 5, 6, 7, 8, 9, 10, 11, 12, 13, 14, 15, 16, 17, 18, 19, 20]",[],POTENTIAL_WORKLOAD,"Numeric stimulus/answer input with explicit dependencies; possible arithmetic/reading burden, without student evidence or an assumed direction.",120,120,120,107,NO_APPROVED_CONTROL,False
pg-14-5-3,winner,1,b7dc673575329455,1,9bd0f59b3bbf18e6,EXHAUSTIVE,True,"[1, 2, 3]",[],CONTENT_PROFILE,Selects a statement/data/role profile. Review the changed claims and reasoning; it is not a proven numeric difficulty control.,120,120,120,40,NO_APPROVED_CONTROL,False
pg-14-5-4,t,1,f97da0f90ac98754,1,bf2f1948c5199297,EXHAUSTIVE,True,"[-20, 30, 31, 32, 33, 34, 35, 36, 37, 38, 39, 40, 41, 42, 43, 44, 45, 46, 47, 48, 49, 50, 51, 52, 53, 54, 55, 56, 57, 58, 59, 60]",[],POTENTIAL_WORKLOAD,"Numeric stimulus/answer input with explicit dependencies; possible arithmetic/reading burden, without student evidence or an assumed direction.",32,32,32,31,NO_APPROVED_CONTROL,False
pg-14-5-5,t,1,5daa9af9080b909a,1,7e8ecc10ede6b600,EXHAUSTIVE,True,"[-20, -19, -18, -17, -16, -15, -14, -13, -12, -11, -10, -9, -8, -7, -6, -5, -4, -3, -2, -1, 0, 1, 2, 3, 4, 5, 6, 7, 8, 9, 10, 11, 12, 13, 14, 15, 16, 17, 18, 19, 20]",[],NUMERIC_CONTEXT,"Only stimulus/explanation depend on this input, not answer text or correctness; representation signals are separate from a change in the mathematical task.",41,41,41,20,NO_APPROVED_CONTROL,False
pg-14-5-5,role,1,5daa9af9080b909a,1,7e8ecc10ede6b600,EXHAUSTIVE,True,[1],[],NO_EFFECT,"Only one effective value, or no dependency on rendered question/answer.",41,41,41,0,NO_APPROVED_CONTROL,False
pg-15-1-1,k,1,a4821bf553e529cb,1,0d674d8bceb39475,EXHAUSTIVE,True,"[2, 3, 4, 5, 6, 7, 8, 9, 10, 11, 12, 13, 14, 15, 16, 17, 18, 19, 20, 21, 22, 23, 24, 25, 26, 27, 28, 29, 30, 31, 32, 33, 34, 35, 36, 37, 38, 39, 40, 41]",[],POTENTIAL_WORKLOAD,"Numeric stimulus/answer input with explicit dependencies; possible arithmetic/reading burden, without student evidence or an assumed direction.",40,40,40,35,NO_APPROVED_CONTROL,False
pg-15-1-2,k,1,1fb5cd5337ad7cdd,1,fb0c04ee9ccdd429,EXHAUSTIVE,True,"[2, 3, 4, 5, 6, 7, 8, 9, 10, 11, 12, 13, 14, 15, 16, 17, 18, 19, 20, 21, 22, 23, 24, 25, 26, 27, 28, 29, 30, 31, 32, 33, 34, 35, 36, 37, 38, 39, 40, 41]",[],POTENTIAL_WORKLOAD,"Numeric stimulus/answer input with explicit dependencies; possible arithmetic/reading burden, without student evidence or an assumed direction.",40,40,40,38,NO_APPROVED_CONTROL,False
pg-15-1-4,k,1,fc84f36680aac9da,1,99eb8380310cc86d,EXHAUSTIVE,True,"[2, 3, 4, 5, 6, 7, 8, 9, 10, 11, 12, 13, 14, 15, 16, 17, 18, 19, 20, 21, 22, 23, 24, 25, 26, 27, 28, 29, 30, 31, 32, 33, 34, 35, 36, 37, 38, 39, 40, 41]",[],POTENTIAL_WORKLOAD,"Numeric stimulus/answer input with explicit dependencies; possible arithmetic/reading burden, without student evidence or an assumed direction.",40,40,40,38,NO_APPROVED_CONTROL,False
pg-15-1-5,k,1,57eb41889fb5b7dc,1,41b6ec6126f80337,EXHAUSTIVE,True,"[2, 3, 4, 5, 6, 7, 8, 9, 10, 11, 12, 13, 14, 15, 16, 17, 18, 19, 20, 21, 22, 23, 24, 25, 26, 27, 28, 29, 30, 31, 32, 33, 34, 35, 36, 37, 38, 39, 40, 41]",[],POTENTIAL_WORKLOAD,"Numeric stimulus/answer input with explicit dependencies; possible arithmetic/reading burden, without student evidence or an assumed direction.",40,40,40,39,NO_APPROVED_CONTROL,False
pg-15-2-1,k,1,8bf74877bafd85ff,1,ad11467defa23e98,EXHAUSTIVE,True,"[2, 3, 4, 5, 6, 7, 8, 9, 10, 11, 12, 13, 14, 15, 16, 17, 18, 19, 20, 21, 22, 23, 24, 25, 26, 27, 28, 29, 30, 31, 32, 33, 34, 35, 36, 37, 38, 39, 40, 41]",[],POTENTIAL_WORKLOAD,"Numeric stimulus/answer input with explicit dependencies; possible arithmetic/reading burden, without student evidence or an assumed direction.",40,40,40,38,NO_APPROVED_CONTROL,False
pg-15-2-2,k,1,b0b7ba57ee45db5b,1,2bd809b629713ba9,EXHAUSTIVE,True,"[2, 3, 4, 5, 6, 7, 8, 9, 10, 11, 12, 13, 14, 15, 16, 17, 18, 19, 20, 21, 22, 23, 24, 25, 26, 27, 28, 29, 30, 31, 32, 33, 34, 35, 36, 37, 38, 39, 40, 41]",[],POTENTIAL_WORKLOAD,"Numeric stimulus/answer input with explicit dependencies; possible arithmetic/reading burden, without student evidence or an assumed direction.",40,40,40,39,NO_APPROVED_CONTROL,False
pg-15-2-3,k,1,8429cb0181171fd6,1,fe5a3889728e5fe0,EXHAUSTIVE,True,"[1, 2, 3, 4, 5, 6, 7, 8, 9, 10, 11, 12, 13, 14, 15, 16, 17, 18, 19, 20, 21, 22, 23, 24, 25, 26, 27, 28, 29, 30, 31, 32, 33, 34, 35, 36, 37, 38, 39, 40, 41]",[],POTENTIAL_WORKLOAD,"Numeric stimulus/answer input with explicit dependencies; possible arithmetic/reading burden, without student evidence or an assumed direction.",4305,4305,4305,4200,NO_APPROVED_CONTROL,False
pg-15-2-3,angle,1,8429cb0181171fd6,1,fe5a3889728e5fe0,EXHAUSTIVE,True,"[15, 16, 17, 18, 19, 20, 21, 22, 23, 24, 25, 26, 27, 28, 29, 30, 31, 32, 33, 34, 35, 36, 37, 38, 39, 41, 42, 43, 44, 45, 46, 47, 48, 49, 50, 51, 52, 53, 54, 55, 56, 57, 58, 59, 60, 61, 62, 63, 64, 65, 66, 67, 68, 69, 70, 71, 72, 73, 74, 75, 76, 77, 78, 79, 80, 81, 82, 83, 84, 85, 86, 87, 88, 89, 90, 91, 92, 93, 94, 95, 96, 97, 98, 99, 100, 101, 102, 103, 104, 105, 106, 107, 108, 109, 110, 111, 112, 113, 114, 115, 116, 117, 118, 119, 120]",[],POTENTIAL_WORKLOAD,"Numeric stimulus/answer input with explicit dependencies; possible arithmetic/reading burden, without student evidence or an assumed direction.",4305,4305,4305,861,NO_APPROVED_CONTROL,False
pg-15-2-4,k,1,cfc0a06a156dd6e6,1,bde8fa3fd2312ebc,EXHAUSTIVE,True,"[2, 3, 4, 5, 6, 7, 8, 9, 10, 11, 12, 13, 14, 15, 16, 17, 18, 19, 20, 21, 22, 23, 24, 25, 26, 27, 28, 29, 30, 31, 32, 33, 34, 35, 36, 37, 38, 39, 40, 41]",[],POTENTIAL_WORKLOAD,"Numeric stimulus/answer input with explicit dependencies; possible arithmetic/reading burden, without student evidence or an assumed direction.",40,40,40,39,NO_APPROVED_CONTROL,False
pg-15-2-5,k,1,725f0dbd569fecc1,1,9b441eb3ecea4e5c,EXHAUSTIVE,True,"[2, 3, 4, 5, 6, 7, 8, 9, 10, 11, 12, 13, 14, 15, 16, 17, 18, 19, 20, 21, 22, 23, 24, 25, 26, 27, 28, 29, 30, 31, 32, 33, 34, 35, 36, 37, 38, 39, 40, 41]",[],POTENTIAL_WORKLOAD,"Numeric stimulus/answer input with explicit dependencies; possible arithmetic/reading burden, without student evidence or an assumed direction.",40,40,40,39,NO_APPROVED_CONTROL,False
pg-15-3-1,k,1,4df6fd1d088cd0b3,1,a41603133748763a,EXHAUSTIVE,True,"[2, 3, 4, 5, 6, 7, 8, 9, 10, 11, 12, 13, 14, 15, 16, 17, 18, 19, 20, 21, 22, 23, 24, 25, 26, 27, 28, 29, 30, 31, 32, 33, 34, 35, 36, 37, 38, 39, 40, 41]",[],POTENTIAL_WORKLOAD,"Numeric stimulus/answer input with explicit dependencies; possible arithmetic/reading burden, without student evidence or an assumed direction.",40,40,40,39,NO_APPROVED_CONTROL,False
pg-15-3-2,k,1,5cc926a1986f8b6e,1,0e9b30c50e2f661e,EXHAUSTIVE,True,"[2, 3, 4, 5, 6, 7, 8, 9, 10, 11, 12, 13, 14, 15, 16, 17, 18, 19, 20, 21, 22, 23, 24, 25, 26, 27, 28, 29, 30, 31, 32, 33, 34, 35, 36, 37, 38, 39, 40, 41]",[],POTENTIAL_WORKLOAD,"Numeric stimulus/answer input with explicit dependencies; possible arithmetic/reading burden, without student evidence or an assumed direction.",40,40,40,39,NO_APPROVED_CONTROL,False
pg-15-3-4,k,1,6c8b404966c4756b,1,d50dee89b15fd658,EXHAUSTIVE,True,"[2, 3, 4, 5, 6, 7, 8, 9, 10, 11, 12, 13, 14, 15, 16, 17, 18, 19, 20, 21, 22, 23, 24, 25, 26, 27, 28, 29, 30, 31, 32, 33, 34, 35, 36, 37, 38, 39, 40, 41]",[],POTENTIAL_WORKLOAD,"Numeric stimulus/answer input with explicit dependencies; possible arithmetic/reading burden, without student evidence or an assumed direction.",40,40,40,38,NO_APPROVED_CONTROL,False
pg-15-3-5,k,1,8d74585be39a9347,1,52735ef213000d43,EXHAUSTIVE,True,"[2, 3, 4, 5, 6, 7, 8, 9, 10, 11, 12, 13, 14, 15, 16, 17, 18, 19, 20, 21, 22, 23, 24, 25, 26, 27, 28, 29, 30, 31, 32, 33, 34, 35, 36, 37, 38, 39, 40, 41]",[],POTENTIAL_WORKLOAD,"Numeric stimulus/answer input with explicit dependencies; possible arithmetic/reading burden, without student evidence or an assumed direction.",40,40,40,39,NO_APPROVED_CONTROL,False
pg-15-4-1,k,1,861cf980ecbc02d1,1,9fa93d28fd75e997,EXHAUSTIVE,True,"[2, 3, 4, 5, 6, 7, 8, 9, 10, 11, 12, 13, 14, 15, 16, 17, 18, 19, 20, 21, 22, 23, 24, 25, 26, 27, 28, 29, 30, 31, 32, 33, 34, 35, 36, 37, 38, 39, 40, 41]",[],POTENTIAL_WORKLOAD,"Numeric stimulus/answer input with explicit dependencies; possible arithmetic/reading burden, without student evidence or an assumed direction.",40,40,40,39,NO_APPROVED_CONTROL,False
pg-15-4-2,short,2,a29c741da65a2863,1,a6a3c156e7b25936,EXHAUSTIVE,True,"[4, 5, 6, 7, 8, 9]",[],NUMERIC_CONTEXT,"Only stimulus/explanation depend on this input, not answer text or correctness; representation signals are separate from a change in the mathematical task.",418,418,418,0,NO_APPROVED_CONTROL,False
pg-15-4-2,long,2,a29c741da65a2863,1,a6a3c156e7b25936,EXHAUSTIVE,True,"[7, 8, 9, 10, 11, 12]",[],NUMERIC_CONTEXT,"Only stimulus/explanation depend on this input, not answer text or correctness; representation signals are separate from a change in the mathematical task.",418,418,418,210,NO_APPROVED_CONTROL,False
pg-15-4-2,angle,2,a29c741da65a2863,1,a6a3c156e7b25936,EXHAUSTIVE,True,"[30, 35, 40, 45, 50, 55, 60]",[],NUMERIC_CONTEXT,"Only stimulus/explanation depend on this input, not answer text or correctness; representation signals are separate from a change in the mathematical task.",418,418,418,0,NO_APPROVED_CONTROL,False
pg-15-4-2,labels,2,a29c741da65a2863,1,a6a3c156e7b25936,EXHAUSTIVE,True,"[1, 2]",[],DISPLAY_CONTEXT,Reviewed set/point renaming; mathematical task remains identical with other inputs fixed.,418,418,418,0,NO_APPROVED_CONTROL,False
pg-15-4-3,k,1,f59ee38946285646,1,ccfec047b1d07f23,EXHAUSTIVE,True,"[2, 3, 4, 5, 6, 7, 8, 9, 10, 11, 12, 13, 14, 15, 16, 17, 18, 19, 20, 21, 22, 23, 24, 25, 26, 27, 28, 29, 30, 31, 32, 33, 34, 35, 36, 37, 38, 39, 40, 41]",[],POTENTIAL_WORKLOAD,"Numeric stimulus/answer input with explicit dependencies; possible arithmetic/reading burden, without student evidence or an assumed direction.",40,40,40,39,NO_APPROVED_CONTROL,False
pg-15-4-4,k,1,3c0e398a9f557961,1,ad90dc5047709638,EXHAUSTIVE,True,"[2, 3, 4, 5, 6, 7, 8, 9, 10, 11, 12, 13, 14, 15, 16, 17, 18, 19, 20, 21, 22, 23, 24, 25, 26, 27, 28, 29, 30, 31, 32, 33, 34, 35, 36, 37, 38, 39, 40, 41]",[],POTENTIAL_WORKLOAD,"Numeric stimulus/answer input with explicit dependencies; possible arithmetic/reading burden, without student evidence or an assumed direction.",40,40,40,39,NO_APPROVED_CONTROL,False
pg-15-4-5,k,1,829de113fd03b0d3,1,ade1c91460a6ef56,EXHAUSTIVE,True,"[2, 3, 4, 5, 6, 7, 8, 9, 10, 11, 12, 13, 14, 15, 16, 17, 18, 19, 20, 21, 22, 23, 24, 25, 26, 27, 28, 29, 30, 31, 32, 33, 34, 35, 36, 37, 38, 39, 40, 41]",[],POTENTIAL_WORKLOAD,"Numeric stimulus/answer input with explicit dependencies; possible arithmetic/reading burden, without student evidence or an assumed direction.",40,40,40,39,NO_APPROVED_CONTROL,False
pg-15-5-1,k,1,c39ac8c5be8022b3,1,f04a5f7073449b88,EXHAUSTIVE,True,"[2, 3, 4, 5, 6, 7, 8, 9, 10, 11, 12, 13, 14, 15, 16, 17, 18, 19, 20, 21, 22, 23, 24, 25, 26, 27, 28, 29, 30, 31, 32, 33, 34, 35, 36, 37, 38, 39, 40, 41]",[],POTENTIAL_WORKLOAD,"Numeric stimulus/answer input with explicit dependencies; possible arithmetic/reading burden, without student evidence or an assumed direction.",40,40,40,39,NO_APPROVED_CONTROL,False
pg-15-5-2,k,1,d91aa5d7677b291d,1,fdc67e1c031223cd,EXHAUSTIVE,True,"[1, 2, 3, 4, 5, 6, 7, 8, 9, 10, 11, 12, 13, 14, 15, 16, 17, 18, 19, 20, 21, 22, 23, 24, 25, 26, 27, 28, 29, 30, 31, 32, 33, 34, 35, 36, 37, 38, 39, 40, 41]",[],NUMERIC_CONTEXT,"Only stimulus/explanation depend on this input, not answer text or correctness; representation signals are separate from a change in the mathematical task.",123,123,123,120,NO_APPROVED_CONTROL,False
pg-15-5-2,rotation,1,d91aa5d7677b291d,1,fdc67e1c031223cd,EXHAUSTIVE,True,"[1, 2, 3]",[],CONTENT_PROFILE,Selects a statement/data/role profile. Review the changed claims and reasoning; it is not a proven numeric difficulty control.,123,123,123,0,NO_APPROVED_CONTROL,False
pg-15-5-4,k,1,3890c2028dbd44b7,1,ce2a288efdcddb45,EXHAUSTIVE,True,"[2, 3, 4, 5, 6, 7, 8, 9, 10, 11, 12, 13, 14, 15, 16, 17, 18, 19, 20, 21, 22, 23, 24, 25, 26, 27, 28, 29, 30, 31, 32, 33, 34, 35, 36, 37, 38, 39, 40, 41]",[],POTENTIAL_WORKLOAD,"Numeric stimulus/answer input with explicit dependencies; possible arithmetic/reading burden, without student evidence or an assumed direction.",40,40,40,39,NO_APPROVED_CONTROL,False
pg-15-5-5,k,1,a36c9b343fdb7e4e,1,8df2dba10c84422c,EXHAUSTIVE,True,"[2, 3, 4, 5, 6, 7, 8, 9, 10, 11, 12, 13, 14, 15, 16, 17, 18, 19, 20, 21, 22, 23, 24, 25, 26, 27, 28, 29, 30, 31, 32, 33, 34, 35, 36, 37, 38, 39, 40, 41]",[],POTENTIAL_WORKLOAD,"Numeric stimulus/answer input with explicit dependencies; possible arithmetic/reading burden, without student evidence or an assumed direction.",40,40,40,39,NO_APPROVED_CONTROL,False
pg-16-1-3,s,1,f4902ada44e308d4,2,5005503eec8c9313,EXHAUSTIVE,True,"[2, 3, 4, 6, 7, 8, 9, 10, 11, 12, 13, 14, 15, 16, 17, 18, 19, 20]",[],POTENTIAL_WORKLOAD,"Numeric stimulus/answer input with explicit dependencies; possible arithmetic/reading burden, without student evidence or an assumed direction.",18,18,18,16,NO_APPROVED_CONTROL,False
pg-16-1-4,a,1,ea4356999ae4d6ba,2,da05b798c407a53f,EXHAUSTIVE,True,"[16, 25, 36, 49, 64, 81, 100, 121, 144]",[],POTENTIAL_WORKLOAD,"Numeric stimulus/answer input with explicit dependencies; possible arithmetic/reading burden, without student evidence or an assumed direction.",91,91,91,49,NO_APPROVED_CONTROL,False
pg-16-1-4,L,1,ea4356999ae4d6ba,2,da05b798c407a53f,EXHAUSTIVE,True,"[12, 16, 20, 24, 28, 32, 36, 40, 44, 48, 52, 56, 60]",[],POTENTIAL_WORKLOAD,"Numeric stimulus/answer input with explicit dependencies; possible arithmetic/reading burden, without student evidence or an assumed direction.",91,91,91,51,NO_APPROVED_CONTROL,False
pg-16-1-5,T,1,22c987f935d13d7f,1,21f9a96227e3a965,EXHAUSTIVE,True,"[8, 12, 16, 20, 24, 28, 32, 36, 40, 44, 48, 52, 56, 60]",[],POTENTIAL_WORKLOAD,"Numeric stimulus/answer input with explicit dependencies; possible arithmetic/reading burden, without student evidence or an assumed direction.",179,179,179,152,NO_APPROVED_CONTROL,False
pg-16-1-5,R,1,22c987f935d13d7f,1,21f9a96227e3a965,EXHAUSTIVE,True,"[60, 80, 100, 120, 140, 160, 180, 200, 220, 240, 260, 280, 300]",[],POTENTIAL_WORKLOAD,"Numeric stimulus/answer input with explicit dependencies; possible arithmetic/reading burden, without student evidence or an assumed direction.",179,179,179,161,NO_APPROVED_CONTROL,False
pg-16-2-1,r,1,005899340ada1dd6,1,a05b0b72b7ed6814,EXHAUSTIVE,True,"[7, 14, 21, 28]",[],POTENTIAL_WORKLOAD,"Numeric stimulus/answer input with explicit dependencies; possible arithmetic/reading burden, without student evidence or an assumed direction.",117,117,117,84,NO_APPROVED_CONTROL,False
pg-16-2-1,t,1,005899340ada1dd6,1,a05b0b72b7ed6814,EXHAUSTIVE,True,"[5, 6, 7, 8, 9, 10, 11, 12, 13, 14, 15, 16, 17, 18, 19, 20, 21, 22, 23, 24, 25, 26, 27, 28, 29, 30, 31, 32, 33, 34, 35]",[],POTENTIAL_WORKLOAD,"Numeric stimulus/answer input with explicit dependencies; possible arithmetic/reading burden, without student evidence or an assumed direction.",117,117,117,108,NO_APPROVED_CONTROL,False
pg-16-2-2,s,1,892ec8372dd947ce,1,6ba320889562eaf3,EXHAUSTIVE,True,"[6, 8, 10, 12, 14, 16, 18, 20]",[],POTENTIAL_WORKLOAD,"Numeric stimulus/answer input with explicit dependencies; possible arithmetic/reading burden, without student evidence or an assumed direction.",145,145,145,107,NO_APPROVED_CONTROL,False
pg-16-2-2,t,1,892ec8372dd947ce,1,6ba320889562eaf3,EXHAUSTIVE,True,"[5, 6, 7, 8, 9, 10, 11, 12, 13, 14, 15, 16, 17, 18, 19, 20, 21, 22, 23, 24, 25]",[],POTENTIAL_WORKLOAD,"Numeric stimulus/answer input with explicit dependencies; possible arithmetic/reading burden, without student evidence or an assumed direction.",145,145,145,126,NO_APPROVED_CONTROL,False
pg-16-2-3,T,1,22c987f935d13d7f,1,0e81376f5f00231d,EXHAUSTIVE,True,"[12, 18, 24, 30, 36, 42, 48, 54, 60, 66, 72]",[],POTENTIAL_WORKLOAD,"Numeric stimulus/answer input with explicit dependencies; possible arithmetic/reading burden, without student evidence or an assumed direction.",94,94,94,18,NO_APPROVED_CONTROL,False
pg-16-2-3,R,1,22c987f935d13d7f,1,0e81376f5f00231d,EXHAUSTIVE,True,"[60, 90, 120, 150, 180, 210, 240, 270, 300]",[],POTENTIAL_WORKLOAD,"Numeric stimulus/answer input with explicit dependencies; possible arithmetic/reading burden, without student evidence or an assumed direction.",94,94,94,81,NO_APPROVED_CONTROL,False
pg-16-2-4,r,1,1d783368b4e41828,1,7a168446857304fd,EXHAUSTIVE,True,"[7, 14, 21, 28]",[],POTENTIAL_WORKLOAD,"Numeric stimulus/answer input with explicit dependencies; possible arithmetic/reading burden, without student evidence or an assumed direction.",103,103,103,65,NO_APPROVED_CONTROL,False
pg-16-2-4,s,1,1d783368b4e41828,1,7a168446857304fd,EXHAUSTIVE,True,"[10, 11, 12, 13, 14, 15, 16, 17, 18, 19, 20, 21, 22, 23, 24, 25, 26, 27, 28, 29, 30, 31, 32, 33, 34, 35, 36, 37, 38, 39, 40, 41, 42, 43, 44, 45]",[],POTENTIAL_WORKLOAD,"Numeric stimulus/answer input with explicit dependencies; possible arithmetic/reading burden, without student evidence or an assumed direction.",103,103,103,31,NO_APPROVED_CONTROL,False
pg-16-2-5,s,1,369ef399cc81cc49,1,f855f6233d07e283,EXHAUSTIVE,True,"[3, 4, 5, 7, 8, 9, 10, 11, 12, 13, 14, 15, 16, 17, 18, 19, 20, 21, 22, 23, 24, 25, 26, 27, 28, 29, 30, 31, 32, 33, 34, 35, 36, 37, 38, 39, 40, 41, 42, 43, 44, 45, 46, 47, 48, 49, 50, 51, 52, 53, 54, 55, 56, 57, 58, 59, 60]",[],POTENTIAL_WORKLOAD,"Numeric stimulus/answer input with explicit dependencies; possible arithmetic/reading burden, without student evidence or an assumed direction.",57,57,57,56,NO_APPROVED_CONTROL,False
pg-16-3-1,r1,1,e8c1c72c228fb377,1,792c2091439fb40f,EXHAUSTIVE,True,"[2, 3, 4, 5, 6, 7, 8, 9, 10, 11, 12, 13, 14, 15]",[],NUMERIC_CONTEXT,"Only stimulus/explanation depend on this input, not answer text or correctness; representation signals are separate from a change in the mathematical task.",70,70,70,37,NO_APPROVED_CONTROL,False
pg-16-3-1,k,1,e8c1c72c228fb377,1,792c2091439fb40f,EXHAUSTIVE,True,"[4, 5, 6, 7, 8]",[],POTENTIAL_WORKLOAD,"Numeric stimulus/answer input with explicit dependencies; possible arithmetic/reading burden, without student evidence or an assumed direction.",70,70,70,56,NO_APPROVED_CONTROL,False
pg-16-3-3,s1,1,0e2ca3dedd094b64,1,559058053cd21c44,EXHAUSTIVE,True,"[2, 3, 4, 5, 6, 7, 8, 9, 10, 11, 12, 13, 14, 15]",[],NUMERIC_CONTEXT,"Only stimulus/explanation depend on this input, not answer text or correctness; representation signals are separate from a change in the mathematical task.",70,70,70,43,NO_APPROVED_CONTROL,False
pg-16-3-3,k,1,0e2ca3dedd094b64,1,559058053cd21c44,EXHAUSTIVE,True,"[3, 4, 5, 6, 7]",[],POTENTIAL_WORKLOAD,"Numeric stimulus/answer input with explicit dependencies; possible arithmetic/reading burden, without student evidence or an assumed direction.",70,70,70,56,NO_APPROVED_CONTROL,False
pg-16-3-4,r,1,7c4c66aa6c057e90,1,9c3b796161bad5a2,EXHAUSTIVE,True,"[7, 14, 21, 28]",[],POTENTIAL_WORKLOAD,"Numeric stimulus/answer input with explicit dependencies; possible arithmetic/reading burden, without student evidence or an assumed direction.",117,117,117,86,NO_APPROVED_CONTROL,False
pg-16-3-4,t,1,7c4c66aa6c057e90,1,9c3b796161bad5a2,EXHAUSTIVE,True,"[5, 6, 7, 8, 9, 10, 11, 12, 13, 14, 15, 16, 17, 18, 19, 20, 21, 22, 23, 24, 25, 26, 27, 28, 29, 30, 31, 32, 33, 34, 35]",[],POTENTIAL_WORKLOAD,"Numeric stimulus/answer input with explicit dependencies; possible arithmetic/reading burden, without student evidence or an assumed direction.",117,117,117,105,NO_APPROVED_CONTROL,False
pg-16-3-5,m,2,f15581f6fb5a0fb0,2,7de9cd1fae46b0fc,EXHAUSTIVE,True,"[1, 2, 3, 4, 5, 6, 7, 8]",[],POTENTIAL_WORKLOAD,"Numeric stimulus/answer input with explicit dependencies; possible arithmetic/reading burden, without student evidence or an assumed direction.",197,197,197,160,NO_APPROVED_CONTROL,False
pg-16-3-5,t,2,f15581f6fb5a0fb0,2,7de9cd1fae46b0fc,EXHAUSTIVE,True,"[5, 6, 7, 8, 9, 10, 11, 12, 13, 14, 15, 16, 17, 18, 19, 20, 21, 22, 23, 24, 25, 26, 27, 28, 29, 30]",[],POTENTIAL_WORKLOAD,"Numeric stimulus/answer input with explicit dependencies; possible arithmetic/reading burden, without student evidence or an assumed direction.",197,197,197,178,NO_APPROVED_CONTROL,False
pg-17-1-1,a,1,f61fa7a260d619dd,1,d85cc0242e2e9c15,EXHAUSTIVE,True,"[-8, -7, -6, -5, -4, -3, -2, -1, 0, 1, 2, 3, 4, 5, 6, 7, 8]",[],POTENTIAL_WORKLOAD,"Numeric stimulus/answer input with explicit dependencies; possible arithmetic/reading burden, without student evidence or an assumed direction.",73844,73844,73844,59714,NO_APPROVED_CONTROL,False
pg-17-1-1,b,1,f61fa7a260d619dd,1,d85cc0242e2e9c15,EXHAUSTIVE,True,"[-8, -7, -6, -5, -4, -3, -2, -1, 0, 1, 2, 3, 4, 5, 6, 7, 8]",[],POTENTIAL_WORKLOAD,"Numeric stimulus/answer input with explicit dependencies; possible arithmetic/reading burden, without student evidence or an assumed direction.",73844,73844,73844,59710,NO_APPROVED_CONTROL,False
pg-17-1-1,c,1,f61fa7a260d619dd,1,d85cc0242e2e9c15,EXHAUSTIVE,True,"[-8, -7, -6, -5, -4, -3, -2, -1, 1, 2, 3, 4, 5, 6, 7, 8]",[],POTENTIAL_WORKLOAD,"Numeric stimulus/answer input with explicit dependencies; possible arithmetic/reading burden, without student evidence or an assumed direction.",73844,73844,73844,58082,NO_APPROVED_CONTROL,False
pg-17-1-1,d,1,f61fa7a260d619dd,1,d85cc0242e2e9c15,EXHAUSTIVE,True,"[-8, -7, -6, -5, -4, -3, -2, -1, 1, 2, 3, 4, 5, 6, 7, 8]",[],POTENTIAL_WORKLOAD,"Numeric stimulus/answer input with explicit dependencies; possible arithmetic/reading burden, without student evidence or an assumed direction.",73844,73844,73844,58078,NO_APPROVED_CONTROL,False
pg-17-1-2,x,1,b49c8ea4d1ea5a54,1,a84f8334c8fc1d4e,EXHAUSTIVE,True,"[-9, -8, -7, -6, -5, -4, -3, -2, -1, 1, 2, 3, 4, 5, 6, 7, 8, 9]",[],POTENTIAL_WORKLOAD,"Numeric stimulus/answer input with explicit dependencies; possible arithmetic/reading burden, without student evidence or an assumed direction.",287,287,287,144,NO_APPROVED_CONTROL,False
pg-17-1-2,y,1,b49c8ea4d1ea5a54,1,a84f8334c8fc1d4e,EXHAUSTIVE,True,"[-9, -8, -7, -6, -5, -4, -3, -2, -1, 1, 2, 3, 4, 5, 6, 7, 8, 9]",[],POTENTIAL_WORKLOAD,"Numeric stimulus/answer input with explicit dependencies; possible arithmetic/reading burden, without student evidence or an assumed direction.",287,287,287,143,NO_APPROVED_CONTROL,False
pg-17-1-3,x,1,9975e7c39798473f,1,2427c610e69b9f5a,EXHAUSTIVE,True,"[-9, -8, -7, -6, -5, -4, -3, -2, -1, 1, 2, 3, 4, 5, 6, 7, 8, 9]",[],POTENTIAL_WORKLOAD,"Numeric stimulus/answer input with explicit dependencies; possible arithmetic/reading burden, without student evidence or an assumed direction.",287,287,287,143,NO_APPROVED_CONTROL,False
pg-17-1-3,y,1,9975e7c39798473f,1,2427c610e69b9f5a,EXHAUSTIVE,True,"[-9, -8, -7, -6, -5, -4, -3, -2, -1, 1, 2, 3, 4, 5, 6, 7, 8, 9]",[],POTENTIAL_WORKLOAD,"Numeric stimulus/answer input with explicit dependencies; possible arithmetic/reading burden, without student evidence or an assumed direction.",287,287,287,143,NO_APPROVED_CONTROL,False
pg-17-1-4,x,1,678951faa3408cdb,1,56a562c8075ed21b,EXHAUSTIVE,True,"[-9, -8, -7, -6, -5, -4, -3, -2, -1, 1, 2, 3, 4, 5, 6, 7, 8, 9]",[],POTENTIAL_WORKLOAD,"Numeric stimulus/answer input with explicit dependencies; possible arithmetic/reading burden, without student evidence or an assumed direction.",1293,1293,1293,933,NO_APPROVED_CONTROL,False
pg-17-1-4,y,1,678951faa3408cdb,1,56a562c8075ed21b,EXHAUSTIVE,True,"[-9, -8, -7, -6, -5, -4, -3, -2, -1, 1, 2, 3, 4, 5, 6, 7, 8, 9]",[],POTENTIAL_WORKLOAD,"Numeric stimulus/answer input with explicit dependencies; possible arithmetic/reading burden, without student evidence or an assumed direction.",1293,1293,1293,935,NO_APPROVED_CONTROL,False
pg-17-1-4,k,1,678951faa3408cdb,1,56a562c8075ed21b,EXHAUSTIVE,True,"[2, 3, 4, 5]",[],POTENTIAL_WORKLOAD,"Numeric stimulus/answer input with explicit dependencies; possible arithmetic/reading burden, without student evidence or an assumed direction.",1293,1293,1293,567,NO_APPROVED_CONTROL,False
pg-17-1-5,x,1,4ebc8e1cf6a37deb,1,5c5780183e5af8ca,EXHAUSTIVE,True,"[-9, -8, -7, -6, -5, -4, -3, -2, -1, 1, 2, 3, 4, 5, 6, 7, 8, 9]",[],POTENTIAL_WORKLOAD,"Numeric stimulus/answer input with explicit dependencies; possible arithmetic/reading burden, without student evidence or an assumed direction.",287,287,287,143,NO_APPROVED_CONTROL,False
pg-17-1-5,y,1,4ebc8e1cf6a37deb,1,5c5780183e5af8ca,EXHAUSTIVE,True,"[-9, -8, -7, -6, -5, -4, -3, -2, -1, 1, 2, 3, 4, 5, 6, 7, 8, 9]",[],POTENTIAL_WORKLOAD,"Numeric stimulus/answer input with explicit dependencies; possible arithmetic/reading burden, without student evidence or an assumed direction.",287,287,287,143,NO_APPROVED_CONTROL,False
pg-17-2-1,x,1,17d9ff7a6a7511ab,1,793cff69fccc4352,EXHAUSTIVE,True,"[-8, -7, -6, -5, -4, -3, -2, -1, 0, 1, 2, 3, 4, 5, 6, 7, 8]",[],POTENTIAL_WORKLOAD,"Numeric stimulus/answer input with explicit dependencies; possible arithmetic/reading burden, without student evidence or an assumed direction.",73021,73021,73021,60350,NO_APPROVED_CONTROL,False
pg-17-2-1,y,1,17d9ff7a6a7511ab,1,793cff69fccc4352,EXHAUSTIVE,True,"[-8, -7, -6, -5, -4, -3, -2, -1, 0, 1, 2, 3, 4, 5, 6, 7, 8]",[],POTENTIAL_WORKLOAD,"Numeric stimulus/answer input with explicit dependencies; possible arithmetic/reading burden, without student evidence or an assumed direction.",73021,73021,73021,60350,NO_APPROVED_CONTROL,False
pg-17-2-1,c,1,17d9ff7a6a7511ab,1,793cff69fccc4352,EXHAUSTIVE,True,"[-8, -7, -6, -5, -4, -3, -2, -1, 1, 2, 3, 4, 5, 6, 7, 8]",[],POTENTIAL_WORKLOAD,"Numeric stimulus/answer input with explicit dependencies; possible arithmetic/reading burden, without student evidence or an assumed direction.",73021,73021,73021,58846,NO_APPROVED_CONTROL,False
pg-17-2-1,d,1,17d9ff7a6a7511ab,1,793cff69fccc4352,EXHAUSTIVE,True,"[-8, -7, -6, -5, -4, -3, -2, -1, 1, 2, 3, 4, 5, 6, 7, 8]",[],POTENTIAL_WORKLOAD,"Numeric stimulus/answer input with explicit dependencies; possible arithmetic/reading burden, without student evidence or an assumed direction.",73021,73021,73021,58846,NO_APPROVED_CONTROL,False
pg-17-2-2,x,1,daaee8c815e45874,1,1efa934ca289dc8c,EXHAUSTIVE,True,"[-9, -8, -7, -6, -5, -4, -3, -2, -1, 1, 2, 3, 4, 5, 6, 7, 8, 9]",[],POTENTIAL_WORKLOAD,"Numeric stimulus/answer input with explicit dependencies; possible arithmetic/reading burden, without student evidence or an assumed direction.",287,287,287,144,NO_APPROVED_CONTROL,False
pg-17-2-2,y,1,daaee8c815e45874,1,1efa934ca289dc8c,EXHAUSTIVE,True,"[-9, -8, -7, -6, -5, -4, -3, -2, -1, 1, 2, 3, 4, 5, 6, 7, 8, 9]",[],POTENTIAL_WORKLOAD,"Numeric stimulus/answer input with explicit dependencies; possible arithmetic/reading burden, without student evidence or an assumed direction.",287,287,287,143,NO_APPROVED_CONTROL,False
pg-17-2-3,x,1,4b08bdc179f61f0e,1,3b8af0a3498a221e,EXHAUSTIVE,True,"[-9, -8, -7, -6, -5, -4, -3, -2, -1, 1, 2, 3, 4, 5, 6, 7, 8, 9]",[],POTENTIAL_WORKLOAD,"Numeric stimulus/answer input with explicit dependencies; possible arithmetic/reading burden, without student evidence or an assumed direction.",287,287,287,143,NO_APPROVED_CONTROL,False
pg-17-2-3,y,1,4b08bdc179f61f0e,1,3b8af0a3498a221e,EXHAUSTIVE,True,"[-9, -8, -7, -6, -5, -4, -3, -2, -1, 1, 2, 3, 4, 5, 6, 7, 8, 9]",[],POTENTIAL_WORKLOAD,"Numeric stimulus/answer input with explicit dependencies; possible arithmetic/reading burden, without student evidence or an assumed direction.",287,287,287,144,NO_APPROVED_CONTROL,False
pg-17-2-4,x,1,f400e1044474c606,1,30525cfb382d91ab,EXHAUSTIVE,True,"[-9, -8, -7, -6, -5, -4, -3, -2, -1, 1, 2, 3, 4, 5, 6, 7, 8, 9]",[],POTENTIAL_WORKLOAD,"Numeric stimulus/answer input with explicit dependencies; possible arithmetic/reading burden, without student evidence or an assumed direction.",970,970,970,646,NO_APPROVED_CONTROL,False
pg-17-2-4,y,1,f400e1044474c606,1,30525cfb382d91ab,EXHAUSTIVE,True,"[-9, -8, -7, -6, -5, -4, -3, -2, -1, 1, 2, 3, 4, 5, 6, 7, 8, 9]",[],POTENTIAL_WORKLOAD,"Numeric stimulus/answer input with explicit dependencies; possible arithmetic/reading burden, without student evidence or an assumed direction.",970,970,970,646,NO_APPROVED_CONTROL,False
pg-17-2-4,n,1,f400e1044474c606,1,30525cfb382d91ab,EXHAUSTIVE,True,"[2, 3, 4]",[],POTENTIAL_WORKLOAD,"Numeric stimulus/answer input with explicit dependencies; possible arithmetic/reading burden, without student evidence or an assumed direction.",970,970,970,195,NO_APPROVED_CONTROL,False
pg-17-2-5,x,1,4be3f0d8e629fe3e,1,07c3aaa6b67119ee,ANALYTIC_WITH_PROBE,True,"[-8, -7, -6, -5, -4, -3, -2, -1, 0, 1, 2, 3, 4, 5, 6, 7, 8]",[],POTENTIAL_WORKLOAD,"Numeric stimulus/answer input with explicit dependencies; possible arithmetic/reading burden, without student evidence or an assumed direction.",18905679,18905679,18905679,144,NO_APPROVED_CONTROL,False
pg-17-2-5,y,1,4be3f0d8e629fe3e,1,07c3aaa6b67119ee,ANALYTIC_WITH_PROBE,True,"[-8, -7, -6, -5, -4, -3, -2, -1, 0, 1, 2, 3, 4, 5, 6, 7, 8]",[],POTENTIAL_WORKLOAD,"Numeric stimulus/answer input with explicit dependencies; possible arithmetic/reading burden, without student evidence or an assumed direction.",18905679,18905679,18905679,153,NO_APPROVED_CONTROL,False
pg-17-2-5,c1,1,4be3f0d8e629fe3e,1,07c3aaa6b67119ee,ANALYTIC_WITH_PROBE,True,"[-8, -7, -6, -5, -4, -3, -2, -1, 1, 2, 3, 4, 5, 6, 7, 8]",[],POTENTIAL_WORKLOAD,"Numeric stimulus/answer input with explicit dependencies; possible arithmetic/reading burden, without student evidence or an assumed direction.",18905679,18905679,18905679,146,NO_APPROVED_CONTROL,False
pg-17-2-5,d1,1,4be3f0d8e629fe3e,1,07c3aaa6b67119ee,ANALYTIC_WITH_PROBE,True,"[-8, -7, -6, -5, -4, -3, -2, -1, 1, 2, 3, 4, 5, 6, 7, 8]",[],POTENTIAL_WORKLOAD,"Numeric stimulus/answer input with explicit dependencies; possible arithmetic/reading burden, without student evidence or an assumed direction.",18905679,18905679,18905679,126,NO_APPROVED_CONTROL,False
pg-17-2-5,c2,1,4be3f0d8e629fe3e,1,07c3aaa6b67119ee,ANALYTIC_WITH_PROBE,True,"[-8, -7, -6, -5, -4, -3, -2, -1, 1, 2, 3, 4, 5, 6, 7, 8]",[],POTENTIAL_WORKLOAD,"Numeric stimulus/answer input with explicit dependencies; possible arithmetic/reading burden, without student evidence or an assumed direction.",18905679,18905679,18905679,137,NO_APPROVED_CONTROL,False
pg-17-2-5,d2,1,4be3f0d8e629fe3e,1,07c3aaa6b67119ee,ANALYTIC_WITH_PROBE,True,"[-8, -7, -6, -5, -4, -3, -2, -1, 1, 2, 3, 4, 5, 6, 7, 8]",[],POTENTIAL_WORKLOAD,"Numeric stimulus/answer input with explicit dependencies; possible arithmetic/reading burden, without student evidence or an assumed direction.",18905679,18905679,18905679,141,NO_APPROVED_CONTROL,False
pg-17-3-1,x,1,40b0348545350bbd,1,ba0fee8501787b70,EXHAUSTIVE,True,"[-8, -7, -6, -5, -4, -3, -2, -1, 0, 1, 2, 3, 4, 5, 6, 7, 8]",[],POTENTIAL_WORKLOAD,"Numeric stimulus/answer input with explicit dependencies; possible arithmetic/reading burden, without student evidence or an assumed direction.",196454,196454,196454,155238,NO_APPROVED_CONTROL,False
pg-17-3-1,y,1,40b0348545350bbd,1,ba0fee8501787b70,EXHAUSTIVE,True,"[-8, -7, -6, -5, -4, -3, -2, -1, 0, 1, 2, 3, 4, 5, 6, 7, 8]",[],POTENTIAL_WORKLOAD,"Numeric stimulus/answer input with explicit dependencies; possible arithmetic/reading burden, without student evidence or an assumed direction.",196454,196454,196454,155249,NO_APPROVED_CONTROL,False
pg-17-3-1,c,1,40b0348545350bbd,1,ba0fee8501787b70,EXHAUSTIVE,True,"[-8, -7, -6, -5, -4, -3, -2, -1, 1, 2, 3, 4, 5, 6, 7, 8]",[],POTENTIAL_WORKLOAD,"Numeric stimulus/answer input with explicit dependencies; possible arithmetic/reading burden, without student evidence or an assumed direction.",196454,196454,196454,151398,NO_APPROVED_CONTROL,False
pg-17-3-1,d,1,40b0348545350bbd,1,ba0fee8501787b70,EXHAUSTIVE,True,"[-8, -7, -6, -5, -4, -3, -2, -1, 1, 2, 3, 4, 5, 6, 7, 8]",[],POTENTIAL_WORKLOAD,"Numeric stimulus/answer input with explicit dependencies; possible arithmetic/reading burden, without student evidence or an assumed direction.",196454,196454,196454,151409,NO_APPROVED_CONTROL,False
pg-17-3-1,k,1,40b0348545350bbd,1,ba0fee8501787b70,EXHAUSTIVE,True,"[2, 3, 4]",[],POTENTIAL_WORKLOAD,"Numeric stimulus/answer input with explicit dependencies; possible arithmetic/reading burden, without student evidence or an assumed direction.",196454,196454,196454,34812,NO_APPROVED_CONTROL,False
pg-17-3-3,x,1,bee7ea7e28feb2b1,1,81ff455d89a12310,EXHAUSTIVE,True,"[-9, -8, -7, -6, -5, -4, -3, -2, -1, 1, 2, 3, 4, 5, 6, 7, 8, 9]",[],NUMERIC_CONTEXT,"Only stimulus/explanation depend on this input, not answer text or correctness; representation signals are separate from a change in the mathematical task.",324,324,324,0,NO_APPROVED_CONTROL,False
pg-17-3-3,y,1,bee7ea7e28feb2b1,1,81ff455d89a12310,EXHAUSTIVE,True,"[-9, -8, -7, -6, -5, -4, -3, -2, -1, 1, 2, 3, 4, 5, 6, 7, 8, 9]",[],NUMERIC_CONTEXT,"Only stimulus/explanation depend on this input, not answer text or correctness; representation signals are separate from a change in the mathematical task.",324,324,324,0,NO_APPROVED_CONTROL,False
pg-17-3-3,theta,1,bee7ea7e28feb2b1,1,81ff455d89a12310,EXHAUSTIVE,True,[180],[],NO_EFFECT,"Only one effective value, or no dependency on rendered question/answer.",324,324,324,0,NO_APPROVED_CONTROL,False
pg-17-3-4,A0,1,0b7915d404767119,1,d87a7ac7b67d1d19,EXHAUSTIVE,True,"[6, 7, 8, 9, 10, 11, 12, 13, 14, 15, 16, 17, 18, 19, 20, 21, 22, 23, 24, 25, 26, 27, 28, 29, 30, 31, 32, 33, 34, 35, 36, 37, 38, 39, 40]",[],POTENTIAL_WORKLOAD,"Numeric stimulus/answer input with explicit dependencies; possible arithmetic/reading burden, without student evidence or an assumed direction.",104,104,104,95,NO_APPROVED_CONTROL,False
pg-17-3-4,k,1,0b7915d404767119,1,d87a7ac7b67d1d19,EXHAUSTIVE,True,"[3, 4, 5]",[],POTENTIAL_WORKLOAD,"Numeric stimulus/answer input with explicit dependencies; possible arithmetic/reading burden, without student evidence or an assumed direction.",104,104,104,50,NO_APPROVED_CONTROL,False
pg-17-3-5,x,1,5c654375ef903b34,1,fcc058353ca1f899,EXHAUSTIVE,True,"[-9, -8, -7, -6, -5, -4, -3, -2, -1, 1, 2, 3, 4, 5, 6, 7, 8, 9]",[],POTENTIAL_WORKLOAD,"Numeric stimulus/answer input with explicit dependencies; possible arithmetic/reading burden, without student evidence or an assumed direction.",78111,78111,78111,49416,NO_APPROVED_CONTROL,False
pg-17-3-5,y,1,5c654375ef903b34,1,fcc058353ca1f899,EXHAUSTIVE,True,"[-9, -8, -7, -6, -5, -4, -3, -2, -1, 1, 2, 3, 4, 5, 6, 7, 8, 9]",[],POTENTIAL_WORKLOAD,"Numeric stimulus/answer input with explicit dependencies; possible arithmetic/reading burden, without student evidence or an assumed direction.",78111,78111,78111,65115,NO_APPROVED_CONTROL,False
pg-17-3-5,c,1,5c654375ef903b34,1,fcc058353ca1f899,EXHAUSTIVE,True,"[-8, -7, -6, -5, -4, -3, -2, -1, 1, 2, 3, 4, 5, 6, 7, 8]",[],POTENTIAL_WORKLOAD,"Numeric stimulus/answer input with explicit dependencies; possible arithmetic/reading burden, without student evidence or an assumed direction.",78111,78111,78111,60189,NO_APPROVED_CONTROL,False
pg-17-3-5,d,1,5c654375ef903b34,1,fcc058353ca1f899,EXHAUSTIVE,True,"[-8, -7, -6, -5, -4, -3, -2, -1, 1, 2, 3, 4, 5, 6, 7, 8]",[],POTENTIAL_WORKLOAD,"Numeric stimulus/answer input with explicit dependencies; possible arithmetic/reading burden, without student evidence or an assumed direction.",78111,78111,78111,47112,NO_APPROVED_CONTROL,False
pg-18-1-1,a,1,d8a3d52271cbfa93,1,947dc0502c03a54b,EXHAUSTIVE,True,"[4, 6, 8, 10, 12, 14, 16, 18, 20, 22, 24, 26, 28, 30, 32, 34, 36, 38, 40]",[],POTENTIAL_WORKLOAD,"Numeric stimulus/answer input with explicit dependencies; possible arithmetic/reading burden, without student evidence or an assumed direction.",260,260,260,241,NO_APPROVED_CONTROL,False
pg-18-1-1,h,1,d8a3d52271cbfa93,1,947dc0502c03a54b,EXHAUSTIVE,True,"[4, 6, 8, 10, 12, 14, 16, 18, 20, 22, 24, 26, 28, 30]",[],POTENTIAL_WORKLOAD,"Numeric stimulus/answer input with explicit dependencies; possible arithmetic/reading burden, without student evidence or an assumed direction.",260,260,260,235,NO_APPROVED_CONTROL,False
pg-18-1-2,r,1,a8128fb9c692d9d0,1,dcabb034eebe83bd,EXHAUSTIVE,True,"[7, 21, 28, 35, 42, 49, 56, 63, 70]",[],POTENTIAL_WORKLOAD,"Numeric stimulus/answer input with explicit dependencies; possible arithmetic/reading burden, without student evidence or an assumed direction.",9,9,9,8,NO_APPROVED_CONTROL,False
pg-18-1-3,p,1,18c078492da66b12,1,0a485e1854216df5,EXHAUSTIVE,True,"[10, 11, 12, 13, 14, 15, 16, 17, 18, 19, 20, 21, 22, 23, 24, 25, 26, 27, 28, 29, 30, 31, 32, 33, 34, 35, 36, 37, 38, 39, 40]",[],POTENTIAL_WORKLOAD,"Numeric stimulus/answer input with explicit dependencies; possible arithmetic/reading burden, without student evidence or an assumed direction.",486,486,486,343,NO_APPROVED_CONTROL,False
pg-18-1-3,l,1,18c078492da66b12,1,0a485e1854216df5,EXHAUSTIVE,True,"[3, 4, 5, 6, 7, 8, 9, 10, 11, 12, 13, 14, 15, 16, 17, 18, 19, 20]",[],POTENTIAL_WORKLOAD,"Numeric stimulus/answer input with explicit dependencies; possible arithmetic/reading burden, without student evidence or an assumed direction.",486,486,486,416,NO_APPROVED_CONTROL,False
pg-18-1-4,d,1,18d30f95d8d94f46,1,7c48faca9c45c0dc,EXHAUSTIVE,True,"[6, 8, 10, 12, 14, 16, 18, 20, 22, 24, 26, 28, 30, 32, 34, 36, 38, 40, 42, 44, 46, 48, 50]",[],POTENTIAL_WORKLOAD,"Numeric stimulus/answer input with explicit dependencies; possible arithmetic/reading burden, without student evidence or an assumed direction.",45,45,45,40,NO_APPROVED_CONTROL,False
pg-18-1-4,theta,1,18d30f95d8d94f46,1,7c48faca9c45c0dc,EXHAUSTIVE,True,"[90, 180]",[],POTENTIAL_WORKLOAD,"Numeric stimulus/answer input with explicit dependencies; possible arithmetic/reading burden, without student evidence or an assumed direction.",45,45,45,22,NO_APPROVED_CONTROL,False
pg-18-1-5,s,1,d06dba20615f944d,1,17c87226432a7452,EXHAUSTIVE,True,"[28, 42, 56, 70, 84, 98]",[],POTENTIAL_WORKLOAD,"Numeric stimulus/answer input with explicit dependencies; possible arithmetic/reading burden, without student evidence or an assumed direction.",6,6,6,5,NO_APPROVED_CONTROL,False
pg-18-2-1,d,1,3038771cd549df2e,1,a43518f0b9fe4d25,EXHAUSTIVE,True,"[28, 42, 56, 70, 84, 98, 112, 126, 140]",[],POTENTIAL_WORKLOAD,"Numeric stimulus/answer input with explicit dependencies; possible arithmetic/reading burden, without student evidence or an assumed direction.",9,9,9,8,NO_APPROVED_CONTROL,False
pg-18-2-2,a,1,d7cb4f77cbb06510,1,36e3229e0e9ac23a,EXHAUSTIVE,True,"[4, 6, 8, 10, 12, 14, 16, 18, 20, 22, 24]",[],POTENTIAL_WORKLOAD,"Numeric stimulus/answer input with explicit dependencies; possible arithmetic/reading burden, without student evidence or an assumed direction.",1253,1253,1253,939,NO_APPROVED_CONTROL,False
pg-18-2-2,b,1,d7cb4f77cbb06510,1,36e3229e0e9ac23a,EXHAUSTIVE,True,"[8, 10, 12, 14, 16, 18, 20, 22, 24, 26, 28, 30, 32, 34, 36, 38, 40]",[],POTENTIAL_WORKLOAD,"Numeric stimulus/answer input with explicit dependencies; possible arithmetic/reading burden, without student evidence or an assumed direction.",1253,1253,1253,654,NO_APPROVED_CONTROL,False
pg-18-2-2,h,1,d7cb4f77cbb06510,1,36e3229e0e9ac23a,EXHAUSTIVE,True,"[4, 6, 8, 10, 12, 14, 16, 18, 20]",[],POTENTIAL_WORKLOAD,"Numeric stimulus/answer input with explicit dependencies; possible arithmetic/reading burden, without student evidence or an assumed direction.",1253,1253,1253,1069,NO_APPROVED_CONTROL,False
pg-18-2-3,r,1,c86a3db5ee870503,1,c9a60489037e80f7,EXHAUSTIVE,True,"[4, 6, 8, 10, 12, 14, 16, 18, 20, 22, 24, 26, 28, 30, 32, 34, 36, 38, 40]",[],POTENTIAL_WORKLOAD,"Numeric stimulus/answer input with explicit dependencies; possible arithmetic/reading burden, without student evidence or an assumed direction.",37,37,37,33,NO_APPROVED_CONTROL,False
pg-18-2-3,theta,1,c86a3db5ee870503,1,c9a60489037e80f7,EXHAUSTIVE,True,"[90, 180]",[],POTENTIAL_WORKLOAD,"Numeric stimulus/answer input with explicit dependencies; possible arithmetic/reading burden, without student evidence or an assumed direction.",37,37,37,18,NO_APPROVED_CONTROL,False
pg-18-2-4,s,1,3eb69cd6dbb7dde4,1,14917b2f176cc096,EXHAUSTIVE,True,"[6, 8, 10, 12, 14, 16, 18, 20, 22, 24, 26, 28, 30, 32, 34, 36, 38, 40]",[],POTENTIAL_WORKLOAD,"Numeric stimulus/answer input with explicit dependencies; possible arithmetic/reading burden, without student evidence or an assumed direction.",113,113,113,101,NO_APPROVED_CONTROL,False
pg-18-2-4,h,1,3eb69cd6dbb7dde4,1,14917b2f176cc096,EXHAUSTIVE,True,"[4, 6, 8, 10, 12, 14, 16, 18, 20, 22, 24]",[],POTENTIAL_WORKLOAD,"Numeric stimulus/answer input with explicit dependencies; possible arithmetic/reading burden, without student evidence or an assumed direction.",113,113,113,82,NO_APPROVED_CONTROL,False
pg-18-2-5,p,1,d5841ceb70600d47,1,e0dc1f1e451e0cc4,EXHAUSTIVE,True,"[15, 16, 17, 18, 19, 20, 21, 22, 23, 24, 25, 26, 27, 28, 29, 30, 31, 32, 33, 34, 35, 36, 37, 38, 39, 40, 41, 42, 43, 44, 45]",[],POTENTIAL_WORKLOAD,"Numeric stimulus/answer input with explicit dependencies; possible arithmetic/reading burden, without student evidence or an assumed direction.",6649,6649,6649,1257,NO_APPROVED_CONTROL,False
pg-18-2-5,l,1,d5841ceb70600d47,1,e0dc1f1e451e0cc4,EXHAUSTIVE,True,"[6, 7, 8, 9, 10, 11, 12, 13, 14, 15, 16, 17, 18, 19, 20]",[],POTENTIAL_WORKLOAD,"Numeric stimulus/answer input with explicit dependencies; possible arithmetic/reading burden, without student evidence or an assumed direction.",6649,6649,6649,4866,NO_APPROVED_CONTROL,False
pg-18-2-5,cost,1,d5841ceb70600d47,1,e0dc1f1e451e0cc4,EXHAUSTIVE,True,"[5000, 6000, 7000, 8000, 9000, 10000, 11000, 12000, 13000, 14000, 15000, 16000, 17000, 18000, 19000, 20000, 21000, 22000, 23000, 24000, 25000]",[],POTENTIAL_WORKLOAD,"Numeric stimulus/answer input with explicit dependencies; possible arithmetic/reading burden, without student evidence or an assumed direction.",6649,6649,6649,2174,NO_APPROVED_CONTROL,False
pg-18-3-1,r1,1,e1be0781c1daecbd,1,e5ca56ced28f3dab,EXHAUSTIVE,True,"[2, 3, 4, 5, 6, 7, 8, 9, 10, 11, 12]",[],NUMERIC_CONTEXT,"Area ratio is k squared; radius cancels. Radius changes stimulus, not the area-ratio answer.",33,33,33,16,NO_APPROVED_CONTROL,False
pg-18-3-1,k,1,e1be0781c1daecbd,1,e5ca56ced28f3dab,EXHAUSTIVE,True,"[4, 5, 6]",[],POTENTIAL_WORKLOAD,"Numeric stimulus/answer input with explicit dependencies; possible arithmetic/reading burden, without student evidence or an assumed direction.",33,33,33,22,NO_APPROVED_CONTROL,False
pg-18-3-2,s,1,d5943bf344dc3b7f,1,16ef9c35521fc3a2,EXHAUSTIVE,True,"[28, 42, 56, 70, 84, 98, 112, 126, 140]",[],POTENTIAL_WORKLOAD,"Numeric stimulus/answer input with explicit dependencies; possible arithmetic/reading burden, without student evidence or an assumed direction.",9,9,9,6,NO_APPROVED_CONTROL,False
pg-18-3-3,r,1,1f88f4be92fb95b2,1,6a1759e907f6f298,EXHAUSTIVE,True,"[14, 28, 42, 56, 70]",[],NUMERIC_CONTEXT,"Only stimulus/explanation depend on this input, not answer text or correctness; representation signals are separate from a change in the mathematical task.",12,12,12,8,NO_APPROVED_CONTROL,False
pg-18-3-3,theta,1,1f88f4be92fb95b2,1,6a1759e907f6f298,EXHAUSTIVE,True,"[45, 60, 120, 180]",[],POTENTIAL_WORKLOAD,"Numeric stimulus/answer input with explicit dependencies; possible arithmetic/reading burden, without student evidence or an assumed direction.",12,12,12,7,NO_APPROVED_CONTROL,False
pg-18-3-4,d,1,1e2ecd10ee7f0580,1,e7bb3bd8ababd854,EXHAUSTIVE,True,"[10, 12, 16, 18, 24, 26, 30, 32, 34, 38, 40]",[],POTENTIAL_WORKLOAD,"Numeric stimulus/answer input with explicit dependencies; possible arithmetic/reading burden, without student evidence or an assumed direction.",11,11,11,2,NO_APPROVED_CONTROL,False
pg-18-3-4,w,1,1e2ecd10ee7f0580,1,e7bb3bd8ababd854,EXHAUSTIVE,True,"[1, 2, 3, 4, 5]",[],POTENTIAL_WORKLOAD,"Numeric stimulus/answer input with explicit dependencies; possible arithmetic/reading burden, without student evidence or an assumed direction.",11,11,11,0,NO_APPROVED_CONTROL,False
pg-18-3-5,m,1,c7eb6696e491f899,1,6b4711e366eadc63,EXHAUSTIVE,True,"[1, 3, 4, 5, 6, 7, 8, 9, 10, 11, 12]",[],POTENTIAL_WORKLOAD,"Numeric stimulus/answer input with explicit dependencies; possible arithmetic/reading burden, without student evidence or an assumed direction.",11,11,11,10,NO_APPROVED_CONTROL,False
pg-19-1-1,a,1,f5c92e813c35306b,1,bf9fbc2cb0d5687c,EXHAUSTIVE,True,"[4, 6, 8, 10, 12, 14, 16, 18, 20, 22, 24]",[],POTENTIAL_WORKLOAD,"Numeric stimulus/answer input with explicit dependencies; possible arithmetic/reading burden, without student evidence or an assumed direction.",2244,2244,2244,1935,NO_APPROVED_CONTROL,False
pg-19-1-1,b,1,f5c92e813c35306b,1,bf9fbc2cb0d5687c,EXHAUSTIVE,True,"[4, 6, 8, 10, 12, 14, 16, 18, 20, 22, 24]",[],POTENTIAL_WORKLOAD,"Numeric stimulus/answer input with explicit dependencies; possible arithmetic/reading burden, without student evidence or an assumed direction.",2244,2244,2244,1935,NO_APPROVED_CONTROL,False
pg-19-1-1,h,1,f5c92e813c35306b,1,bf9fbc2cb0d5687c,EXHAUSTIVE,True,"[5, 6, 7, 8, 9, 10, 11, 12, 13, 14, 15, 16, 17, 18, 19, 20, 21, 22, 23, 24, 25]",[],POTENTIAL_WORKLOAD,"Numeric stimulus/answer input with explicit dependencies; possible arithmetic/reading burden, without student evidence or an assumed direction.",2244,2244,2244,1969,NO_APPROVED_CONTROL,False
pg-19-1-2,r,1,7709ea213c3daff7,1,b8e5a11eae9a065b,EXHAUSTIVE,True,"[7, 14, 21, 28, 35]",[],POTENTIAL_WORKLOAD,"Numeric stimulus/answer input with explicit dependencies; possible arithmetic/reading burden, without student evidence or an assumed direction.",128,128,128,100,NO_APPROVED_CONTROL,False
pg-19-1-2,h,1,7709ea213c3daff7,1,b8e5a11eae9a065b,EXHAUSTIVE,True,"[4, 5, 6, 7, 8, 9, 10, 11, 12, 13, 14, 15, 16, 17, 18, 19, 20, 21, 22, 23, 24, 25, 26, 27, 28, 29, 30]",[],POTENTIAL_WORKLOAD,"Numeric stimulus/answer input with explicit dependencies; possible arithmetic/reading burden, without student evidence or an assumed direction.",128,128,128,113,NO_APPROVED_CONTROL,False
pg-19-1-3,s,1,6638dd5edbaebc5f,1,72b6b9099f4880c5,EXHAUSTIVE,True,"[4, 6, 8, 10, 12, 14, 16, 18, 20, 22, 24]",[],POTENTIAL_WORKLOAD,"Numeric stimulus/answer input with explicit dependencies; possible arithmetic/reading burden, without student evidence or an assumed direction.",98,98,98,89,NO_APPROVED_CONTROL,False
pg-19-1-3,h,1,6638dd5edbaebc5f,1,72b6b9099f4880c5,EXHAUSTIVE,True,"[6, 9, 12, 15, 18, 21, 24, 27, 30]",[],POTENTIAL_WORKLOAD,"Numeric stimulus/answer input with explicit dependencies; possible arithmetic/reading burden, without student evidence or an assumed direction.",98,98,98,84,NO_APPROVED_CONTROL,False
pg-19-1-4,r,1,94632bd5dfabe9e2,1,e6d6457a958711ed,EXHAUSTIVE,True,"[6, 9, 12, 15]",[],POTENTIAL_WORKLOAD,"Numeric stimulus/answer input with explicit dependencies; possible arithmetic/reading burden, without student evidence or an assumed direction.",4,4,4,3,NO_APPROVED_CONTROL,False
pg-19-1-5,p,1,f27690a4659691f8,1,183ea7bfe4aceed8,EXHAUSTIVE,True,"[1, 1.5, 2, 2.5, 3]",[],POTENTIAL_WORKLOAD,"Numeric stimulus/answer input with explicit dependencies; possible arithmetic/reading burden, without student evidence or an assumed direction.",96,96,96,53,NO_APPROVED_CONTROL,False
pg-19-1-5,l,1,f27690a4659691f8,1,183ea7bfe4aceed8,EXHAUSTIVE,True,"[0.5, 1, 1.5, 2]",[],POTENTIAL_WORKLOAD,"Numeric stimulus/answer input with explicit dependencies; possible arithmetic/reading burden, without student evidence or an assumed direction.",96,96,96,48,NO_APPROVED_CONTROL,False
pg-19-1-5,h,1,f27690a4659691f8,1,183ea7bfe4aceed8,EXHAUSTIVE,True,"[0.4, 0.6, 0.8, 1, 1.2, 1.4, 1.6]",[],POTENTIAL_WORKLOAD,"Numeric stimulus/answer input with explicit dependencies; possible arithmetic/reading burden, without student evidence or an assumed direction.",96,96,96,36,NO_APPROVED_CONTROL,False
pg-19-2-1,a,1,d862c475238e99ea,1,525766f64d1347ab,EXHAUSTIVE,True,"[4, 6, 8, 10, 12, 14, 16, 18, 20, 22, 24]",[],POTENTIAL_WORKLOAD,"Numeric stimulus/answer input with explicit dependencies; possible arithmetic/reading burden, without student evidence or an assumed direction.",2244,2244,2244,1935,NO_APPROVED_CONTROL,False
pg-19-2-1,b,1,d862c475238e99ea,1,525766f64d1347ab,EXHAUSTIVE,True,"[4, 6, 8, 10, 12, 14, 16, 18, 20, 22, 24]",[],POTENTIAL_WORKLOAD,"Numeric stimulus/answer input with explicit dependencies; possible arithmetic/reading burden, without student evidence or an assumed direction.",2244,2244,2244,1935,NO_APPROVED_CONTROL,False
pg-19-2-1,h,1,d862c475238e99ea,1,525766f64d1347ab,EXHAUSTIVE,True,"[5, 6, 7, 8, 9, 10, 11, 12, 13, 14, 15, 16, 17, 18, 19, 20, 21, 22, 23, 24, 25]",[],POTENTIAL_WORKLOAD,"Numeric stimulus/answer input with explicit dependencies; possible arithmetic/reading burden, without student evidence or an assumed direction.",2244,2244,2244,1965,NO_APPROVED_CONTROL,False
pg-19-2-2,s,1,7c8d7916743e418b,1,d48d27f8df912cb4,EXHAUSTIVE,True,"[6, 8, 10, 12, 14, 16, 18, 20, 22, 24, 26, 28]",[],POTENTIAL_WORKLOAD,"Numeric stimulus/answer input with explicit dependencies; possible arithmetic/reading burden, without student evidence or an assumed direction.",27,27,27,18,NO_APPROVED_CONTROL,False
pg-19-2-2,h,1,7c8d7916743e418b,1,d48d27f8df912cb4,EXHAUSTIVE,True,"[6, 9, 12, 15, 18, 21, 24, 27, 30]",[],POTENTIAL_WORKLOAD,"Numeric stimulus/answer input with explicit dependencies; possible arithmetic/reading burden, without student evidence or an assumed direction.",27,27,27,13,NO_APPROVED_CONTROL,False
pg-19-2-3,r,1,4d15438fdeddb007,1,0bf9ee5e9bfb0bd0,EXHAUSTIVE,True,"[3, 9, 12, 15, 18]",[],POTENTIAL_WORKLOAD,"Numeric stimulus/answer input with explicit dependencies; possible arithmetic/reading burden, without student evidence or an assumed direction.",5,5,5,4,NO_APPROVED_CONTROL,False
pg-19-2-4,r,1,f20be8f92590e36b,1,ec6c1e19d7903a1d,EXHAUSTIVE,True,"[7, 14, 21, 28, 35]",[],POTENTIAL_WORKLOAD,"Numeric stimulus/answer input with explicit dependencies; possible arithmetic/reading burden, without student evidence or an assumed direction.",902,902,902,721,NO_APPROVED_CONTROL,False
pg-19-2-4,h,1,f20be8f92590e36b,1,ec6c1e19d7903a1d,EXHAUSTIVE,True,"[6, 7, 8, 9, 10, 11, 12, 13, 14, 15, 16, 17, 18, 19, 20, 21, 22, 23, 24, 25, 26, 27, 28, 29, 30]",[],POTENTIAL_WORKLOAD,"Numeric stimulus/answer input with explicit dependencies; possible arithmetic/reading burden, without student evidence or an assumed direction.",902,902,902,807,NO_APPROVED_CONTROL,False
pg-19-2-4,hc,1,f20be8f92590e36b,1,ec6c1e19d7903a1d,EXHAUSTIVE,True,"[3, 6, 9, 12, 15, 18, 21, 24]",[],POTENTIAL_WORKLOAD,"Numeric stimulus/answer input with explicit dependencies; possible arithmetic/reading burden, without student evidence or an assumed direction.",902,902,902,569,NO_APPROVED_CONTROL,False
pg-19-2-5,r,1,8e53e1055e20c38a,1,4c660be6c5274eac,EXHAUSTIVE,True,"[20, 30, 40, 50, 60, 70, 80]",[],POTENTIAL_WORKLOAD,"Numeric stimulus/answer input with explicit dependencies; possible arithmetic/reading burden, without student evidence or an assumed direction.",78,78,78,60,NO_APPROVED_CONTROL,False
pg-19-2-5,h,1,8e53e1055e20c38a,1,4c660be6c5274eac,EXHAUSTIVE,True,"[1, 1.5, 2, 2.5]",[],POTENTIAL_WORKLOAD,"Numeric stimulus/answer input with explicit dependencies; possible arithmetic/reading burden, without student evidence or an assumed direction.",78,78,78,46,NO_APPROVED_CONTROL,False
pg-19-2-5,q,1,8e53e1055e20c38a,1,4c660be6c5274eac,EXHAUSTIVE,True,"[4, 5, 8, 10]",[],POTENTIAL_WORKLOAD,"Numeric stimulus/answer input with explicit dependencies; possible arithmetic/reading burden, without student evidence or an assumed direction.",78,78,78,34,NO_APPROVED_CONTROL,False
pg-19-3-1,r,1,70e6b5689b52938a,1,1682adca0860ba95,EXHAUSTIVE,True,"[3, 4, 5, 6, 7, 8, 9, 10, 11, 12, 13, 14, 15, 16, 17, 18, 19, 20]",[],NUMERIC_CONTEXT,"Only stimulus/explanation depend on this input, not answer text or correctness; representation signals are separate from a change in the mathematical task.",1134,1134,1134,866,NO_APPROVED_CONTROL,False
pg-19-3-1,h,1,70e6b5689b52938a,1,1682adca0860ba95,EXHAUSTIVE,True,"[6, 8, 10, 12, 14, 16, 18, 20, 22, 24, 26, 28, 30]",[],NUMERIC_CONTEXT,"Only stimulus/explanation depend on this input, not answer text or correctness; representation signals are separate from a change in the mathematical task.",1134,1134,1134,954,NO_APPROVED_CONTROL,False
pg-19-3-1,k,1,70e6b5689b52938a,1,1682adca0860ba95,EXHAUSTIVE,True,"[2, 3, 4]",[],POTENTIAL_WORKLOAD,"Numeric stimulus/answer input with explicit dependencies; possible arithmetic/reading burden, without student evidence or an assumed direction.",1134,1134,1134,247,NO_APPROVED_CONTROL,False
pg-19-3-1,m,1,70e6b5689b52938a,1,1682adca0860ba95,EXHAUSTIVE,True,"[1, 2, 3, 4]",[],POTENTIAL_WORKLOAD,"Numeric stimulus/answer input with explicit dependencies; possible arithmetic/reading burden, without student evidence or an assumed direction.",1134,1134,1134,432,NO_APPROVED_CONTROL,False
pg-19-3-2,V,1,b2a5d87bca13f8f4,1,3d7fe088dcce2419,EXHAUSTIVE,True,"[100, 150, 200, 250, 300, 350, 400, 450, 500, 550, 600, 650, 700, 750, 800, 850, 900, 950, 1000]",[],POTENTIAL_WORKLOAD,"Numeric stimulus/answer input with explicit dependencies; possible arithmetic/reading burden, without student evidence or an assumed direction.",73,73,73,61,NO_APPROVED_CONTROL,False
pg-19-3-2,k,1,b2a5d87bca13f8f4,1,3d7fe088dcce2419,EXHAUSTIVE,True,"[2, 3, 4, 5]",[],POTENTIAL_WORKLOAD,"Numeric stimulus/answer input with explicit dependencies; possible arithmetic/reading burden, without student evidence or an assumed direction.",73,73,73,42,NO_APPROVED_CONTROL,False
pg-19-3-3,V,1,b956b04a1bc40ad5,1,2603956e07756314,EXHAUSTIVE,True,"[48, 96, 144, 192, 240, 288, 336, 384, 432, 480, 528, 576, 624, 672, 720, 768, 816, 864, 912, 960]",[],POTENTIAL_WORKLOAD,"Numeric stimulus/answer input with explicit dependencies; possible arithmetic/reading burden, without student evidence or an assumed direction.",59,59,59,55,NO_APPROVED_CONTROL,False
pg-19-3-3,k,1,b956b04a1bc40ad5,1,2603956e07756314,EXHAUSTIVE,True,"[2, 3, 4]",[],POTENTIAL_WORKLOAD,"Numeric stimulus/answer input with explicit dependencies; possible arithmetic/reading burden, without student evidence or an assumed direction.",59,59,59,39,NO_APPROVED_CONTROL,False
pg-19-3-4,p,1,6de2b4f83e17555e,1,139bcffe57abc973,EXHAUSTIVE,True,"[3, 4, 5, 6, 7, 8, 9, 10]",[],POTENTIAL_WORKLOAD,"Numeric stimulus/answer input with explicit dependencies; possible arithmetic/reading burden, without student evidence or an assumed direction.",433,433,433,125,NO_APPROVED_CONTROL,False
pg-19-3-4,l,1,6de2b4f83e17555e,1,139bcffe57abc973,EXHAUSTIVE,True,"[2, 3, 4, 5, 6, 7, 8]",[],POTENTIAL_WORKLOAD,"Numeric stimulus/answer input with explicit dependencies; possible arithmetic/reading burden, without student evidence or an assumed direction.",433,433,433,150,NO_APPROVED_CONTROL,False
pg-19-3-4,h,1,6de2b4f83e17555e,1,139bcffe57abc973,EXHAUSTIVE,True,"[1, 2, 3, 4]",[],POTENTIAL_WORKLOAD,"Numeric stimulus/answer input with explicit dependencies; possible arithmetic/reading burden, without student evidence or an assumed direction.",433,433,433,161,NO_APPROVED_CONTROL,False
pg-19-3-4,q,1,6de2b4f83e17555e,1,139bcffe57abc973,EXHAUSTIVE,True,"[100, 150, 200, 250, 300, 350, 400, 450, 500]",[],POTENTIAL_WORKLOAD,"Numeric stimulus/answer input with explicit dependencies; possible arithmetic/reading burden, without student evidence or an assumed direction.",433,433,433,277,NO_APPROVED_CONTROL,False
pg-19-3-5,V,1,b59c2e60a65711a5,1,9497cfd9ab02ff28,EXHAUSTIVE,True,"[100, 200, 300, 400, 500, 700, 800, 900, 1000, 1100, 1200, 1300, 1400, 1500, 1600, 1700, 1800, 1900, 2000]",[],POTENTIAL_WORKLOAD,"Numeric stimulus/answer input with explicit dependencies; possible arithmetic/reading burden, without student evidence or an assumed direction.",19,19,19,18,NO_APPROVED_CONTROL,False
pg-2-1-4,k,1,95e8e66c2d1b8564,1,d6651f814122f4d1,EXHAUSTIVE,True,"[1, 2, 3, 4, 5, 6, 8, 9, 10, 11, 12, 14, 15, 16, 17, 18, 20, 21, 22, 23, 24, 26, 27, 28, 29, 30, 32, 33, 34, 35]",[],POTENTIAL_WORKLOAD,"Numeric stimulus/answer input with explicit dependencies; possible arithmetic/reading burden, without student evidence or an assumed direction.",30,30,30,19,NO_APPROVED_CONTROL,False
pg-2-2-3,k,1,61048511aecbf3cf,1,48579f095ac8b880,EXHAUSTIVE,True,"[1, 2, 3, 4, 5, 6, 7, 9, 10, 11, 12, 13, 14, 16, 17, 18, 19, 20, 21, 23, 24, 25, 26, 27, 28, 30, 31, 32]",[],POTENTIAL_WORKLOAD,"Numeric stimulus/answer input with explicit dependencies; possible arithmetic/reading burden, without student evidence or an assumed direction.",28,28,28,25,NO_APPROVED_CONTROL,False
pg-2-3-2,k,1,3530e539cc6fbd6a,1,4c45edd0bef1eef2,EXHAUSTIVE,True,"[2, 3, 4, 5, 6, 7, 8, 9, 10, 11, 12, 13, 14, 15, 16, 17, 18, 19, 20, 21, 22, 23, 24, 25, 26, 27, 28, 29, 30]",[],POTENTIAL_WORKLOAD,"Numeric stimulus/answer input with explicit dependencies; possible arithmetic/reading burden, without student evidence or an assumed direction.",29,29,29,27,NO_APPROVED_CONTROL,False
pg-2-3-3,k,1,1fde3287ee026c43,1,cbc54aa301d061f5,EXHAUSTIVE,True,"[1, 2, 3, 4, 5, 6, 7, 8, 9, 10, 11, 13, 14, 15, 16, 18, 19, 20, 21, 23, 24, 25, 26, 28, 29, 30, 31, 33, 34, 35, 36]",[],POTENTIAL_WORKLOAD,"Numeric stimulus/answer input with explicit dependencies; possible arithmetic/reading burden, without student evidence or an assumed direction.",31,31,31,29,NO_APPROVED_CONTROL,False
pg-20-1-2,k,1,ef52d81ca0ea70de,1,9eeb955c3f83aeb1,EXHAUSTIVE,True,"[2, 3, 4, 5, 6, 7, 8, 9, 10, 11, 12, 13, 14, 15, 16, 17, 18, 19, 20, 21, 22, 23, 24, 25, 26, 27, 28, 29, 30, 31, 32, 33, 34, 35, 36, 37, 38, 39, 40]",[],POTENTIAL_WORKLOAD,"Numeric stimulus/answer input with explicit dependencies; possible arithmetic/reading burden, without student evidence or an assumed direction.",39,39,39,38,NO_APPROVED_CONTROL,False
pg-20-1-3,mon,1,648a6d7d749835fe,1,64bea6aef5e13129,ANALYTIC_WITH_PROBE,True,"[5, 10, 15, 20, 25, 30, 35, 40, 45, 50, 55, 60, 65, 70, 75, 80, 85, 90, 95, 100]",[],POTENTIAL_WORKLOAD,"Numeric stimulus/answer input with explicit dependencies; possible arithmetic/reading burden, without student evidence or an assumed direction.",1377918,1377918,1377918,35,NO_APPROVED_CONTROL,False
pg-20-1-3,tue,1,648a6d7d749835fe,1,64bea6aef5e13129,ANALYTIC_WITH_PROBE,True,"[5, 10, 15, 20, 25, 30, 35, 40, 45, 50, 55, 60, 65, 70, 75, 80, 85, 90, 95, 100]",[],POTENTIAL_WORKLOAD,"Numeric stimulus/answer input with explicit dependencies; possible arithmetic/reading burden, without student evidence or an assumed direction.",1377918,1377918,1377918,50,NO_APPROVED_CONTROL,False
pg-20-1-3,wed,1,648a6d7d749835fe,1,64bea6aef5e13129,ANALYTIC_WITH_PROBE,True,"[5, 10, 15, 20, 25, 30, 35, 40, 45, 50, 55, 60, 65, 70, 75, 80, 85, 90, 95, 100]",[],POTENTIAL_WORKLOAD,"Numeric stimulus/answer input with explicit dependencies; possible arithmetic/reading burden, without student evidence or an assumed direction.",1377918,1377918,1377918,19,NO_APPROVED_CONTROL,False
pg-20-1-3,thu,1,648a6d7d749835fe,1,64bea6aef5e13129,ANALYTIC_WITH_PROBE,True,"[5, 10, 15, 20, 25, 30, 35, 40, 45, 50, 55, 60, 65, 70, 75, 80, 85, 90, 95]",[],POTENTIAL_WORKLOAD,"Numeric stimulus/answer input with explicit dependencies; possible arithmetic/reading burden, without student evidence or an assumed direction.",1377918,1377918,1377918,20,NO_APPROVED_CONTROL,False
pg-20-1-3,fri,1,648a6d7d749835fe,1,64bea6aef5e13129,ANALYTIC_WITH_PROBE,True,"[5, 10, 15, 20, 25, 30, 35, 40, 45, 50, 55, 60, 65, 70, 75, 80, 85, 90, 95]",[],POTENTIAL_WORKLOAD,"Numeric stimulus/answer input with explicit dependencies; possible arithmetic/reading burden, without student evidence or an assumed direction.",1377918,1377918,1377918,12,NO_APPROVED_CONTROL,False
pg-20-1-4,k,1,ece039b966f1559f,1,9437489651c33c15,EXHAUSTIVE,True,[1],[],NO_EFFECT,"Only one effective value, or no dependency on rendered question/answer.",70,70,70,0,NO_APPROVED_CONTROL,False
pg-20-1-4,t,1,ece039b966f1559f,1,9437489651c33c15,EXHAUSTIVE,True,"[-60, -59, -58, -57, -56, -55, -54, -53, -52, -51, -50, -49, -48, -47, -46, -45, -44, -43, -42, -41, -40, -39, -38, -37, -36, -35, -34, -33, -32, -31, -30, -29, -28, -27, -26, -25, -24, -23, -22, -21, -20, -19, -18, -17, -16, -15, -14, -13, -12, -11, -10, -9, -8, -7, -6, -5, -4, -3, -2, -1, 1, 2, 3, 4, 5, 6, 7, 8, 9, 10]",[],POTENTIAL_WORKLOAD,"Numeric stimulus/answer input with explicit dependencies; possible arithmetic/reading burden, without student evidence or an assumed direction.",70,70,70,1,NO_APPROVED_CONTROL,False
pg-20-1-5,k,1,94ac27a137359eb0,1,3a86454b8b3627e5,EXHAUSTIVE,True,"[1, 2]",[],POTENTIAL_WORKLOAD,"Numeric stimulus/answer input with explicit dependencies; possible arithmetic/reading burden, without student evidence or an assumed direction.",123,123,123,7,NO_APPROVED_CONTROL,False
pg-20-1-5,t,1,94ac27a137359eb0,1,3a86454b8b3627e5,EXHAUSTIVE,True,"[-1, 0, 1, 2, 3, 4, 5, 6, 7, 8, 9, 10, 11, 12, 13, 14, 15, 16, 17, 18, 19, 20, 21, 22, 23, 24, 25, 26, 27, 28, 29, 30, 31, 32, 33, 34, 35, 36, 37, 38, 39, 40, 41, 42, 43, 44, 45, 46, 47, 48, 49, 50, 51, 52, 53, 54, 55, 56, 57, 58, 59, 60]",[],POTENTIAL_WORKLOAD,"Numeric stimulus/answer input with explicit dependencies; possible arithmetic/reading burden, without student evidence or an assumed direction.",123,123,123,114,NO_APPROVED_CONTROL,False
pg-20-2-2,k,1,360c858473091730,1,e42d99965fbce485,EXHAUSTIVE,True,[1],[],NO_EFFECT,"Only one effective value, or no dependency on rendered question/answer.",60,60,60,0,NO_APPROVED_CONTROL,False
pg-20-2-2,t,1,360c858473091730,1,e42d99965fbce485,EXHAUSTIVE,True,"[-60, -59, -58, -57, -56, -55, -54, -53, -52, -51, -50, -49, -48, -47, -46, -45, -44, -43, -42, -41, -40, -39, -38, -37, -36, -35, -34, -33, -32, -31, -30, -29, -28, -27, -26, -25, -24, -23, -22, -21, -20, -19, -18, -17, -16, -15, -14, -13, -12, -11, -10, -9, -8, -7, -6, -5, -4, -3, -2, -1]",[],POTENTIAL_WORKLOAD,"Numeric stimulus/answer input with explicit dependencies; possible arithmetic/reading burden, without student evidence or an assumed direction.",60,60,60,50,NO_APPROVED_CONTROL,False
pg-20-2-3,first,1,a51497f7526b7447,1,e1082650b379fde8,EXHAUSTIVE,True,"[20, 40, 60, 80, 100, 120, 140, 160, 180, 200]",[],NUMERIC_CONTEXT,"Only stimulus/explanation depend on this input, not answer text or correctness; representation signals are separate from a change in the mathematical task.",35,35,35,26,NO_APPROVED_CONTROL,False
pg-20-2-3,rate,1,a51497f7526b7447,1,e1082650b379fde8,EXHAUSTIVE,True,"[40, 60, 75, 100]",[],POTENTIAL_WORKLOAD,"Numeric stimulus/answer input with explicit dependencies; possible arithmetic/reading burden, without student evidence or an assumed direction.",35,35,35,12,NO_APPROVED_CONTROL,False
pg-20-2-4,k,1,3a8548f11f3082ee,1,0b8b39c47334c342,EXHAUSTIVE,True,"[2, 3, 4, 5, 6, 7, 8, 9, 10, 11, 12, 13, 14, 15, 16, 17, 18, 19, 20, 21, 22, 23, 24, 25, 26, 27, 28, 29, 30, 31, 32, 33, 34, 35, 36, 37, 38, 39, 40]",[],POTENTIAL_WORKLOAD,"Numeric stimulus/answer input with explicit dependencies; possible arithmetic/reading burden, without student evidence or an assumed direction.",39,39,39,36,NO_APPROVED_CONTROL,False
pg-20-2-5,k,1,963adee7ed4b8611,1,8e9cfea9505be0ad,EXHAUSTIVE,True,[1],[],NO_EFFECT,"Only one effective value, or no dependency on rendered question/answer.",65,65,65,0,NO_APPROVED_CONTROL,False
pg-20-2-5,t,1,963adee7ed4b8611,1,8e9cfea9505be0ad,EXHAUSTIVE,True,"[-50, -49, -48, -47, -46, -45, -44, -43, -42, -41, -40, -39, -38, -37, -36, -35, -34, -33, -32, -31, -30, -29, -28, -27, -26, -25, -24, -23, -22, -21, -20, -19, -18, -17, -16, -15, -14, -13, -12, -11, -10, -9, -8, -7, -6, -5, -4, -3, -2, -1, 1, 2, 3, 4, 5, 6, 7, 8, 9, 10, 11, 12, 13, 14, 15]",[],POTENTIAL_WORKLOAD,"Numeric stimulus/answer input with explicit dependencies; possible arithmetic/reading burden, without student evidence or an assumed direction.",65,65,65,1,NO_APPROVED_CONTROL,False
pg-20-3-1,a,1,c35231bc51ca30fd,1,1f9b9b5b52958d18,EXHAUSTIVE,True,"[0, 2, 4, 6, 8, 10, 12, 14, 16, 18, 20, 22, 24, 26, 28, 30]",[],POTENTIAL_WORKLOAD,"Numeric stimulus/answer input with explicit dependencies; possible arithmetic/reading burden, without student evidence or an assumed direction.",5201,5201,5201,1008,NO_APPROVED_CONTROL,False
pg-20-3-1,b,1,c35231bc51ca30fd,1,1f9b9b5b52958d18,EXHAUSTIVE,True,"[0, 2, 4, 6, 8, 10, 12, 14, 16, 18, 20, 22, 24, 26, 28, 30]",[],POTENTIAL_WORKLOAD,"Numeric stimulus/answer input with explicit dependencies; possible arithmetic/reading burden, without student evidence or an assumed direction.",5201,5201,5201,1930,NO_APPROVED_CONTROL,False
pg-20-3-1,c,1,c35231bc51ca30fd,1,1f9b9b5b52958d18,EXHAUSTIVE,True,"[0, 2, 4, 6, 8, 10, 12, 14, 16, 18, 20, 22, 24, 26, 28, 30]",[],POTENTIAL_WORKLOAD,"Numeric stimulus/answer input with explicit dependencies; possible arithmetic/reading burden, without student evidence or an assumed direction.",5201,5201,5201,894,NO_APPROVED_CONTROL,False
pg-20-3-1,d,1,c35231bc51ca30fd,1,1f9b9b5b52958d18,EXHAUSTIVE,True,"[0, 2, 4, 6, 8, 10, 12, 14, 16, 18, 20, 22, 24, 26, 28, 30]",[],POTENTIAL_WORKLOAD,"Numeric stimulus/answer input with explicit dependencies; possible arithmetic/reading burden, without student evidence or an assumed direction.",5201,5201,5201,1573,NO_APPROVED_CONTROL,False
pg-20-3-2,jan,1,f981ba366772d929,1,da83e3e3982b1ce2,EXHAUSTIVE,True,"[10, 15, 20, 25, 30, 35, 40, 45, 50, 55, 60, 65, 70, 75, 80, 85, 90, 95, 100, 105, 110, 115, 120, 125, 130, 135, 140, 145, 150]",[],POTENTIAL_WORKLOAD,"Numeric stimulus/answer input with explicit dependencies; possible arithmetic/reading burden, without student evidence or an assumed direction.",47531,47531,47531,7810,NO_APPROVED_CONTROL,False
pg-20-3-2,feb,1,f981ba366772d929,1,da83e3e3982b1ce2,EXHAUSTIVE,True,"[10, 15, 20, 25, 30, 35, 40, 45, 50, 55, 60, 65, 70, 75, 80, 85, 90, 95, 100, 105, 110, 115, 120, 125, 130, 135, 140, 145, 150]",[],POTENTIAL_WORKLOAD,"Numeric stimulus/answer input with explicit dependencies; possible arithmetic/reading burden, without student evidence or an assumed direction.",47531,47531,47531,10285,NO_APPROVED_CONTROL,False
pg-20-3-2,mar,1,f981ba366772d929,1,da83e3e3982b1ce2,EXHAUSTIVE,True,"[10, 15, 20, 25, 30, 35, 40, 45, 50, 55, 60, 65, 70, 75, 80, 85, 90, 95, 100, 105, 110, 115, 120, 125, 130, 135, 140, 145, 150]",[],POTENTIAL_WORKLOAD,"Numeric stimulus/answer input with explicit dependencies; possible arithmetic/reading burden, without student evidence or an assumed direction.",47531,47531,47531,10285,NO_APPROVED_CONTROL,False
pg-20-3-2,apr,1,f981ba366772d929,1,da83e3e3982b1ce2,EXHAUSTIVE,True,"[10, 15, 20, 25, 30, 35, 40, 45, 50, 55, 60, 65, 70, 75, 80, 85, 90, 95, 100, 105, 110, 115, 120, 125, 130, 135, 140, 145, 150]",[],POTENTIAL_WORKLOAD,"Numeric stimulus/answer input with explicit dependencies; possible arithmetic/reading burden, without student evidence or an assumed direction.",47531,47531,47531,7810,NO_APPROVED_CONTROL,False
pg-20-3-3,t,2,0411cebecd0ec59e,1,d73582e40d11de11,EXHAUSTIVE,True,"[-50, -49, -48, -47, -46, -45, -44, -43, -42, -41, -40, -39, -38, -37, -36, -35, -34, -33, -32, -31, -30, -29, -28, -27, -26, -25, -24, -23, -22, -21, -20, -19, -18, -17, -16, -15, -14, -13, -12, -11, -10, -9, -8, -7, -6, -5, -4, -3, -2, -1, 1, 2, 3, 4, 5, 6, 7, 8, 9, 10]",[],NUMERIC_CONTEXT,"Common data translation preserves ordering, gaps and comparison relations; displayed digit changes are recorded separately.",60,60,60,25,NO_APPROVED_CONTROL,False
pg-20-3-4,k,1,525677cbc5a74ee5,1,c8f62324b17196af,EXHAUSTIVE,True,"[2, 3, 4, 5, 6, 7, 8, 9, 10, 11, 12, 13, 14, 15, 16, 17, 18, 19, 20, 21, 22, 23, 24, 25, 26, 27, 28, 29, 30, 31, 32, 33, 34, 35, 36, 37, 38, 39, 40]",[],POTENTIAL_WORKLOAD,"Numeric stimulus/answer input with explicit dependencies; possible arithmetic/reading burden, without student evidence or an assumed direction.",39,39,39,38,NO_APPROVED_CONTROL,False
pg-21-1-1,k,1,1fb10bb81eddbefe,1,5b6bd37649857105,EXHAUSTIVE,True,[1],[],NO_EFFECT,"Only one effective value, or no dependency on rendered question/answer.",70,70,70,0,NO_APPROVED_CONTROL,False
pg-21-1-1,t,1,1fb10bb81eddbefe,1,5b6bd37649857105,EXHAUSTIVE,True,"[-60, -59, -58, -57, -56, -55, -54, -53, -52, -51, -50, -49, -48, -47, -46, -45, -44, -43, -42, -41, -40, -39, -38, -37, -36, -35, -34, -33, -32, -31, -30, -29, -28, -27, -26, -25, -24, -23, -22, -21, -20, -19, -18, -17, -16, -15, -14, -13, -12, -11, -10, -9, -8, -7, -6, -5, -4, -3, -2, -1, 1, 2, 3, 4, 5, 6, 7, 8, 9, 10]",[],POTENTIAL_WORKLOAD,"Numeric stimulus/answer input with explicit dependencies; possible arithmetic/reading burden, without student evidence or an assumed direction.",70,70,70,1,NO_APPROVED_CONTROL,False
pg-21-1-2,k,1,fcb773990258a8a4,1,d9f388ce7889e018,EXHAUSTIVE,True,"[1, 2]",[],POTENTIAL_WORKLOAD,"Numeric stimulus/answer input with explicit dependencies; possible arithmetic/reading burden, without student evidence or an assumed direction.",135,135,135,9,NO_APPROVED_CONTROL,False
pg-21-1-2,t,1,fcb773990258a8a4,1,d9f388ce7889e018,EXHAUSTIVE,True,"[-10, -9, -7, -6, -5, -4, -3, -2, -1, 0, 1, 2, 3, 4, 5, 6, 7, 8, 9, 10, 11, 12, 13, 14, 15, 16, 17, 18, 19, 20, 21, 22, 23, 24, 25, 26, 27, 28, 29, 30, 31, 32, 33, 34, 35, 36, 37, 38, 39, 40, 41, 42, 43, 44, 45, 46, 47, 48, 49, 50, 51, 52, 53, 54, 55, 56, 57, 58, 59, 60]",[],POTENTIAL_WORKLOAD,"Numeric stimulus/answer input with explicit dependencies; possible arithmetic/reading burden, without student evidence or an assumed direction.",135,135,135,128,NO_APPROVED_CONTROL,False
pg-21-1-3,k,1,b33eb2659e576538,1,08a6619dba30da65,EXHAUSTIVE,True,"[1, 2]",[],POTENTIAL_WORKLOAD,"Numeric stimulus/answer input with explicit dependencies; possible arithmetic/reading burden, without student evidence or an assumed direction.",126,126,126,9,NO_APPROVED_CONTROL,False
pg-21-1-3,t,1,b33eb2659e576538,1,08a6619dba30da65,EXHAUSTIVE,True,"[-4, -2, -1, 0, 1, 2, 3, 4, 5, 6, 7, 8, 9, 10, 11, 12, 13, 14, 15, 16, 17, 18, 19, 20, 21, 22, 23, 24, 25, 26, 27, 28, 29, 30, 31, 32, 33, 34, 35, 36, 37, 38, 39, 40, 41, 42, 43, 44, 45, 46, 47, 48, 49, 50, 51, 52, 53, 54, 55, 56, 57, 58, 59, 60]",[],POTENTIAL_WORKLOAD,"Numeric stimulus/answer input with explicit dependencies; possible arithmetic/reading burden, without student evidence or an assumed direction.",126,126,126,120,NO_APPROVED_CONTROL,False
pg-21-1-4,k,1,3fea67b127139732,1,a2348fc667b46e16,EXHAUSTIVE,True,[2],[],NO_EFFECT,"Only one effective value, or no dependency on rendered question/answer.",85,85,85,0,NO_APPROVED_CONTROL,False
pg-21-1-4,t,1,3fea67b127139732,1,a2348fc667b46e16,EXHAUSTIVE,True,"[-24, -23, -22, -21, -20, -19, -18, -17, -16, -15, -14, -13, -12, -11, -10, -9, -8, -7, -6, -5, -4, -3, -2, -1, 0, 1, 2, 3, 4, 5, 6, 7, 8, 9, 10, 11, 12, 13, 14, 15, 16, 17, 18, 19, 20, 21, 22, 23, 24, 25, 26, 27, 28, 29, 30, 31, 32, 33, 34, 35, 36, 37, 38, 39, 40, 41, 42, 43, 44, 45, 46, 47, 48, 49, 50, 51, 52, 53, 54, 55, 56, 57, 58, 59, 60]",[],POTENTIAL_WORKLOAD,"Numeric stimulus/answer input with explicit dependencies; possible arithmetic/reading burden, without student evidence or an assumed direction.",85,85,85,81,NO_APPROVED_CONTROL,False
pg-21-1-5,k,1,e17655e54c0792a9,1,d27398666a50cb07,EXHAUSTIVE,True,[1],[],NO_EFFECT,"Only one effective value, or no dependency on rendered question/answer.",70,70,70,0,NO_APPROVED_CONTROL,False
pg-21-1-5,t,1,e17655e54c0792a9,1,d27398666a50cb07,EXHAUSTIVE,True,"[-60, -59, -58, -57, -56, -55, -54, -53, -52, -51, -50, -49, -48, -47, -46, -45, -44, -43, -42, -41, -40, -39, -38, -37, -36, -35, -34, -33, -32, -31, -30, -29, -28, -27, -26, -25, -24, -23, -22, -21, -20, -19, -18, -17, -16, -15, -14, -13, -12, -11, -10, -9, -8, -7, -6, -5, -4, -3, -2, -1, 1, 2, 3, 4, 5, 6, 7, 8, 9, 10]",[],POTENTIAL_WORKLOAD,"Numeric stimulus/answer input with explicit dependencies; possible arithmetic/reading burden, without student evidence or an assumed direction.",70,70,70,1,NO_APPROVED_CONTROL,False
pg-21-2-1,k,1,13701473f747b1d9,1,2527fc33c29266ad,EXHAUSTIVE,True,[1],[],NO_EFFECT,"Only one effective value, or no dependency on rendered question/answer.",70,70,70,0,NO_APPROVED_CONTROL,False
pg-21-2-1,t,1,13701473f747b1d9,1,2527fc33c29266ad,EXHAUSTIVE,True,"[-60, -59, -58, -57, -56, -55, -54, -53, -52, -51, -50, -49, -48, -47, -46, -45, -44, -43, -42, -41, -40, -39, -38, -37, -36, -35, -34, -33, -32, -31, -30, -29, -28, -27, -26, -25, -24, -23, -22, -21, -20, -19, -18, -17, -16, -15, -14, -13, -12, -11, -10, -9, -8, -7, -6, -5, -4, -3, -2, -1, 1, 2, 3, 4, 5, 6, 7, 8, 9, 10]",[],POTENTIAL_WORKLOAD,"Numeric stimulus/answer input with explicit dependencies; possible arithmetic/reading burden, without student evidence or an assumed direction.",70,70,70,65,NO_APPROVED_CONTROL,False
pg-21-2-2,t,2,b7df70083f67fc7e,1,41ca14e1f399cd34,EXHAUSTIVE,True,"[-50, -49, -48, -47, -46, -45, -44, -43, -42, -41, -40, -39, -38, -37, -36, -35, -34, -33, -32, -31, -30, -29, -28, -27, -26, -25, -24, -23, -22, -21, -20, -19, -18, -17, -16, -15, -14, -13, -12, -11, -10, -9, -8, -7, -6, -5, -4, -3, -2, -1, 1, 2, 3, 4, 5, 6, 7, 8, 9, 10]",[],NUMERIC_CONTEXT,"Common data translation preserves ordering, gaps and comparison relations; displayed digit changes are recorded separately.",60,60,60,0,NO_APPROVED_CONTROL,False
pg-21-2-3,k,1,4f9cda117ff13f4e,1,1b9b8022e10f3c60,EXHAUSTIVE,True,[1],[],NO_EFFECT,"Only one effective value, or no dependency on rendered question/answer.",60,60,60,0,NO_APPROVED_CONTROL,False
pg-21-2-3,t,1,4f9cda117ff13f4e,1,1b9b8022e10f3c60,EXHAUSTIVE,True,"[-50, -49, -48, -47, -46, -45, -44, -43, -42, -41, -40, -39, -38, -37, -36, -35, -34, -33, -32, -31, -30, -29, -28, -27, -26, -25, -24, -23, -22, -21, -20, -19, -18, -17, -16, -15, -14, -13, -12, -11, -10, -9, -8, -7, -6, -5, -4, -3, -2, -1, 1, 2, 3, 4, 5, 6, 7, 8, 9, 10]",[],POTENTIAL_WORKLOAD,"Numeric stimulus/answer input with explicit dependencies; possible arithmetic/reading burden, without student evidence or an assumed direction.",60,60,60,10,NO_APPROVED_CONTROL,False
pg-21-2-4,k,1,9ce683e8f4402f8f,1,8973aa489a18d283,EXHAUSTIVE,True,[2],[],NO_EFFECT,"Only one effective value, or no dependency on rendered question/answer.",85,85,85,0,NO_APPROVED_CONTROL,False
pg-21-2-4,t,1,9ce683e8f4402f8f,1,8973aa489a18d283,EXHAUSTIVE,True,"[-24, -23, -22, -21, -20, -19, -18, -17, -16, -15, -14, -13, -12, -11, -10, -9, -8, -7, -6, -5, -4, -3, -2, -1, 0, 1, 2, 3, 4, 5, 6, 7, 8, 9, 10, 11, 12, 13, 14, 15, 16, 17, 18, 19, 20, 21, 22, 23, 24, 25, 26, 27, 28, 29, 30, 31, 32, 33, 34, 35, 36, 37, 38, 39, 40, 41, 42, 43, 44, 45, 46, 47, 48, 49, 50, 51, 52, 53, 54, 55, 56, 57, 58, 59, 60]",[],POTENTIAL_WORKLOAD,"Numeric stimulus/answer input with explicit dependencies; possible arithmetic/reading burden, without student evidence or an assumed direction.",85,85,85,81,NO_APPROVED_CONTROL,False
pg-21-3-1,n,2,5817f19334104265,1,0111058be24fa5eb,EXHAUSTIVE,True,"[3, 4, 5, 6, 7, 8, 9, 10, 11, 12, 13, 14, 15, 16, 17, 18, 19, 20, 21, 22, 23, 24, 25]",[],POTENTIAL_WORKLOAD,"Numeric stimulus/answer input with explicit dependencies; possible arithmetic/reading burden, without student evidence or an assumed direction.",2054,2054,2054,1338,NO_APPROVED_CONTROL,False
pg-21-3-1,m,2,5817f19334104265,1,0111058be24fa5eb,EXHAUSTIVE,True,"[40, 41, 42, 43, 44, 45, 46, 47, 48, 49, 50, 51, 52, 53, 54, 55, 56, 57, 58, 59, 60, 61, 62, 63, 64, 65, 66, 67, 68, 69, 70, 71, 72, 73, 74, 75, 76, 77, 78, 79, 80, 81, 82, 83, 84, 85]",[],POTENTIAL_WORKLOAD,"Numeric stimulus/answer input with explicit dependencies; possible arithmetic/reading burden, without student evidence or an assumed direction.",2054,2054,2054,349,NO_APPROVED_CONTROL,False
pg-21-3-1,delta,2,5817f19334104265,1,0111058be24fa5eb,EXHAUSTIVE,True,"[1, 2, 3]",[],POTENTIAL_WORKLOAD,"Numeric stimulus/answer input with explicit dependencies; possible arithmetic/reading burden, without student evidence or an assumed direction.",2054,2054,2054,245,NO_APPROVED_CONTROL,False
pg-21-3-2,k,1,2eb87b2ac609a050,1,2ede4a7e1665cec2,EXHAUSTIVE,True,[1],[],NO_EFFECT,"Only one effective value, or no dependency on rendered question/answer.",979,979,979,0,NO_APPROVED_CONTROL,False
pg-21-3-2,t,1,2eb87b2ac609a050,1,2ede4a7e1665cec2,EXHAUSTIVE,True,"[-60, -59, -58, -57, -56, -55, -54, -53, -52, -51, -50, -49, -48, -47, -46, -45, -44, -43, -42, -41, -40, -39, -38, -37, -36, -35, -34, -33, -32, -31, -30, -29, -28, -27, -26, -25, -24, -23, -22, -21, -20, -19, -18, -17, -16, -15, -14, -13, -12, -11, -10, -9, -8, -7, -6, -5, -4, -3, -2, -1, 0, 1, 2, 3, 4, 5, 6, 7, 8, 9, 10]",[],NUMERIC_CONTEXT,"Only stimulus/explanation depend on this input, not answer text or correctness; representation signals are separate from a change in the mathematical task.",979,979,979,909,NO_APPROVED_CONTROL,False
pg-21-3-2,increment,1,2eb87b2ac609a050,1,2ede4a7e1665cec2,EXHAUSTIVE,True,"[1, 2, 3, 4, 6, 7, 8, 9, 10, 11, 12, 13, 14, 15]",[],POTENTIAL_WORKLOAD,"Numeric stimulus/answer input with explicit dependencies; possible arithmetic/reading burden, without student evidence or an assumed direction.",979,979,979,695,NO_APPROVED_CONTROL,False
pg-21-3-3,case,1,77cb2969bb0deafb,1,540508afafb6b2ff,EXHAUSTIVE,True,"[1, 2]",[],CONTENT_PROFILE,Selects a statement/data/role profile. Review the changed claims and reasoning; it is not a proven numeric difficulty control.,132,132,132,6,NO_APPROVED_CONTROL,False
pg-21-3-3,center,1,77cb2969bb0deafb,1,540508afafb6b2ff,EXHAUSTIVE,True,"[0, 1, 2, 3, 4, 5, 6, 7, 8, 9, 10, 11, 12, 13, 14, 15, 16, 17, 18, 19, 20, 21, 22, 23, 24, 25, 26, 27, 28, 29, 30, 31, 32, 33, 34, 35, 36, 37, 38, 39, 40, 41, 42, 43, 44, 45, 46, 47, 48, 49, 50, 51, 52, 53, 54, 55, 56, 57, 58, 59, 60, 61, 62, 63, 64, 65, 66, 67, 68, 69, 70]",[],POTENTIAL_WORKLOAD,"Numeric stimulus/answer input with explicit dependencies; possible arithmetic/reading burden, without student evidence or an assumed direction.",132,132,132,117,NO_APPROVED_CONTROL,False
pg-21-3-4,t,2,a0b9c98805e936f5,1,e52a976752c6496c,EXHAUSTIVE,True,"[-50, -49, -48, -47, -46, -45, -44, -43, -42, -41, -40, -39, -38, -37, -36, -35, -34, -33, -32, -31, -30, -29, -28, -27, -26, -25, -24, -23, -22, -21, -20, -19, -18, -17, -16, -15, -14, -13, -12, -11, -10, -9, -8, -7, -6, -5, -4, -3, -2, -1, 1, 2, 3, 4, 5, 6, 7, 8, 9, 10]",[],NUMERIC_CONTEXT,"Common data translation preserves ordering, gaps and comparison relations; displayed digit changes are recorded separately.",60,60,60,1,NO_APPROVED_CONTROL,False
pg-21-3-5,case,2,daef166154161efd,1,d03309c1472e44c8,EXHAUSTIVE,True,"[1, 2, 3, 4, 5, 6, 7]",[],CONTENT_PROFILE,Selects a statement/data/role profile. Review the changed claims and reasoning; it is not a proven numeric difficulty control.,177,177,177,66,NO_APPROVED_CONTROL,False
pg-21-3-5,t,2,daef166154161efd,1,d03309c1472e44c8,EXHAUSTIVE,True,"[-20, -19, -18, -17, -16, -15, -14, -13, -12, -11, -10, -9, -8, -7, -6, -5, -4, -3, -2, -1, 0, 1, 2, 3, 4, 5, 6, 7, 8, 9, 10, 11, 12, 13, 14, 15, 16, 17, 18, 19, 20]",[],NUMERIC_CONTEXT,"Common data translation preserves ordering, gaps and comparison relations; displayed digit changes are recorded separately.",177,177,177,102,NO_APPROVED_CONTROL,False
pg-22-1-1,case,2,304db1ad93095e3f,1,15f4a75a58dff7fd,EXHAUSTIVE,True,"[1, 2, 3, 4, 5, 6, 7]",[],CONTENT_PROFILE,Selects a statement/data/role profile. Review the changed claims and reasoning; it is not a proven numeric difficulty control.,162,162,162,66,NO_APPROVED_CONTROL,False
pg-22-1-1,t,2,304db1ad93095e3f,1,15f4a75a58dff7fd,EXHAUSTIVE,True,"[-20, -19, -18, -17, -16, -15, -14, -13, -12, -11, -10, -9, -8, -7, -6, -5, -4, -3, -2, -1, 0, 1, 2, 3, 4, 5, 6, 7, 8, 9, 10, 11, 12, 13, 14, 15]",[],NUMERIC_CONTEXT,"Common data translation preserves ordering, gaps and comparison relations; displayed digit changes are recorded separately.",162,162,162,62,NO_APPROVED_CONTROL,False
pg-22-1-2,case,1,4a4ea896b5065e08,1,1e844e9033e38e00,EXHAUSTIVE,True,"[2, 3]",[],CONTENT_PROFILE,Selects a statement/data/role profile. Review the changed claims and reasoning; it is not a proven numeric difficulty control.,142,142,142,9,NO_APPROVED_CONTROL,False
pg-22-1-2,center,1,4a4ea896b5065e08,1,1e844e9033e38e00,EXHAUSTIVE,True,"[30, 31, 32, 33, 34, 35, 36, 37, 38, 39, 40, 41, 42, 43, 44, 45, 46, 47, 48, 49, 50, 51, 52, 53, 54, 55, 56, 57, 58, 59, 60, 61, 62, 63, 64, 65, 66, 67, 68, 69, 70, 71, 72, 73, 74, 75, 76, 77, 78, 79, 80, 81, 82, 83, 84, 85, 86, 87, 88, 89, 90, 91, 92, 93, 94, 95, 96, 97, 98, 99, 100]",[],POTENTIAL_WORKLOAD,"Numeric stimulus/answer input with explicit dependencies; possible arithmetic/reading burden, without student evidence or an assumed direction.",142,142,142,138,NO_APPROVED_CONTROL,False
pg-22-1-3,case,1,4235dfbc62dbfed6,1,cc53759d62bb5a58,EXHAUSTIVE,True,"[1, 2, 3, 5, 6, 7]",[],CONTENT_PROFILE,Selects a statement/data/role profile. Review the changed claims and reasoning; it is not a proven numeric difficulty control.,233,233,233,53,NO_APPROVED_CONTROL,False
pg-22-1-3,center,1,4235dfbc62dbfed6,1,cc53759d62bb5a58,EXHAUSTIVE,True,"[0, 1, 2, 3, 4, 5, 6, 7, 8, 9, 10, 11, 12, 13, 14, 15, 16, 17, 18, 19, 20, 21, 22, 23, 24, 25, 26, 27, 28, 29, 30, 31, 32, 33, 34, 35, 36, 37, 38, 39, 40, 41, 42, 43, 44, 45, 46, 47, 48, 49, 50, 51, 52, 53, 54, 55, 56, 57, 58, 59, 60, 61, 62, 63, 64, 65, 66, 67, 68, 69, 70, 71, 72, 73, 74, 75, 76, 77, 78, 79]",[],POTENTIAL_WORKLOAD,"Numeric stimulus/answer input with explicit dependencies; possible arithmetic/reading burden, without student evidence or an assumed direction.",233,233,233,202,NO_APPROVED_CONTROL,False
pg-22-1-5,case,1,85223ea8bec4e552,1,c512ca07aa08110b,EXHAUSTIVE,True,"[1, 2, 6]",[],CONTENT_PROFILE,Selects a statement/data/role profile. Review the changed claims and reasoning; it is not a proven numeric difficulty control.,203,203,203,14,NO_APPROVED_CONTROL,False
pg-22-1-5,center,1,85223ea8bec4e552,1,c512ca07aa08110b,EXHAUSTIVE,True,"[8, 9, 10, 11, 12, 13, 14, 15, 16, 17, 18, 19, 20, 21, 22, 23, 24, 25, 26, 27, 28, 29, 30, 31, 32, 33, 34, 35, 36, 37, 38, 39, 40, 41, 42, 43, 44, 45, 46, 47, 48, 49, 50, 51, 52, 53, 54, 55, 56, 57, 58, 59, 60, 61, 62, 63, 64, 65, 66, 67, 68, 69, 70, 71, 72, 73, 74, 75, 76, 77, 78, 79, 80, 81, 82, 83, 84, 85]",[],POTENTIAL_WORKLOAD,"Numeric stimulus/answer input with explicit dependencies; possible arithmetic/reading burden, without student evidence or an assumed direction.",203,203,203,181,NO_APPROVED_CONTROL,False
pg-22-2-1,case,1,e8f4d00fa0786bac,1,b32b81443359998b,EXHAUSTIVE,True,"[1, 2, 3, 5, 6]",[],CONTENT_PROFILE,Selects a statement/data/role profile. Review the changed claims and reasoning; it is not a proven numeric difficulty control.,235,235,235,58,NO_APPROVED_CONTROL,False
pg-22-2-1,center,1,e8f4d00fa0786bac,1,b32b81443359998b,EXHAUSTIVE,True,"[0, 1, 2, 3, 4, 5, 6, 7, 8, 9, 10, 11, 12, 13, 14, 15, 16, 17, 18, 19, 20, 21, 22, 23, 24, 25, 26, 27, 28, 29, 30, 31, 32, 33, 34, 35, 36, 37, 38, 39, 40, 41, 42, 43, 44, 45, 46, 47, 48, 49, 50, 51, 52, 53, 54, 55, 56, 57, 58, 59, 60]",[],POTENTIAL_WORKLOAD,"Numeric stimulus/answer input with explicit dependencies; possible arithmetic/reading burden, without student evidence or an assumed direction.",235,235,235,191,NO_APPROVED_CONTROL,False
pg-22-2-2,case,1,28dcb658804f1b2a,1,6068ce93763138d4,EXHAUSTIVE,True,"[1, 2, 3, 6, 7]",[],CONTENT_PROFILE,Selects a statement/data/role profile. Review the changed claims and reasoning; it is not a proven numeric difficulty control.,285,285,285,39,NO_APPROVED_CONTROL,False
pg-22-2-2,center,1,28dcb658804f1b2a,1,6068ce93763138d4,EXHAUSTIVE,True,"[0, 1, 2, 3, 4, 5, 6, 7, 8, 9, 10, 11, 12, 13, 14, 15, 16, 17, 18, 19, 20, 21, 22, 23, 24, 25, 26, 27, 28, 29, 30, 31, 32, 33, 34, 35, 36, 37, 38, 39, 40, 41, 42, 43, 44, 45, 46, 47, 48, 49, 50, 51, 52, 53, 54, 55, 56, 57, 58, 59, 60, 61, 62, 63, 64, 65, 66, 67, 68, 69, 70, 71, 72, 73, 74, 75, 76, 77, 78, 79, 80]",[],POTENTIAL_WORKLOAD,"Numeric stimulus/answer input with explicit dependencies; possible arithmetic/reading burden, without student evidence or an assumed direction.",285,285,285,250,NO_APPROVED_CONTROL,False
pg-22-2-4,case,1,d2fd7ceaf0e833f9,1,4aea081c714ad7f1,EXHAUSTIVE,True,[2],[],NO_EFFECT,"Only one effective value, or no dependency on rendered question/answer.",85,85,85,0,NO_APPROVED_CONTROL,False
pg-22-2-4,center,1,d2fd7ceaf0e833f9,1,4aea081c714ad7f1,EXHAUSTIVE,True,"[0, 1, 2, 3, 4, 5, 6, 7, 8, 9, 10, 11, 12, 13, 14, 15, 16, 17, 18, 19, 20, 21, 22, 23, 24, 25, 26, 27, 28, 29, 30, 31, 32, 33, 34, 35, 36, 37, 38, 39, 40, 41, 42, 43, 44, 45, 46, 47, 48, 49, 50, 51, 52, 53, 54, 55, 56, 57, 58, 59, 60, 61, 62, 63, 64, 65, 66, 67, 68, 69, 70, 71, 72, 73, 74, 75, 76, 77, 78, 79, 80, 81, 82, 83, 84]",[],POTENTIAL_WORKLOAD,"Numeric stimulus/answer input with explicit dependencies; possible arithmetic/reading burden, without student evidence or an assumed direction.",85,85,85,83,NO_APPROVED_CONTROL,False
pg-22-3-1,case,1,e9a0f4b6ca539383,1,023ad4d95912c8e1,EXHAUSTIVE,True,"[1, 2, 3]",[],CONTENT_PROFILE,Selects a statement/data/role profile. Review the changed claims and reasoning; it is not a proven numeric difficulty control.,161,161,161,19,NO_APPROVED_CONTROL,False
pg-22-3-1,center,1,e9a0f4b6ca539383,1,023ad4d95912c8e1,EXHAUSTIVE,True,"[0, 1, 2, 3, 4, 5, 6, 7, 8, 9, 10, 11, 12, 13, 14, 15, 16, 17, 18, 19, 20, 21, 22, 23, 24, 25, 26, 27, 28, 29, 30, 31, 32, 33, 34, 35, 36, 37, 38, 39, 40, 41, 42, 43, 44, 45, 46, 47, 48, 49, 50, 51, 52, 53, 54, 55, 56, 57, 58, 59, 60, 61, 62, 63, 64, 65, 66, 67, 68]",[],POTENTIAL_WORKLOAD,"Numeric stimulus/answer input with explicit dependencies; possible arithmetic/reading burden, without student evidence or an assumed direction.",161,161,161,142,NO_APPROVED_CONTROL,False
pg-22-3-2,ma,1,8abf5cffd080f588,1,117861727716c6f7,EXHAUSTIVE,True,"[40, 41, 42, 43, 44, 45, 46, 47, 48, 49, 50, 51, 52, 53, 54, 55, 56, 57, 58, 59, 60, 61, 62, 63, 64, 65, 66, 67, 68, 69, 70, 71, 72, 73, 74, 75, 76, 77, 78, 79, 80, 81, 82, 83, 84, 85, 86, 87, 88, 89, 90]",[],POTENTIAL_WORKLOAD,"Numeric stimulus/answer input with explicit dependencies; possible arithmetic/reading burden, without student evidence or an assumed direction.",27846,27846,27846,0,NO_APPROVED_CONTROL,False
pg-22-3-2,mb,1,8abf5cffd080f588,1,117861727716c6f7,EXHAUSTIVE,True,"[40, 41, 42, 43, 44, 45, 46, 47, 48, 49, 50, 51, 52, 53, 54, 55, 56, 57, 58, 59, 60, 61, 62, 63, 64, 65, 66, 67, 68, 69, 70, 71, 72, 73, 74, 75, 76, 77, 78, 79, 80, 81, 82, 83, 84, 85, 86, 87, 88, 89, 90]",[],POTENTIAL_WORKLOAD,"Numeric stimulus/answer input with explicit dependencies; possible arithmetic/reading burden, without student evidence or an assumed direction.",27846,27846,27846,0,NO_APPROVED_CONTROL,False
pg-22-3-2,ra,1,8abf5cffd080f588,1,117861727716c6f7,EXHAUSTIVE,True,"[0, 2, 4, 6, 8, 10, 12, 14, 16, 18, 20, 22, 24, 26, 28, 30, 32, 34, 36, 38, 40]",[],POTENTIAL_WORKLOAD,"Numeric stimulus/answer input with explicit dependencies; possible arithmetic/reading burden, without student evidence or an assumed direction.",27846,27846,27846,0,NO_APPROVED_CONTROL,False
pg-22-3-2,rb,1,8abf5cffd080f588,1,117861727716c6f7,EXHAUSTIVE,True,"[0, 2, 4, 6, 8, 10, 12, 14, 16, 18, 20, 22, 24, 26, 28, 30, 32, 34, 36, 38, 40]",[],POTENTIAL_WORKLOAD,"Numeric stimulus/answer input with explicit dependencies; possible arithmetic/reading burden, without student evidence or an assumed direction.",27846,27846,27846,0,NO_APPROVED_CONTROL,False
pg-22-3-3,center,1,ccf7dd7dc2dd844f,1,cd2fc66af6c3c2b3,EXHAUSTIVE,True,"[20, 21, 22, 23, 24, 25, 26, 27, 28, 29, 30, 31, 32, 33, 34, 35, 36, 37, 38, 39, 40, 41, 42, 43, 44, 45, 46, 47, 48, 49, 50, 51, 52, 53, 54, 55, 56, 57, 58, 59, 60, 61, 62, 63, 64, 65, 66, 67, 68, 69, 70, 71, 72, 73, 74, 75, 76, 77, 78, 79, 80]",[],POTENTIAL_WORKLOAD,"Numeric stimulus/answer input with explicit dependencies; possible arithmetic/reading burden, without student evidence or an assumed direction.",14410,14410,14410,6268,NO_APPROVED_CONTROL,False
pg-22-3-3,gap,1,ccf7dd7dc2dd844f,1,cd2fc66af6c3c2b3,EXHAUSTIVE,True,"[5, 10, 15, 20]",[],POTENTIAL_WORKLOAD,"Numeric stimulus/answer input with explicit dependencies; possible arithmetic/reading burden, without student evidence or an assumed direction.",14410,14410,14410,2875,NO_APPROVED_CONTROL,False
pg-22-3-3,shift,1,ccf7dd7dc2dd844f,1,cd2fc66af6c3c2b3,EXHAUSTIVE,True,"[-3, -2, -1, 0, 1, 2, 3, 4, 5]",[],POTENTIAL_WORKLOAD,"Numeric stimulus/answer input with explicit dependencies; possible arithmetic/reading burden, without student evidence or an assumed direction.",14410,14410,14410,0,NO_APPROVED_CONTROL,False
pg-22-3-3,skew,1,ccf7dd7dc2dd844f,1,cd2fc66af6c3c2b3,EXHAUSTIVE,True,"[-19, -18, -17, -16, -15, -14, -13, -12, -11, -10, -9, -8, -7, -6, -5, 1, 2, 3, 4, 5, 6, 7, 8, 9, 10, 11, 12, 13, 14, 15, 16, 17, 18, 19, 20, 21, 22, 23, 24, 25, 26, 27, 28, 29, 30]",[],POTENTIAL_WORKLOAD,"Numeric stimulus/answer input with explicit dependencies; possible arithmetic/reading burden, without student evidence or an assumed direction.",14410,14410,14410,366,NO_APPROVED_CONTROL,False
pg-22-3-4,case,1,4f965243160aa1fb,1,e0aa873ae6992436,EXHAUSTIVE,True,"[1, 4, 5, 7]",[],CONTENT_PROFILE,Selects a statement/data/role profile. Review the changed claims and reasoning; it is not a proven numeric difficulty control.,134,134,134,3,NO_APPROVED_CONTROL,False
pg-22-3-4,center,1,4f965243160aa1fb,1,e0aa873ae6992436,EXHAUSTIVE,True,"[0, 1, 2, 3, 4, 5, 6, 7, 8, 9, 10, 11, 12, 13, 14, 15, 16, 17, 18, 19, 20, 21, 22, 23, 24, 25, 26, 27, 28, 29, 30, 31, 32, 33, 34, 35, 36, 37, 38, 39, 40]",[],POTENTIAL_WORKLOAD,"Numeric stimulus/answer input with explicit dependencies; possible arithmetic/reading burden, without student evidence or an assumed direction.",134,134,134,94,NO_APPROVED_CONTROL,False
pg-23-1-3,c0,1,dc21cd8a50bc9fc2,1,769474e8ec328b0f,EXHAUSTIVE,True,"[1, 2, 3, 4, 5, 6, 7, 8, 9, 10, 11, 12, 13, 14, 15, 16, 17, 18, 19, 20]",[],POTENTIAL_WORKLOAD,"Numeric stimulus/answer input with explicit dependencies; possible arithmetic/reading burden, without student evidence or an assumed direction.",328,328,328,299,NO_APPROVED_CONTROL,False
pg-23-1-3,c1,1,dc21cd8a50bc9fc2,1,769474e8ec328b0f,EXHAUSTIVE,True,"[1, 2, 3, 4, 5, 6, 7, 8, 9, 10, 11, 12, 13, 14, 15, 16, 17, 18, 19, 20]",[],POTENTIAL_WORKLOAD,"Numeric stimulus/answer input with explicit dependencies; possible arithmetic/reading burden, without student evidence or an assumed direction.",328,328,328,282,NO_APPROVED_CONTROL,False
pg-23-1-4,trials,1,0a6e2853a6dae670,1,88275ecf737dbe51,EXHAUSTIVE,True,"[20, 40, 60, 80, 100, 120, 140, 160, 180, 200, 220, 240, 260, 280, 300, 320, 340, 360, 380, 400, 420, 440, 460, 480, 500]",[],POTENTIAL_WORKLOAD,"Numeric stimulus/answer input with explicit dependencies; possible arithmetic/reading burden, without student evidence or an assumed direction.",765,765,765,288,NO_APPROVED_CONTROL,False
pg-23-1-4,observed,1,0a6e2853a6dae670,1,88275ecf737dbe51,EXHAUSTIVE,True,"[2, 3, 4, 5, 6, 7, 8, 9, 10, 11, 12, 13, 14, 15, 16, 17, 18, 19, 20, 21, 22, 23, 24, 25, 26, 27, 28, 29, 30, 31, 32, 33, 34, 35, 36, 37, 38, 39, 40, 41, 42, 43, 44, 45, 46, 47, 48, 49, 50, 51, 52, 53, 54, 55, 56, 57, 58, 59, 60, 61, 62, 63, 64, 65, 66, 67, 68, 69, 70, 71, 72, 73, 74, 75, 76, 77, 78, 79, 80, 81, 82, 83, 84, 85, 86, 87, 88, 89, 90, 91, 92, 93, 94, 95, 96, 98, 99, 100, 102, 104, 105, 106, 108, 110, 111, 112, 114, 115, 116, 117, 118, 119, 120, 121, 122, 123, 124, 125, 126, 128, 129, 130, 132, 133, 134, 135, 136, 138, 140, 141, 142, 143, 144, 145, 146, 147, 148, 150, 152, 153, 154, 155, 156, 158, 159, 160, 161, 162, 164, 165, 166, 168, 169, 170, 171, 172, 174, 175, 176, 177, 178, 180, 182, 183, 184, 185, 186, 187, 188, 189, 190, 192, 195, 196, 198, 200, 201, 204, 205, 207, 208, 209, 210, 212, 213, 215, 216, 219, 220, 221, 222, 224, 225, 228, 230, 231, 232, 234, 235, 236, 237, 238, 240, 242, 243, 244, 245, 246, 247, 248, 249, 250, 252, 253, 255, 256, 258, 260, 261, 264, 265, 266, 267, 268, 270, 272, 273, 275, 276, 279, 280, 282, 284, 285, 286, 288, 289, 290, 292, 294, 295, 296, 299, 300, 304, 305, 306, 308, 310, 312, 315, 316, 320, 322, 323, 324, 325, 328, 330, 332, 335, 336, 340, 342, 344, 345, 348, 350, 352, 355, 356, 357, 360, 361, 364, 365, 368, 370, 372, 374, 375, 376, 378, 380, 384, 385, 390, 391, 395, 396, 399, 400, 405, 408, 410, 414, 415, 418, 420, 425, 430, 432, 435, 437, 440, 445, 450, 455, 456, 460, 465, 470, 475]",[],POTENTIAL_WORKLOAD,"Numeric stimulus/answer input with explicit dependencies; possible arithmetic/reading burden, without student evidence or an assumed direction.",765,765,765,739,NO_APPROVED_CONTROL,False
pg-23-1-5,trials,1,e3d789c5f1fe7160,1,78f3dd0e6f25111c,EXHAUSTIVE,True,"[20, 40, 50, 60, 80, 100, 120, 140, 160, 180, 200, 220, 240, 260, 280, 300, 320, 340, 360, 380, 400, 420, 440, 460, 480, 500]",[],POTENTIAL_WORKLOAD,"Numeric stimulus/answer input with explicit dependencies; possible arithmetic/reading burden, without student evidence or an assumed direction.",802,802,802,298,NO_APPROVED_CONTROL,False
pg-23-1-5,observed,1,e3d789c5f1fe7160,1,78f3dd0e6f25111c,EXHAUSTIVE,True,"[3, 4, 5, 6, 7, 8, 9, 10, 11, 12, 13, 14, 15, 16, 17, 18, 19, 20, 21, 22, 23, 24, 25, 26, 27, 28, 29, 30, 31, 32, 33, 34, 35, 36, 37, 38, 39, 40, 41, 42, 43, 44, 45, 46, 47, 48, 49, 50, 51, 52, 53, 54, 55, 56, 57, 58, 59, 60, 61, 62, 63, 64, 65, 66, 67, 68, 69, 70, 71, 72, 73, 74, 75, 76, 77, 78, 79, 80, 81, 82, 83, 84, 85, 86, 87, 88, 89, 90, 91, 92, 93, 94, 95, 96, 98, 99, 100, 102, 104, 105, 106, 108, 110, 111, 112, 114, 115, 116, 117, 118, 119, 120, 121, 122, 123, 124, 125, 126, 128, 129, 130, 132, 133, 134, 135, 136, 138, 140, 141, 142, 143, 144, 145, 146, 147, 148, 150, 152, 153, 154, 155, 156, 158, 159, 160, 161, 162, 164, 165, 166, 168, 169, 170, 171, 172, 174, 175, 176, 177, 178, 180, 182, 183, 184, 185, 186, 187, 188, 189, 190, 192, 195, 196, 198, 200, 201, 204, 205, 207, 208, 209, 210, 212, 213, 215, 216, 219, 220, 221, 222, 224, 225, 228, 230, 231, 232, 234, 235, 236, 237, 238, 240, 242, 243, 244, 245, 246, 247, 248, 249, 250, 252, 253, 255, 256, 258, 260, 261, 264, 265, 266, 267, 268, 270, 272, 273, 275, 276, 279, 280, 282, 284, 285, 286, 288, 289, 290, 292, 294, 295, 296, 299, 300, 304, 305, 306, 308, 310, 312, 315, 316, 320, 322, 323, 324, 325, 328, 330, 332, 335, 336, 340, 342, 344, 345, 348, 350, 352, 355, 356, 357, 360, 361, 364, 365, 368, 370, 372, 374, 375, 376, 378, 380, 384, 385, 390, 391, 395, 396, 399, 400, 405, 408, 410, 414, 415, 418, 420, 425, 430, 432, 435, 437, 440, 445, 450, 455, 456, 460, 465, 470, 475, 480]",[],POTENTIAL_WORKLOAD,"Numeric stimulus/answer input with explicit dependencies; possible arithmetic/reading burden, without student evidence or an assumed direction.",802,802,802,621,NO_APPROVED_CONTROL,False
pg-23-2-1,c0,1,ff660aee2ee4f02d,1,380d0dc5219de331,EXHAUSTIVE,True,"[1, 2, 3, 4, 5, 6, 7, 8, 9, 10, 11, 12, 13, 14, 15, 16, 17, 18, 19, 20]",[],POTENTIAL_WORKLOAD,"Numeric stimulus/answer input with explicit dependencies; possible arithmetic/reading burden, without student evidence or an assumed direction.",7670,7670,7670,6763,NO_APPROVED_CONTROL,False
pg-23-2-1,c1,1,ff660aee2ee4f02d,1,380d0dc5219de331,EXHAUSTIVE,True,"[1, 2, 3, 4, 5, 6, 7, 8, 9, 10, 11, 12, 13, 14, 15, 16, 17, 18, 19, 20]",[],POTENTIAL_WORKLOAD,"Numeric stimulus/answer input with explicit dependencies; possible arithmetic/reading burden, without student evidence or an assumed direction.",7670,7670,7670,6918,NO_APPROVED_CONTROL,False
pg-23-2-1,c2,1,ff660aee2ee4f02d,1,380d0dc5219de331,EXHAUSTIVE,True,"[1, 2, 3, 4, 5, 6, 7, 8, 9, 10, 11, 12, 13, 14, 15, 16, 17, 18, 19, 20]",[],POTENTIAL_WORKLOAD,"Numeric stimulus/answer input with explicit dependencies; possible arithmetic/reading burden, without student evidence or an assumed direction.",7670,7670,7670,6763,NO_APPROVED_CONTROL,False
pg-23-2-2,c0,1,c7e1f907e8bb1999,1,b30c7372748b7666,EXHAUSTIVE,True,"[1, 2, 3, 4, 5, 6, 7, 8, 9, 10, 11, 12, 13, 14, 15, 16, 17, 18, 19, 20]",[],POTENTIAL_WORKLOAD,"Numeric stimulus/answer input with explicit dependencies; possible arithmetic/reading burden, without student evidence or an assumed direction.",6866,6866,6866,5952,NO_APPROVED_CONTROL,False
pg-23-2-2,c1,1,c7e1f907e8bb1999,1,b30c7372748b7666,EXHAUSTIVE,True,"[1, 2, 3, 4, 5, 6, 7, 8, 9, 10, 11, 12, 13, 14, 15, 16, 17, 18, 19, 20]",[],POTENTIAL_WORKLOAD,"Numeric stimulus/answer input with explicit dependencies; possible arithmetic/reading burden, without student evidence or an assumed direction.",6866,6866,6866,5952,NO_APPROVED_CONTROL,False
pg-23-2-2,c2,1,c7e1f907e8bb1999,1,b30c7372748b7666,EXHAUSTIVE,True,"[1, 2, 3, 4, 5, 6, 7, 8, 9, 10, 11, 12, 13, 14, 15, 16, 17, 18, 19, 20]",[],POTENTIAL_WORKLOAD,"Numeric stimulus/answer input with explicit dependencies; possible arithmetic/reading burden, without student evidence or an assumed direction.",6866,6866,6866,6310,NO_APPROVED_CONTROL,False
pg-23-2-3,trials,1,d268a2cf7c4c59a2,1,56876b5f306f4ee7,EXHAUSTIVE,True,"[12, 18, 24, 30, 36, 42, 48, 54, 66, 72, 78, 84, 90, 96, 102, 108, 114, 120, 126, 132, 138, 144, 150, 156, 162, 168, 174, 180, 186, 192, 198, 204, 210, 216, 222, 228, 234, 240, 246, 252, 258, 264, 270, 276, 282, 288, 294, 300, 306, 312, 318, 324, 330, 336, 342, 348, 354, 360, 366, 372, 378, 384, 390, 396, 402, 408, 414, 420, 426, 432, 438, 444, 450, 456, 462, 468, 474, 480, 486, 492, 498, 504, 510, 516, 522, 528, 534, 540, 546, 552, 558, 564, 570, 576, 582, 588, 594, 600]",[],POTENTIAL_WORKLOAD,"Numeric stimulus/answer input with explicit dependencies; possible arithmetic/reading burden, without student evidence or an assumed direction.",98,98,98,95,NO_APPROVED_CONTROL,False
pg-23-2-4,trials,1,7831f44c22f7ebff,1,41a5338cf74aa9d3,EXHAUSTIVE,True,"[40, 42, 44, 46, 48, 50, 52, 54, 56, 58, 60, 62, 64, 66, 68, 70, 72, 74, 76, 78, 82, 84, 86, 88, 90, 92, 94, 96, 98, 100, 102, 104, 106, 108, 110, 112, 114, 116, 118, 120, 122, 124, 126, 128, 130, 132, 134, 136, 138, 140, 142, 144, 146, 148, 150, 152, 154, 156, 158, 160, 162, 164, 166, 168, 170, 172, 174, 176, 178, 180, 182, 184, 186, 188, 190, 192, 194, 196, 198, 200]",[],POTENTIAL_WORKLOAD,"Numeric stimulus/answer input with explicit dependencies; possible arithmetic/reading burden, without student evidence or an assumed direction.",80,80,80,70,NO_APPROVED_CONTROL,False
pg-23-2-5,trials,1,85963dd25bd26970,1,6652837999adf3ba,EXHAUSTIVE,True,"[20, 40, 50, 60, 80, 100, 120, 140, 160, 180, 200, 220, 240, 260, 280, 300, 320, 340, 360, 380, 400, 420, 440, 460, 480, 500]",[],POTENTIAL_WORKLOAD,"Numeric stimulus/answer input with explicit dependencies; possible arithmetic/reading burden, without student evidence or an assumed direction.",718,718,718,254,NO_APPROVED_CONTROL,False
pg-23-2-5,observed,1,85963dd25bd26970,1,6652837999adf3ba,EXHAUSTIVE,True,"[2, 3, 4, 5, 6, 7, 8, 9, 10, 11, 12, 13, 14, 15, 16, 17, 18, 19, 20, 21, 22, 23, 24, 25, 26, 27, 28, 29, 30, 31, 32, 33, 34, 35, 36, 37, 38, 39, 40, 41, 42, 43, 44, 45, 46, 47, 48, 49, 50, 51, 52, 53, 54, 55, 56, 57, 58, 59, 60, 61, 62, 63, 64, 65, 66, 67, 68, 69, 70, 71, 72, 73, 74, 75, 76, 77, 78, 79, 80, 81, 82, 83, 84, 85, 86, 87, 88, 90, 91, 92, 93, 94, 95, 96, 98, 99, 100, 102, 104, 105, 106, 108, 110, 111, 112, 114, 115, 116, 117, 118, 119, 120, 121, 122, 123, 124, 125, 126, 128, 129, 130, 132, 133, 134, 135, 136, 138, 140, 141, 142, 143, 144, 145, 146, 147, 148, 150, 152, 153, 154, 155, 156, 158, 159, 160, 161, 162, 164, 165, 166, 168, 169, 170, 171, 172, 174, 175, 176, 177, 180, 182, 183, 184, 185, 186, 187, 188, 189, 190, 192, 195, 196, 198, 200, 201, 204, 205, 207, 208, 209, 210, 212, 213, 215, 216, 219, 220, 221, 222, 224, 225, 228, 230, 231, 232, 234, 235, 236, 237, 238, 240, 242, 243, 244, 245, 246, 247, 248, 249, 250, 252, 253, 255, 256, 260, 264, 265, 266, 268, 270, 272, 273, 275, 276, 280, 284, 285, 286, 288, 290, 292, 294, 295, 296, 299, 300, 304, 305, 308, 310, 312, 315, 316, 320, 322, 324, 325, 328, 330, 332, 335, 336, 340, 345, 350, 352, 355, 360, 365, 368, 370, 375, 380, 384, 385, 390, 395, 400, 405, 410, 415, 420]",[],POTENTIAL_WORKLOAD,"Numeric stimulus/answer input with explicit dependencies; possible arithmetic/reading burden, without student evidence or an assumed direction.",718,718,718,647,NO_APPROVED_CONTROL,False
pg-23-3-1,trials,1,59bf7ab03dd1904d,1,0a05c9c6dbd503ea,EXHAUSTIVE,True,"[30, 36, 42, 48, 54, 60, 66, 72, 78, 84, 90, 96, 102, 108, 114, 120, 126, 132, 138, 144, 150, 156, 162, 168, 174, 180, 186, 192, 198, 204, 210, 216, 222, 228, 234, 240, 246, 252, 258, 264, 270, 276, 282, 288, 294, 300, 306, 312, 318, 324, 330, 336, 342, 348, 354, 360]",[],POTENTIAL_WORKLOAD,"Numeric stimulus/answer input with explicit dependencies; possible arithmetic/reading burden, without student evidence or an assumed direction.",9156,9156,9156,2574,NO_APPROVED_CONTROL,False
pg-23-3-1,observed,1,59bf7ab03dd1904d,1,0a05c9c6dbd503ea,EXHAUSTIVE,True,"[5, 6, 7, 8, 9, 10, 11, 12, 13, 14, 15, 16, 17, 18, 19, 20, 21, 22, 23, 24, 25, 26, 27, 28, 29, 30, 31, 32, 33, 34, 35, 36, 37, 38, 39, 40, 41, 42, 43, 44, 45, 46, 47, 48, 49, 50, 51, 52, 53, 54, 55, 56, 57, 58, 59, 60, 61, 62, 63, 64, 65, 66, 67, 68, 69, 70, 71, 72, 73, 74, 75, 76, 77, 78, 79, 80, 81, 82, 83, 84, 85, 86, 87, 88, 89, 90, 91, 92, 93, 94, 95, 96, 97, 98, 99, 100, 101, 102, 103, 104, 105, 106, 107, 108, 109, 110, 111, 112, 113, 114, 115, 116, 117, 118, 119, 120, 121, 122, 123, 124, 125, 126, 127, 128, 129, 130, 131, 132, 133, 134, 135, 136, 137, 138, 139, 140, 141, 142, 143, 144, 145, 146, 147, 148, 149, 150, 151, 152, 153, 154, 155, 156, 157, 158, 159, 160, 161, 162, 163, 164, 165, 166, 167, 168, 169, 170, 171, 172, 173, 174, 175, 176, 177, 178, 179, 180, 181, 182, 183, 184, 185, 186, 187, 188, 189, 190, 191, 192, 193, 194, 195, 196, 197, 198, 199, 200, 201, 202, 203, 204, 205, 206, 207, 208, 209, 210, 211, 212, 213, 214, 215, 216, 217, 218, 219, 220, 221, 222, 223, 224, 225, 226, 227, 228, 229, 230, 231, 232, 233, 234, 235, 236, 237, 238, 239, 240, 241, 242, 243, 244, 245, 246, 247, 248, 249, 250, 251, 252, 253, 254, 255, 256, 257, 258, 259, 260, 261, 262, 263, 264, 265, 266, 267, 268, 269, 270, 271, 272, 273, 274, 275, 276, 277, 278, 279, 280, 281, 282, 283, 284, 285, 286, 287, 288, 289, 290, 291, 292, 293, 294, 295, 296, 297, 298, 299, 300, 301, 302, 303, 304, 305, 306, 307, 308, 309, 310, 311, 312, 313, 314, 315, 316, 317, 318, 319, 320, 321, 322, 323, 324, 325, 326, 327, 328, 329, 330, 331, 332, 333, 334, 335, 336, 337, 338, 339, 340, 341, 342, 343, 344, 345, 346, 347, 348, 349, 350, 351, 352, 353, 354, 355, 356, 357, 358, 359, 360]",[],POTENTIAL_WORKLOAD,"Numeric stimulus/answer input with explicit dependencies; possible arithmetic/reading burden, without student evidence or an assumed direction.",9156,9156,9156,5973,NO_APPROVED_CONTROL,False
pg-23-3-2,trials,2,f947f9d2c2a26489,1,634081e69bf5649e,EXHAUSTIVE,True,"[100, 200, 300, 400, 500, 600, 700, 800, 900, 1000, 1100, 1200, 1300, 1400, 1500]",[],NUMERIC_CONTEXT,"Only stimulus/explanation depend on this input, not answer text or correctness; representation signals are separate from a change in the mathematical task.",1380,1380,1380,1182,NO_APPROVED_CONTROL,False
pg-23-3-2,p,2,f947f9d2c2a26489,1,634081e69bf5649e,EXHAUSTIVE,True,"[6, 7, 8, 9, 10, 11, 12, 13, 14, 15, 16, 17, 18, 19, 20, 21, 22, 23, 24, 25, 26, 27, 28, 29, 30, 31, 32, 33, 34, 35, 36, 37, 38, 39, 40, 41, 42, 43, 44, 45, 46, 47, 48, 49, 51, 52, 54, 55, 56, 57, 58, 59, 60, 61, 62, 63, 64, 65, 66, 67, 68, 69, 70, 71, 72, 73, 74, 75, 76, 77, 78, 79, 80, 81, 82, 83, 84, 85, 86, 87, 88, 89, 90, 91, 92, 93, 94, 95, 96, 97, 98, 99]",[],POTENTIAL_WORKLOAD,"Numeric stimulus/answer input with explicit dependencies; possible arithmetic/reading burden, without student evidence or an assumed direction.",1380,1380,1380,1365,NO_APPROVED_CONTROL,False
pg-23-3-3,trials,1,d58ba3cc10eacf9f,1,6cb8f644c6a3d82b,EXHAUSTIVE,True,"[20, 40, 60, 80, 100, 120, 140, 160, 180, 200, 220, 240, 260, 280, 300, 320, 340, 360, 380, 400, 420, 440, 460, 480, 500]",[],POTENTIAL_WORKLOAD,"Numeric stimulus/answer input with explicit dependencies; possible arithmetic/reading burden, without student evidence or an assumed direction.",850,850,850,316,NO_APPROVED_CONTROL,False
pg-23-3-3,observed,1,d58ba3cc10eacf9f,1,6cb8f644c6a3d82b,EXHAUSTIVE,True,"[1, 2, 3, 4, 5, 6, 7, 8, 9, 10, 11, 12, 13, 14, 15, 16, 17, 18, 19, 20, 21, 22, 23, 24, 25, 26, 27, 28, 29, 30, 31, 32, 33, 34, 35, 36, 37, 38, 39, 40, 41, 42, 43, 44, 45, 46, 47, 48, 49, 50, 51, 52, 53, 54, 55, 56, 57, 58, 59, 60, 61, 62, 63, 64, 65, 66, 67, 68, 69, 70, 71, 72, 73, 74, 75, 76, 77, 78, 79, 80, 81, 82, 83, 84, 85, 86, 87, 88, 89, 90, 91, 92, 93, 94, 95, 96, 97, 98, 99, 100, 102, 104, 105, 106, 108, 110, 111, 112, 114, 115, 116, 117, 118, 119, 120, 121, 122, 123, 124, 125, 126, 128, 129, 130, 132, 133, 134, 135, 136, 138, 140, 141, 142, 143, 144, 145, 146, 147, 148, 150, 152, 153, 154, 155, 156, 158, 159, 160, 161, 162, 164, 165, 166, 168, 169, 170, 171, 172, 174, 175, 176, 177, 178, 180, 182, 183, 184, 185, 186, 187, 188, 189, 190, 192, 194, 195, 196, 198, 200, 201, 204, 205, 207, 208, 209, 210, 212, 213, 215, 216, 219, 220, 221, 222, 224, 225, 228, 230, 231, 232, 234, 235, 236, 237, 238, 240, 242, 243, 244, 245, 246, 247, 248, 249, 250, 252, 253, 255, 256, 258, 260, 261, 264, 265, 266, 267, 268, 270, 272, 273, 275, 276, 279, 280, 282, 284, 285, 286, 288, 289, 290, 291, 292, 294, 295, 296, 299, 300, 304, 305, 306, 308, 310, 312, 315, 316, 320, 322, 323, 324, 325, 328, 330, 332, 335, 336, 340, 342, 344, 345, 348, 350, 352, 355, 356, 357, 360, 361, 364, 365, 368, 370, 372, 374, 375, 376, 378, 380, 384, 385, 388, 390, 391, 392, 395, 396, 399, 400, 405, 408, 410, 414, 415, 418, 420, 425, 430, 432, 435, 437, 440, 445, 450, 455, 456, 460, 465, 470, 475, 480, 485, 490]",[],POTENTIAL_WORKLOAD,"Numeric stimulus/answer input with explicit dependencies; possible arithmetic/reading burden, without student evidence or an assumed direction.",850,850,850,663,NO_APPROVED_CONTROL,False
pg-23-3-4,red,1,e370228548688d03,1,d9f2207b3e871f7a,EXHAUSTIVE,True,"[1, 2, 3, 4, 5, 6, 7, 8, 9, 10, 11, 12, 13, 14, 15, 16, 17, 18, 19, 20]",[],POTENTIAL_WORKLOAD,"Numeric stimulus/answer input with explicit dependencies; possible arithmetic/reading burden, without student evidence or an assumed direction.",1794,1794,1794,1266,NO_APPROVED_CONTROL,False
pg-23-3-4,blue,1,e370228548688d03,1,d9f2207b3e871f7a,EXHAUSTIVE,True,"[1, 2, 3, 4, 5, 6, 7, 8, 9, 10, 11, 12, 13, 14, 15, 16, 17, 18, 19, 20]",[],POTENTIAL_WORKLOAD,"Numeric stimulus/answer input with explicit dependencies; possible arithmetic/reading burden, without student evidence or an assumed direction.",1794,1794,1794,920,NO_APPROVED_CONTROL,False
pg-23-3-4,trials,1,e370228548688d03,1,d9f2207b3e871f7a,EXHAUSTIVE,True,"[40, 60, 80, 100, 120, 140, 160, 180, 200, 220, 240, 260, 280, 300, 320, 340, 360, 380, 400]",[],POTENTIAL_WORKLOAD,"Numeric stimulus/answer input with explicit dependencies; possible arithmetic/reading burden, without student evidence or an assumed direction.",1794,1794,1794,1380,NO_APPROVED_CONTROL,False
pg-23-3-5,trials,2,22ab65cb157d849c,1,8fb3148b50f980d7,EXHAUSTIVE,True,"[30, 60, 90, 120, 150, 180, 210, 240, 270, 300, 330, 360, 390, 420, 450, 480, 510, 540, 570, 600, 630, 660, 690, 720, 750, 780, 810, 840, 870, 900]",[],POTENTIAL_WORKLOAD,"Numeric stimulus/answer input with explicit dependencies; possible arithmetic/reading burden, without student evidence or an assumed direction.",30,30,30,29,NO_APPROVED_CONTROL,False
pg-23-3-5,p,2,22ab65cb157d849c,1,8fb3148b50f980d7,EXHAUSTIVE,True,[6],[],NO_EFFECT,"Only one effective value, or no dependency on rendered question/answer.",30,30,30,0,NO_APPROVED_CONTROL,False
pg-3-1-1,k,1,3b06283f7f866274,1,59d7cba99e22ec31,EXHAUSTIVE,True,"[1, 2, 3, 4, 5, 6, 7, 8, 9, 10, 11, 12, 13, 14, 15, 16, 17, 18, 19, 20, 21, 22, 23, 24, 25, 26, 27, 28, 29, 30, 31, 32, 33, 34, 35, 36, 37, 38, 39, 40, 41, 42, 43, 44, 45, 46, 47, 48, 49, 50, 51, 52, 53, 54, 55, 56, 57, 58, 59, 60, 61, 62, 63, 64, 65, 66, 67, 68, 69, 70, 71, 72, 73, 74, 75, 76, 77, 78, 79, 80]",[],POTENTIAL_WORKLOAD,"Numeric stimulus/answer input with explicit dependencies; possible arithmetic/reading burden, without student evidence or an assumed direction.",80,80,80,21,NO_APPROVED_CONTROL,False
pg-3-1-4,k,1,5f089e6ae7b85edf,1,9cf127319f57f786,EXHAUSTIVE,True,"[1, 2, 3, 4, 5, 6, 7, 8, 9, 10, 11, 12, 13, 14, 15, 16, 17, 18, 19, 20, 21, 22, 23, 24, 25, 26, 27, 28, 29, 30, 31, 32, 33, 34, 35, 36, 37, 38, 39, 40, 41, 42, 43, 44, 45, 46, 47, 48, 49, 50, 51, 52, 53, 54, 55, 56, 57, 58, 59, 60, 61, 62, 63, 64, 65, 66, 67, 68, 69, 70, 71, 72, 73, 74, 75, 76, 77, 78, 79, 80]",[],POTENTIAL_WORKLOAD,"Numeric stimulus/answer input with explicit dependencies; possible arithmetic/reading burden, without student evidence or an assumed direction.",80,80,80,8,NO_APPROVED_CONTROL,False
pg-3-2-1,k,1,cdc68b19f97e8720,1,b87f702a55d74907,EXHAUSTIVE,True,"[1, 2, 3, 4, 5, 6, 7, 8, 9, 10, 11, 12, 13, 14, 15, 16, 17, 18, 19, 20, 21, 22, 23, 24, 25, 26, 27, 28, 29, 30, 31, 32, 33, 34, 35, 36, 37, 38, 39, 40, 41, 42, 43, 44, 45, 46, 47, 48, 49, 50, 51, 52, 53, 54, 55, 56, 57, 58, 59, 60, 61, 62, 63, 64, 65, 66, 67, 68, 69, 70, 71, 72, 73, 74, 75, 76, 77, 78, 79, 80]",[],POTENTIAL_WORKLOAD,"Numeric stimulus/answer input with explicit dependencies; possible arithmetic/reading burden, without student evidence or an assumed direction.",80,80,80,31,NO_APPROVED_CONTROL,False
pg-3-2-5,k,1,83edd577786754c4,1,8d0ea2b9c3330505,EXHAUSTIVE,True,"[1, 2, 3, 4, 7, 8, 9, 10, 11, 12, 13, 14, 17, 18, 19, 20, 21, 22, 23, 24, 25, 26, 30, 31, 32, 33, 34, 35, 36, 37, 38, 39, 40, 44, 45, 46, 47, 48, 49, 50, 51, 52, 53, 54, 55, 56, 60, 61, 62, 63, 64, 65, 66, 67, 68, 69, 70, 71, 72, 73, 74, 79, 80]",[],POTENTIAL_WORKLOAD,"Numeric stimulus/answer input with explicit dependencies; possible arithmetic/reading burden, without student evidence or an assumed direction.",63,63,63,0,NO_APPROVED_CONTROL,False
pg-3-3-1,k,1,23cfaec1607dabfd,1,4d8e2534beecc9f1,EXHAUSTIVE,True,"[1, 3, 5, 7, 9, 11, 13, 15, 17, 19, 21, 23, 25, 27, 29, 31, 33, 35, 37, 39, 41, 43, 45, 47, 49, 51, 53, 55, 57, 59, 61, 63, 65, 67, 69, 71, 73, 75, 77, 79]",[],POTENTIAL_WORKLOAD,"Numeric stimulus/answer input with explicit dependencies; possible arithmetic/reading burden, without student evidence or an assumed direction.",40,40,40,10,NO_APPROVED_CONTROL,False
pg-3-3-2,k,1,5d2a782d1696fbd4,1,5c02d75281753a8b,EXHAUSTIVE,True,"[1, 2, 3, 4, 5, 6, 7, 10, 11, 12, 13, 14, 15, 16, 17, 18, 19, 20, 21, 22, 25, 26, 27, 28, 29, 30, 31, 32, 33, 34, 35, 36, 37, 38, 39, 42, 43, 44, 45, 46, 47, 48, 49, 50, 51, 52, 53, 54, 55, 56, 57, 58, 61, 62, 63, 64, 65, 66, 67, 68, 69, 70, 71, 72, 73, 74, 75, 76, 77, 78, 79]",[],POTENTIAL_WORKLOAD,"Numeric stimulus/answer input with explicit dependencies; possible arithmetic/reading burden, without student evidence or an assumed direction.",71,71,71,21,NO_APPROVED_CONTROL,False
pg-3-3-4,k,1,32fbaebc2583abfd,1,c6c44de34721a128,EXHAUSTIVE,True,"[1, 2, 3, 4, 5, 6, 7, 8, 9, 10, 11, 12, 13, 14, 15, 16, 17, 18, 19, 20, 21, 22, 23, 24, 25, 26, 27, 28, 29, 30, 31, 32, 33, 34, 35, 36, 37, 38, 39, 40, 41, 42, 43, 44, 45, 46, 47, 48, 49, 50, 51, 52, 53, 54, 55, 56, 57, 58, 59, 60, 61, 62, 63, 64, 65, 66, 67, 68, 69, 70, 71, 72, 73, 74, 75, 76, 77, 78, 79, 80]",[],POTENTIAL_WORKLOAD,"Numeric stimulus/answer input with explicit dependencies; possible arithmetic/reading burden, without student evidence or an assumed direction.",80,80,80,79,NO_APPROVED_CONTROL,False
pg-3-3-5,k,1,e928296a51c8ff70,1,f4ae029441505896,EXHAUSTIVE,True,"[4, 14, 15, 16, 17, 18, 25, 26, 27, 28, 29, 30, 31, 32, 33, 34, 37, 38, 39, 40, 41, 42, 43, 44, 45, 46, 47, 48, 49, 50, 51, 52, 53, 54, 55, 56, 57, 58, 59, 60, 61, 62, 63, 64, 65, 66, 67, 68, 69, 70, 71, 72, 73, 74, 75, 76, 77, 78, 79, 80]",[],POTENTIAL_WORKLOAD,"Numeric stimulus/answer input with explicit dependencies; possible arithmetic/reading burden, without student evidence or an assumed direction.",60,60,60,59,NO_APPROVED_CONTROL,False
pg-4-1-2,k,1,4a57428e81a98df0,1,876dedb7c5c01acc,EXHAUSTIVE,True,"[2, 3, 4, 5, 6, 7, 8, 9, 10, 11, 12, 13, 14, 15, 16, 17, 18, 19, 20, 21, 22, 23, 24, 25, 26, 27, 28, 29, 30]",[],POTENTIAL_WORKLOAD,"Numeric stimulus/answer input with explicit dependencies; possible arithmetic/reading burden, without student evidence or an assumed direction.",29,29,29,28,NO_APPROVED_CONTROL,False
pg-4-1-3,p,1,0717aaad57ca5bcc,1,299f4348c5154c02,EXHAUSTIVE,True,"[11, 13, 17, 19, 23, 29, 31, 37, 41, 43, 47, 53, 59, 61, 67, 71, 73, 79, 83, 89, 97, 101, 103, 107, 109]",[],POTENTIAL_WORKLOAD,"Numeric stimulus/answer input with explicit dependencies; possible arithmetic/reading burden, without student evidence or an assumed direction.",25,25,25,22,NO_APPROVED_CONTROL,False
pg-4-1-4,k,1,cbfaa7341b9afa48,1,faca0aef02c655f2,EXHAUSTIVE,True,"[1, 2, 3, 4, 5, 6, 7]",[],POTENTIAL_WORKLOAD,"Numeric stimulus/answer input with explicit dependencies; possible arithmetic/reading burden, without student evidence or an assumed direction.",356,356,356,300,NO_APPROVED_CONTROL,False
pg-4-1-4,t,1,cbfaa7341b9afa48,1,faca0aef02c655f2,EXHAUSTIVE,True,"[0, 1, 2, 3, 4, 5, 6, 7, 8, 9, 10, 11, 12, 13, 14, 15, 16, 17, 18, 19, 20, 21, 22, 23, 24, 25, 26, 27, 28, 29, 30, 31, 32, 33, 34, 35, 36, 37, 38, 39, 40, 41, 42, 43, 44, 45, 46, 47, 48, 49, 50]",[],POTENTIAL_WORKLOAD,"Numeric stimulus/answer input with explicit dependencies; possible arithmetic/reading burden, without student evidence or an assumed direction.",356,356,356,0,NO_APPROVED_CONTROL,False
pg-4-1-5,k,1,c8bb0971e0b205bd,1,205d5d2366e784f9,EXHAUSTIVE,True,"[2, 3, 4, 5, 6, 7, 8, 9, 10, 11, 12, 13, 14, 15, 16, 17, 18, 19, 20, 21, 22, 23, 24, 25, 26, 27, 28, 29, 30]",[],POTENTIAL_WORKLOAD,"Numeric stimulus/answer input with explicit dependencies; possible arithmetic/reading burden, without student evidence or an assumed direction.",29,29,29,26,NO_APPROVED_CONTROL,False
pg-4-2-1,k,1,02c71ffd49fd43da,1,e759d8cff149d656,EXHAUSTIVE,True,"[2, 3, 4, 5, 6, 7, 8, 9, 10, 11, 12, 13, 14, 15, 16, 17, 18, 19, 20, 21, 22, 23, 24, 25, 26, 27, 28, 29, 30]",[],POTENTIAL_WORKLOAD,"Numeric stimulus/answer input with explicit dependencies; possible arithmetic/reading burden, without student evidence or an assumed direction.",29,29,29,28,NO_APPROVED_CONTROL,False
pg-4-2-3,k,1,01bebbf6d72eda4d,1,bc2ffbccb3756848,EXHAUSTIVE,True,"[1, 2, 3, 4, 5, 6, 7]",[],POTENTIAL_WORKLOAD,"Numeric stimulus/answer input with explicit dependencies; possible arithmetic/reading burden, without student evidence or an assumed direction.",356,356,356,153,NO_APPROVED_CONTROL,False
pg-4-2-3,t,1,01bebbf6d72eda4d,1,bc2ffbccb3756848,EXHAUSTIVE,True,"[0, 1, 2, 3, 4, 5, 6, 7, 8, 9, 10, 11, 12, 13, 14, 15, 16, 17, 18, 19, 20, 21, 22, 23, 24, 25, 26, 27, 28, 29, 30, 31, 32, 33, 34, 35, 36, 37, 38, 39, 40, 41, 42, 43, 44, 45, 46, 47, 48, 49, 50]",[],POTENTIAL_WORKLOAD,"Numeric stimulus/answer input with explicit dependencies; possible arithmetic/reading burden, without student evidence or an assumed direction.",356,356,356,0,NO_APPROVED_CONTROL,False
pg-4-2-4,p,1,e8c0daf17bd5b2ad,1,d00d3785ab5aa777,EXHAUSTIVE,True,"[11, 13, 17, 19, 23, 29, 31, 37, 41, 43, 47, 53, 59, 61, 67, 71, 73, 79, 83, 89, 97, 101, 103, 107, 109]",[],POTENTIAL_WORKLOAD,"Numeric stimulus/answer input with explicit dependencies; possible arithmetic/reading burden, without student evidence or an assumed direction.",25,25,25,23,NO_APPROVED_CONTROL,False
pg-4-3-2,p,1,c9b4975f23434870,1,a58240a40e26d374,EXHAUSTIVE,True,"[11, 13, 17, 19, 23, 29, 31, 37, 41, 43, 47, 53, 59, 61, 67, 71, 73, 79, 83, 89, 97, 101, 103, 107, 109]",[],POTENTIAL_WORKLOAD,"Numeric stimulus/answer input with explicit dependencies; possible arithmetic/reading burden, without student evidence or an assumed direction.",25,25,25,4,NO_APPROVED_CONTROL,False
pg-4-3-3,k,1,4b198ba45f03d465,1,ad0e66d5d0945898,EXHAUSTIVE,True,"[2, 3, 4, 5, 6, 7, 8, 9, 10, 11, 12, 13, 14, 15, 16, 17, 18, 19, 20, 21, 22, 23, 24, 25, 26, 27, 28, 29, 30]",[],POTENTIAL_WORKLOAD,"Numeric stimulus/answer input with explicit dependencies; possible arithmetic/reading burden, without student evidence or an assumed direction.",29,29,29,27,NO_APPROVED_CONTROL,False
pg-4-3-4,k,1,c98a8869cd05e858,1,9d9426bdc3b6e4c0,EXHAUSTIVE,True,"[2, 3, 4, 5, 6, 7, 8, 9, 10, 11, 12, 13, 14, 15, 16, 17, 18, 19, 20, 21, 22, 23, 24, 25, 26, 27, 28, 29, 30]",[],POTENTIAL_WORKLOAD,"Numeric stimulus/answer input with explicit dependencies; possible arithmetic/reading burden, without student evidence or an assumed direction.",29,29,29,27,NO_APPROVED_CONTROL,False
pg-4-3-5,p,1,a34d9e03b52f2355,1,e4eaee63357605a8,EXHAUSTIVE,True,"[11, 13, 17, 19, 23, 29, 31, 37, 41, 43, 47, 53, 59, 61, 67, 71, 73, 79, 83, 89, 97, 101, 103, 107, 109]",[],POTENTIAL_WORKLOAD,"Numeric stimulus/answer input with explicit dependencies; possible arithmetic/reading burden, without student evidence or an assumed direction.",25,25,25,4,NO_APPROVED_CONTROL,False
pg-5-1-1,p,1,dfe15e500ce51f1f,1,1f4be71839f105be,EXHAUSTIVE,True,"[5, 6, 7, 8, 9, 10, 11]",[],POTENTIAL_WORKLOAD,"Numeric stimulus/answer input with explicit dependencies; possible arithmetic/reading burden, without student evidence or an assumed direction.",260,260,260,118,NO_APPROVED_CONTROL,False
pg-5-1-1,q,1,dfe15e500ce51f1f,1,1f4be71839f105be,EXHAUSTIVE,True,"[2, 3, 4, 5, 6, 7, 8, 9]",[],POTENTIAL_WORKLOAD,"Numeric stimulus/answer input with explicit dependencies; possible arithmetic/reading burden, without student evidence or an assumed direction.",260,260,260,119,NO_APPROVED_CONTROL,False
pg-5-1-1,scale,1,dfe15e500ce51f1f,1,1f4be71839f105be,EXHAUSTIVE,True,"[1.5, 2, 2.5, 3, 3.5, 4, 4.5, 5, 5.5, 6]",[],NUMERIC_CONTEXT,"Only stimulus/explanation depend on this input, not answer text or correctness; representation signals are separate from a change in the mathematical task.",260,260,260,189,NO_APPROVED_CONTROL,False
pg-5-1-2,distance,1,6881bbf45d7340aa,1,168daff6d4fe1591,EXHAUSTIVE,True,"[9, 10, 11, 12, 13, 14, 16, 17, 18, 19, 20, 21, 22, 23, 24, 25, 26, 27, 28, 29, 30, 31, 32, 33, 34, 35, 36]",[],POTENTIAL_WORKLOAD,"Numeric stimulus/answer input with explicit dependencies; possible arithmetic/reading burden, without student evidence or an assumed direction.",243,243,243,234,NO_APPROVED_CONTROL,False
pg-5-1-2,scale,1,6881bbf45d7340aa,1,168daff6d4fe1591,EXHAUSTIVE,True,"[100, 150, 200, 250, 300, 350, 400, 450, 500]",[],NUMERIC_CONTEXT,"Only stimulus/explanation depend on this input, not answer text or correctness; representation signals are separate from a change in the mathematical task.",243,243,243,99,NO_APPROVED_CONTROL,False
pg-5-1-3,rate,1,4ac66e1a238c9ef6,1,3370836b4fa3cf92,EXHAUSTIVE,True,"[12, 13, 14, 15, 16, 17, 18, 19, 20, 21, 22, 23, 24, 26, 27, 28, 29, 30, 31, 32, 33, 34, 35, 36, 37, 38, 39, 40, 41, 42, 43, 44, 45]",[],POTENTIAL_WORKLOAD,"Numeric stimulus/answer input with explicit dependencies; possible arithmetic/reading burden, without student evidence or an assumed direction.",33,33,33,30,NO_APPROVED_CONTROL,False
pg-5-1-4,unit,1,5356537283059bf5,1,8c864945519661bd,EXHAUSTIVE,True,"[2500, 2600, 2700, 2800, 2900, 3000, 3100, 3200, 3300, 3400, 3500, 3600, 3700, 3800, 3900, 4000, 4100, 4200, 4300, 4400, 4500, 4600, 4700, 4800, 4900, 5000, 5100, 5200, 5300, 5400, 5500, 5600, 5700, 5800, 5900, 6000, 6100, 6200, 6300, 6400, 6500, 6600, 6700, 6800, 6900, 7000, 7100, 7200, 7300, 7400, 7500]",[],POTENTIAL_WORKLOAD,"Numeric stimulus/answer input with explicit dependencies; possible arithmetic/reading burden, without student evidence or an assumed direction.",2835,2835,2835,0,NO_APPROVED_CONTROL,False
pg-5-1-4,a,1,5356537283059bf5,1,8c864945519661bd,EXHAUSTIVE,True,"[4, 5, 6, 7, 8, 9, 10]",[],NUMERIC_CONTEXT,"Only stimulus/explanation depend on this input, not answer text or correctness; representation signals are separate from a change in the mathematical task.",2835,2835,2835,405,NO_APPROVED_CONTROL,False
pg-5-1-4,b,1,5356537283059bf5,1,8c864945519661bd,EXHAUSTIVE,True,"[5, 6, 7, 8, 9, 10, 11, 12]",[],POTENTIAL_WORKLOAD,"Numeric stimulus/answer input with explicit dependencies; possible arithmetic/reading burden, without student evidence or an assumed direction.",2835,2835,2835,1071,NO_APPROVED_CONTROL,False
pg-5-2-1,p,1,0751b4974d5b67a1,1,f3bfb508803a7c21,EXHAUSTIVE,True,"[4, 5, 6, 7, 8, 9, 10, 11]",[],POTENTIAL_WORKLOAD,"Numeric stimulus/answer input with explicit dependencies; possible arithmetic/reading burden, without student evidence or an assumed direction.",270,270,270,118,NO_APPROVED_CONTROL,False
pg-5-2-1,q,1,0751b4974d5b67a1,1,f3bfb508803a7c21,EXHAUSTIVE,True,"[2, 3, 4, 5, 6, 7, 8, 9]",[],POTENTIAL_WORKLOAD,"Numeric stimulus/answer input with explicit dependencies; possible arithmetic/reading burden, without student evidence or an assumed direction.",270,270,270,113,NO_APPROVED_CONTROL,False
pg-5-2-1,scale,1,0751b4974d5b67a1,1,f3bfb508803a7c21,EXHAUSTIVE,True,"[1.5, 2, 2.5, 3, 3.5, 4, 4.5, 5, 5.5, 6]",[],NUMERIC_CONTEXT,"Only stimulus/explanation depend on this input, not answer text or correctness; representation signals are separate from a change in the mathematical task.",270,270,270,198,NO_APPROVED_CONTROL,False
pg-5-2-2,distance,1,063865d3ecb073ce,1,5b7888be95b10968,EXHAUSTIVE,True,"[9, 10, 11, 12, 13, 14, 15, 16, 17, 19, 20, 21, 22, 23, 24, 25, 26, 27, 28, 29, 30, 31, 32, 33, 34, 35, 36]",[],POTENTIAL_WORKLOAD,"Numeric stimulus/answer input with explicit dependencies; possible arithmetic/reading burden, without student evidence or an assumed direction.",243,243,243,234,NO_APPROVED_CONTROL,False
pg-5-2-2,scale,1,063865d3ecb073ce,1,5b7888be95b10968,EXHAUSTIVE,True,"[100, 150, 200, 250, 300, 350, 400, 450, 500]",[],NUMERIC_CONTEXT,"Only stimulus/explanation depend on this input, not answer text or correctness; representation signals are separate from a change in the mathematical task.",243,243,243,103,NO_APPROVED_CONTROL,False
pg-5-2-3,rate,1,38d312218d2b11d1,1,9ffba514919b3d43,EXHAUSTIVE,True,"[12, 13, 14, 15, 16, 17, 19, 20, 21, 22, 23, 24, 25, 26, 27, 28, 29, 30, 31, 32, 33, 34, 35, 36, 37, 38, 39, 40, 41, 42, 43, 44, 45]",[],POTENTIAL_WORKLOAD,"Numeric stimulus/answer input with explicit dependencies; possible arithmetic/reading burden, without student evidence or an assumed direction.",33,33,33,32,NO_APPROVED_CONTROL,False
pg-5-2-5,rate,1,8e5439a7463615ab,1,c466bbfa6f44c535,EXHAUSTIVE,True,"[20, 22, 24, 26, 28, 30, 32, 34, 36, 38, 40, 42, 44, 46, 48, 50, 52, 54, 56, 58, 60]",[],POTENTIAL_WORKLOAD,"Numeric stimulus/answer input with explicit dependencies; possible arithmetic/reading burden, without student evidence or an assumed direction.",250,250,250,214,NO_APPROVED_CONTROL,False
pg-5-2-5,fuel,1,8e5439a7463615ab,1,c466bbfa6f44c535,EXHAUSTIVE,True,"[6.5, 7, 7.5, 8, 8.5, 9, 9.5, 10, 10.5, 11, 11.5, 12]",[],POTENTIAL_WORKLOAD,"Numeric stimulus/answer input with explicit dependencies; possible arithmetic/reading burden, without student evidence or an assumed direction.",250,250,250,167,NO_APPROVED_CONTROL,False
pg-5-3-1,p,1,ea93e9cd8e9a9ab5,1,3a089c362c18352c,EXHAUSTIVE,True,"[1, 3, 5]",[],NUMERIC_CONTEXT,"Only stimulus/explanation depend on this input, not answer text or correctness; representation signals are separate from a change in the mathematical task.",3900,3900,3900,1220,NO_APPROVED_CONTROL,False
pg-5-3-1,q,1,ea93e9cd8e9a9ab5,1,3a089c362c18352c,EXHAUSTIVE,True,"[2, 3, 4, 5, 6, 7, 8, 9]",[],NUMERIC_CONTEXT,"Only stimulus/explanation depend on this input, not answer text or correctness; representation signals are separate from a change in the mathematical task.",3900,3900,3900,2407,NO_APPROVED_CONTROL,False
pg-5-3-1,first,1,ea93e9cd8e9a9ab5,1,3a089c362c18352c,EXHAUSTIVE,True,"[5, 5.5, 6, 6.5, 7, 7.5, 8, 8.5, 9, 9.5, 10, 10.5, 11, 11.5, 12, 12.5, 13, 13.5, 14, 14.5, 15]",[],NUMERIC_CONTEXT,"Only stimulus/explanation depend on this input, not answer text or correctness; representation signals are separate from a change in the mathematical task.",3900,3900,3900,3106,NO_APPROVED_CONTROL,False
pg-5-3-1,second,1,ea93e9cd8e9a9ab5,1,3a089c362c18352c,EXHAUSTIVE,True,"[10, 11, 12, 13, 14, 15, 16, 17, 18, 19, 20, 21, 22, 23, 24, 25]",[],NUMERIC_CONTEXT,"Only stimulus/explanation depend on this input, not answer text or correctness; representation signals are separate from a change in the mathematical task.",3900,3900,3900,2206,NO_APPROVED_CONTROL,False
pg-5-3-1,delta,1,ea93e9cd8e9a9ab5,1,3a089c362c18352c,EXHAUSTIVE,True,[1],[],NO_EFFECT,"Only one effective value, or no dependency on rendered question/answer.",3900,3900,3900,0,NO_APPROVED_CONTROL,False
pg-5-3-2,scale,1,7d8235c7a17cb2f2,1,9935d64c85930764,EXHAUSTIVE,True,"[200, 220, 240, 260, 280, 300, 320, 340, 360, 380, 400, 420, 440, 460, 480, 500, 520, 540, 560, 580, 600, 620, 640, 660, 680, 700, 720, 740, 760, 780, 800, 820, 840, 860, 880, 900, 920, 940, 960, 980, 1000]",[],POTENTIAL_WORKLOAD,"Numeric stimulus/answer input with explicit dependencies; possible arithmetic/reading burden, without student evidence or an assumed direction.",257,257,257,153,NO_APPROVED_CONTROL,False
pg-5-3-2,length,1,7d8235c7a17cb2f2,1,9935d64c85930764,EXHAUSTIVE,True,"[4, 5, 6, 7, 8, 9, 10]",[],NUMERIC_CONTEXT,"Only stimulus/explanation depend on this input, not answer text or correctness; representation signals are separate from a change in the mathematical task.",257,257,257,47,NO_APPROVED_CONTROL,False
pg-5-3-2,factor,1,7d8235c7a17cb2f2,1,9935d64c85930764,EXHAUSTIVE,True,"[2, 3, 4]",[],POTENTIAL_WORKLOAD,"Numeric stimulus/answer input with explicit dependencies; possible arithmetic/reading burden, without student evidence or an assumed direction.",257,257,257,125,NO_APPROVED_CONTROL,False
pg-5-3-4,a,1,7c623541f5c09ddc,1,f68e23de0b610aa8,EXHAUSTIVE,True,"[3500, 3600, 3700, 3800, 3900, 4000, 4100, 4200, 4300, 4400, 4500, 4600, 4700, 4800, 4900, 5000, 5100, 5200, 5300, 5400, 5500, 5600, 5700, 5800, 5900, 6000, 6100, 6200, 6300, 6400, 6500]",[],NUMERIC_CONTEXT,"Only stimulus/explanation depend on this input, not answer text or correctness; representation signals are separate from a change in the mathematical task.",279,279,279,0,NO_APPROVED_CONTROL,False
pg-5-3-4,gap,1,7c623541f5c09ddc,1,f68e23de0b610aa8,EXHAUSTIVE,True,"[100, 200, 400, 500, 600, 700, 800, 900, 1000]",[],POTENTIAL_WORKLOAD,"Numeric stimulus/answer input with explicit dependencies; possible arithmetic/reading burden, without student evidence or an assumed direction.",279,279,279,93,NO_APPROVED_CONTROL,False
pg-5-3-5,rate,1,6d651bcc82a8412f,1,8ec8c2bff342476b,EXHAUSTIVE,True,"[20, 21, 22, 23, 24, 25, 26, 27, 28, 29, 30, 31, 32, 33, 34, 35, 36, 37, 38, 39, 40, 41, 42, 43, 44, 45, 46, 47, 48, 49, 50, 51, 52, 53, 54, 55, 56, 57, 58, 59, 60, 61, 62, 63, 64, 65, 66, 67, 68, 69, 70, 71, 72, 73, 74, 75, 76, 77, 78, 79, 80]",[],POTENTIAL_WORKLOAD,"Numeric stimulus/answer input with explicit dependencies; possible arithmetic/reading burden, without student evidence or an assumed direction.",483,483,483,446,NO_APPROVED_CONTROL,False
pg-5-3-5,time,1,6d651bcc82a8412f,1,8ec8c2bff342476b,EXHAUSTIVE,True,"[5, 6, 7, 8, 9, 10, 11, 12]",[],POTENTIAL_WORKLOAD,"Numeric stimulus/answer input with explicit dependencies; possible arithmetic/reading burden, without student evidence or an assumed direction.",483,483,483,209,NO_APPROVED_CONTROL,False
pg-6-1-1,k,1,f4efe4dd4c6416fa,1,1efa0b5acd788593,EXHAUSTIVE,True,"[2, 3, 4, 5, 6, 7, 8, 9, 10, 11, 12, 13, 14, 15, 16, 17, 18, 19, 20, 21, 22, 23, 24, 25, 26, 27, 28, 29, 30, 31, 32, 33, 34, 35, 36, 37, 38, 39, 40]",[],POTENTIAL_WORKLOAD,"Numeric stimulus/answer input with explicit dependencies; possible arithmetic/reading burden, without student evidence or an assumed direction.",39,39,39,38,NO_APPROVED_CONTROL,False
pg-6-1-2,k,1,6608e5547a5ce001,1,a3bb0aa04d4b660b,EXHAUSTIVE,True,"[0.5, 0.55, 0.6, 0.65, 0.7, 0.75, 0.8, 0.85, 0.9, 0.95, 1.05, 1.1, 1.15, 1.2, 1.25, 1.3, 1.35, 1.4, 1.45, 1.5, 1.55, 1.6, 1.65, 1.7, 1.75, 1.8, 1.85, 1.9, 1.95, 2, 2.05, 2.1, 2.15, 2.2, 2.25, 2.3, 2.35, 2.4, 2.45, 2.5]",[],POTENTIAL_WORKLOAD,"Numeric stimulus/answer input with explicit dependencies; possible arithmetic/reading burden, without student evidence or an assumed direction.",40,40,40,39,NO_APPROVED_CONTROL,False
pg-6-1-3,k,1,5771e06449c04077,1,f1a807074b8df7b2,EXHAUSTIVE,True,"[2, 3, 4, 5, 6, 7, 8, 9, 10, 11, 12, 13, 14, 15, 16, 17, 18, 19, 20, 21, 22, 23, 24, 25, 26, 27, 28, 29, 30, 31, 32, 33, 34, 35, 36, 37, 38, 39, 40]",[],POTENTIAL_WORKLOAD,"Numeric stimulus/answer input with explicit dependencies; possible arithmetic/reading burden, without student evidence or an assumed direction.",39,39,39,38,NO_APPROVED_CONTROL,False
pg-6-1-4,k,1,73447322680db17d,1,acc5238a4a539e60,EXHAUSTIVE,True,"[2, 3, 4, 5, 6, 7, 8, 9, 10, 11, 12, 13, 14, 15, 16, 17, 18, 19, 20, 21, 22, 23, 24, 25, 26, 27, 28, 29, 30, 31, 32, 33, 34, 35, 36, 37, 38, 39, 40]",[],POTENTIAL_WORKLOAD,"Numeric stimulus/answer input with explicit dependencies; possible arithmetic/reading burden, without student evidence or an assumed direction.",39,39,39,37,NO_APPROVED_CONTROL,False
pg-6-1-5,k,2,6ede7b7f5016786a,1,69a339b188edc589,EXHAUSTIVE,True,"[2, 3, 4, 5, 6, 7, 8, 9, 10, 11, 12, 13, 14, 15, 16, 17, 18, 19, 20, 21, 22, 23, 24, 25, 26, 27, 28, 29, 30, 31, 32, 33, 34, 35, 36, 37, 38, 39, 40]",[],POTENTIAL_WORKLOAD,"Numeric stimulus/answer input with explicit dependencies; possible arithmetic/reading burden, without student evidence or an assumed direction.",39,39,39,38,NO_APPROVED_CONTROL,False
pg-6-2-1,k,1,fba4b21905ae1056,1,3e3da10b29b3295a,EXHAUSTIVE,True,"[2, 3, 4, 5, 6, 7, 8, 9, 10, 11, 12, 13, 14, 15, 16, 17, 18, 19, 20, 21, 22, 23, 24, 25, 26, 27, 28, 29, 30, 31, 32, 33, 34, 35, 36, 37, 38, 39, 40]",[],POTENTIAL_WORKLOAD,"Numeric stimulus/answer input with explicit dependencies; possible arithmetic/reading burden, without student evidence or an assumed direction.",39,39,39,38,NO_APPROVED_CONTROL,False
pg-6-2-2,k,1,ab95515442b67099,1,8519f466311d94af,EXHAUSTIVE,True,"[0.5, 0.55, 0.6, 0.65, 0.7, 0.75, 0.8, 0.85, 0.9, 0.95, 1.05, 1.1, 1.15, 1.2, 1.25, 1.3, 1.35, 1.4, 1.45, 1.5, 1.55, 1.6, 1.65, 1.7, 1.75, 1.8, 1.85, 1.9, 1.95, 2, 2.05, 2.1, 2.15, 2.2, 2.25, 2.3, 2.35, 2.4, 2.45, 2.5]",[],POTENTIAL_WORKLOAD,"Numeric stimulus/answer input with explicit dependencies; possible arithmetic/reading burden, without student evidence or an assumed direction.",40,40,40,39,NO_APPROVED_CONTROL,False
pg-6-2-3,k,1,1fc986de9411b0d7,1,85e4650d7cf6d52e,EXHAUSTIVE,True,"[2, 3, 4, 5, 6, 7, 8, 9, 10, 11, 12, 13, 14, 15, 16, 17, 18, 19, 20, 21, 22, 23, 24, 25, 26, 27, 28, 29, 30, 31, 32, 33, 34, 35, 36, 37, 38, 39, 40]",[],POTENTIAL_WORKLOAD,"Numeric stimulus/answer input with explicit dependencies; possible arithmetic/reading burden, without student evidence or an assumed direction.",39,39,39,36,NO_APPROVED_CONTROL,False
pg-6-2-4,k,1,31549b4bb8c3ea0e,1,34aa01d2f8e1b917,EXHAUSTIVE,True,"[2, 3, 4, 5, 6, 7, 8, 9, 10, 11, 12, 13, 14, 15, 16, 17, 18, 19, 20, 21, 22, 23, 24, 25, 26, 27, 28, 29, 30, 31, 32, 33, 34, 35, 36, 37, 38, 39, 40]",[],POTENTIAL_WORKLOAD,"Numeric stimulus/answer input with explicit dependencies; possible arithmetic/reading burden, without student evidence or an assumed direction.",39,39,39,38,NO_APPROVED_CONTROL,False
pg-6-2-5,k,1,e23e00ed125a103a,1,04848c110098b0fd,EXHAUSTIVE,True,"[2, 3, 4, 5, 6, 7, 8, 9, 10, 11, 12, 13, 14, 15, 16, 17, 18, 19, 20, 21, 22, 23, 24, 25, 26, 27, 28, 29, 30, 31, 32, 33, 34, 35, 36, 37, 38, 39, 40]",[],POTENTIAL_WORKLOAD,"Numeric stimulus/answer input with explicit dependencies; possible arithmetic/reading burden, without student evidence or an assumed direction.",39,39,39,38,NO_APPROVED_CONTROL,False
pg-6-3-1,k,1,30b08d6b8efeb5ac,1,ca53a4ae8cd8f5f0,EXHAUSTIVE,True,"[2, 3, 4, 5, 6, 7, 8, 9, 10, 11, 12, 13, 14, 15, 16, 17, 18, 19, 20, 21, 22, 23, 24, 25, 26, 27, 28, 29, 30, 31, 32, 33, 34, 35, 36, 37, 38, 39, 40]",[],POTENTIAL_WORKLOAD,"Numeric stimulus/answer input with explicit dependencies; possible arithmetic/reading burden, without student evidence or an assumed direction.",39,39,39,38,NO_APPROVED_CONTROL,False
pg-6-3-2,k,1,256a6d22c3a0d08b,1,fc24674f433ad2cb,EXHAUSTIVE,True,"[2, 3, 4, 5, 6, 7, 8, 9, 10, 11, 12, 13, 14, 15, 16, 17, 18, 19, 20, 21, 22, 23, 24, 25, 26, 27, 28, 29, 30, 31, 32, 33, 34, 35, 36, 37, 38, 39, 40]",[],POTENTIAL_WORKLOAD,"Numeric stimulus/answer input with explicit dependencies; possible arithmetic/reading burden, without student evidence or an assumed direction.",39,39,39,38,NO_APPROVED_CONTROL,False
pg-6-3-3,k,1,ce77f9297c0c5c68,1,5d20319ceba4b482,EXHAUSTIVE,True,"[2, 3, 4, 5, 6, 7, 8, 9, 10, 11, 12, 13, 14, 15, 16, 17, 18, 19, 20, 21, 22, 23, 24, 25, 26, 27, 28, 29, 30, 31, 32, 33, 34, 35, 36, 37, 38, 39, 40]",[],POTENTIAL_WORKLOAD,"Numeric stimulus/answer input with explicit dependencies; possible arithmetic/reading burden, without student evidence or an assumed direction.",39,39,39,38,NO_APPROVED_CONTROL,False
pg-6-3-4,k,1,5caca2abff6181b5,1,51797a23327ab51a,EXHAUSTIVE,True,"[0.5, 0.55, 0.6, 0.65, 0.7, 0.75, 0.8, 0.85, 0.9, 0.95, 1.05, 1.1, 1.15, 1.2, 1.25, 1.3, 1.35, 1.4, 1.45, 1.5, 1.55, 1.6, 1.65, 1.7, 1.75, 1.8, 1.85, 1.9, 1.95, 2, 2.05, 2.1, 2.15, 2.2, 2.25, 2.3, 2.35, 2.4, 2.45, 2.5]",[],POTENTIAL_WORKLOAD,"Numeric stimulus/answer input with explicit dependencies; possible arithmetic/reading burden, without student evidence or an assumed direction.",40,40,40,39,NO_APPROVED_CONTROL,False
pg-6-3-5,k,1,844f7aaa6837c2ca,1,42165557d396281d,EXHAUSTIVE,True,"[2, 3, 4, 5, 6, 7, 8, 9, 10, 11, 12, 13, 14, 15, 16, 17, 18, 19, 20, 21, 22, 23, 24, 25, 26, 27, 28, 29, 30, 31, 32, 33, 34, 35, 36, 37, 38, 39, 40]",[],POTENTIAL_WORKLOAD,"Numeric stimulus/answer input with explicit dependencies; possible arithmetic/reading burden, without student evidence or an assumed direction.",39,39,39,38,NO_APPROVED_CONTROL,False
pg-7-1-1,k,1,2cc9cc3f6b5d0095,1,7a5a067d0ceac383,EXHAUSTIVE,True,"[2, 3, 4, 5, 6, 7, 8, 9, 10, 11, 12, 13, 14, 15, 16, 17, 18, 19, 20, 21, 22, 23, 24, 25, 26, 27, 28, 29, 30, 31, 32, 33, 34, 35, 36, 37, 38, 39, 40]",[],POTENTIAL_WORKLOAD,"Numeric stimulus/answer input with explicit dependencies; possible arithmetic/reading burden, without student evidence or an assumed direction.",39,39,39,32,NO_APPROVED_CONTROL,False
pg-7-1-2,k,2,ced051982b33e575,1,8961052ee00d90df,EXHAUSTIVE,True,"[2, 3, 4, 5, 6, 7, 8, 9, 10, 11, 12, 13, 14, 15, 16, 17, 18, 19, 20, 21, 22, 23, 24, 25, 26, 27, 28, 29, 30, 31, 32, 33, 34, 35, 36, 37, 38, 39, 40]",[],POTENTIAL_WORKLOAD,"Numeric stimulus/answer input with explicit dependencies; possible arithmetic/reading burden, without student evidence or an assumed direction.",39,39,39,18,NO_APPROVED_CONTROL,False
pg-7-1-3,k,2,1ac75cbcd79c166d,1,0e91e5bc0630c69f,EXHAUSTIVE,True,"[2, 3, 4, 5, 6, 7, 8, 9, 10, 11, 12, 13, 14, 15, 16, 17, 18, 19, 20, 21, 22, 23, 24, 25, 26, 27, 28, 29, 30, 31, 32, 33, 34, 35, 36, 37, 38, 39, 40]",[],POTENTIAL_WORKLOAD,"Numeric stimulus/answer input with explicit dependencies; possible arithmetic/reading burden, without student evidence or an assumed direction.",39,39,39,38,NO_APPROVED_CONTROL,False
pg-7-1-4,k,1,e9f6cf25953f9c48,1,1360f7c851325c49,EXHAUSTIVE,True,"[2, 3, 4, 5, 6, 7, 8, 9, 10, 11, 12, 13, 14, 15, 16, 17, 18, 19, 20, 21, 22, 23, 24, 25, 26, 27, 28, 29, 30, 31, 32, 33, 34, 35, 36, 37, 38, 39, 40]",[],POTENTIAL_WORKLOAD,"Numeric stimulus/answer input with explicit dependencies; possible arithmetic/reading burden, without student evidence or an assumed direction.",39,39,39,37,NO_APPROVED_CONTROL,False
pg-7-1-5,k,1,92e6adcc65df2d2c,1,0e453bf8c40f04c8,EXHAUSTIVE,True,"[2, 3, 4, 5, 6, 7, 8, 9, 10, 11, 12, 13, 14, 15, 16, 17, 18, 19, 20, 21, 22, 23, 24, 25, 26, 27, 28, 29, 30, 31, 32, 33, 34, 35, 36, 37, 38, 39, 40]",[],POTENTIAL_WORKLOAD,"Numeric stimulus/answer input with explicit dependencies; possible arithmetic/reading burden, without student evidence or an assumed direction.",39,39,39,15,NO_APPROVED_CONTROL,False
pg-7-2-1,k,1,97328f3fa942805e,1,047b6867e252bca6,EXHAUSTIVE,True,"[2, 3, 4, 5, 6, 7, 8, 9, 10, 11, 12, 13, 14, 15, 16, 17, 18, 19, 20, 21, 22, 23, 24, 25, 26, 27, 28, 29, 30, 31, 32, 33, 34, 35, 36, 37, 38, 39, 40]",[],POTENTIAL_WORKLOAD,"Numeric stimulus/answer input with explicit dependencies; possible arithmetic/reading burden, without student evidence or an assumed direction.",39,39,39,34,NO_APPROVED_CONTROL,False
pg-7-2-2,k,1,b86ef9b1e4ed608c,1,bb26f331b8765316,EXHAUSTIVE,True,"[2, 3, 4, 5, 6, 7, 8, 9, 10, 11, 12, 13, 14, 15, 16, 17, 18, 19, 20, 21, 22, 23, 24, 25, 26, 27, 28, 29, 30, 31, 32, 33, 34, 35, 36, 37, 38, 39, 40]",[],POTENTIAL_WORKLOAD,"Numeric stimulus/answer input with explicit dependencies; possible arithmetic/reading burden, without student evidence or an assumed direction.",39,39,39,37,NO_APPROVED_CONTROL,False
pg-7-2-3,k,1,96e5b2f0f065f779,1,00636282fee28ade,EXHAUSTIVE,True,"[2, 3, 4, 5, 6, 7, 8, 9, 10, 11, 12, 13, 14, 15, 16, 17, 18, 19, 20, 21, 22, 23, 24, 25, 26, 27, 28, 29, 30, 31, 32, 33, 34, 35, 36, 37, 38, 39, 40]",[],POTENTIAL_WORKLOAD,"Numeric stimulus/answer input with explicit dependencies; possible arithmetic/reading burden, without student evidence or an assumed direction.",39,39,39,38,NO_APPROVED_CONTROL,False
pg-7-2-4,k,2,9e02d025f8c5728e,1,4b3bcf6ccbd39d0a,EXHAUSTIVE,True,"[2, 3, 4, 5, 6, 7, 8, 9, 10, 11, 12, 13, 14, 15, 16, 17, 18, 19, 20, 21, 22, 23, 24, 25, 26, 27, 28, 29, 30, 31, 32, 33, 34, 35, 36, 37, 38, 39, 40]",[],POTENTIAL_WORKLOAD,"Numeric stimulus/answer input with explicit dependencies; possible arithmetic/reading burden, without student evidence or an assumed direction.",39,39,39,38,NO_APPROVED_CONTROL,False
pg-7-2-5,k,1,da2d853eeaf54f2a,1,c0f99b018e53d68b,EXHAUSTIVE,True,"[2, 3, 4, 5, 6, 7, 8, 9, 10, 11, 12, 13, 14, 15, 16, 17, 18, 19, 20, 21, 22, 23, 24, 25, 26, 27, 28, 29, 30]",[],POTENTIAL_WORKLOAD,"Numeric stimulus/answer input with explicit dependencies; possible arithmetic/reading burden, without student evidence or an assumed direction.",29,29,29,0,NO_APPROVED_CONTROL,False
pg-7-3-2,k,1,61334711fc8991ac,1,d2df00ff8013a577,EXHAUSTIVE,True,"[2, 3, 4, 5, 6, 7, 8, 9, 10, 11, 12, 13, 14, 15, 16, 17, 18, 19, 20, 21, 22, 23, 24, 25, 26, 27, 28, 29, 30, 31, 32, 33, 34, 35, 36, 37, 38, 39, 40]",[],POTENTIAL_WORKLOAD,"Numeric stimulus/answer input with explicit dependencies; possible arithmetic/reading burden, without student evidence or an assumed direction.",39,39,39,38,NO_APPROVED_CONTROL,False
pg-7-3-3,k,1,898e113ac5a85a64,1,c9ed1c9bb18e448a,EXHAUSTIVE,True,"[2, 3, 4, 5, 6, 7, 8, 9, 10, 11, 12, 13, 14, 15, 16, 17, 18, 19, 20, 21, 22, 23, 24, 25, 26, 27, 28, 29, 30, 31, 32, 33, 34, 35, 36, 37, 38, 39, 40]",[],POTENTIAL_WORKLOAD,"Numeric stimulus/answer input with explicit dependencies; possible arithmetic/reading burden, without student evidence or an assumed direction.",39,39,39,38,NO_APPROVED_CONTROL,False
pg-7-3-4,k,1,84ee71a3cdc156f0,1,a8ca6b3c4a32c3af,EXHAUSTIVE,True,"[2, 3, 4, 5, 6, 7, 8, 9, 10, 11, 12, 13, 14, 15, 16, 17, 18, 19, 20, 21, 22, 23, 24, 25, 26, 27, 28, 29, 30, 31, 32, 33, 34, 35, 36, 37, 38, 39, 40]",[],POTENTIAL_WORKLOAD,"Numeric stimulus/answer input with explicit dependencies; possible arithmetic/reading burden, without student evidence or an assumed direction.",39,39,39,37,NO_APPROVED_CONTROL,False
pg-7-3-5,k,2,109f3c1f66f1d560,1,7b2cbf64dcdc787d,EXHAUSTIVE,True,"[2, 3, 4, 5, 6, 7, 8, 9, 10, 11, 12, 13, 14, 15, 16, 17, 18, 19, 20, 21, 22, 23, 24, 25, 26, 27, 28, 29, 30, 31, 32, 33, 34, 35, 36, 37, 38, 39, 40]",[],POTENTIAL_WORKLOAD,"Numeric stimulus/answer input with explicit dependencies; possible arithmetic/reading burden, without student evidence or an assumed direction.",39,39,39,38,NO_APPROVED_CONTROL,False
pg-8-1-1,k,1,6a43e076c8800f3c,1,d4092f6804e0992f,EXHAUSTIVE,True,"[2, 3, 4, 5, 6, 7, 8, 9, 10, 11, 12, 13, 14, 15, 16, 17, 18, 19, 20, 21, 22, 23, 24, 25, 26, 27, 28, 29, 30, 31, 32, 33, 34, 35, 36, 37, 38, 39, 40]",[],POTENTIAL_WORKLOAD,"Numeric stimulus/answer input with explicit dependencies; possible arithmetic/reading burden, without student evidence or an assumed direction.",39,39,39,36,NO_APPROVED_CONTROL,False
pg-8-1-2,k,1,69708dc1d95fa331,1,52ead07851b3c037,EXHAUSTIVE,True,"[2, 3, 4, 5, 6, 7, 8, 9, 10, 11, 12, 13, 14, 15, 16, 17, 18, 19, 20, 21, 22, 23, 24, 25, 26, 27, 28, 29, 30, 31, 32, 33, 34, 35, 36, 37, 38, 39, 40]",[],POTENTIAL_WORKLOAD,"Numeric stimulus/answer input with explicit dependencies; possible arithmetic/reading burden, without student evidence or an assumed direction.",39,39,39,38,NO_APPROVED_CONTROL,False
pg-8-1-3,k,1,236347408b16eb8d,1,a810d33f68595a73,EXHAUSTIVE,True,"[2, 3, 4, 5, 6, 7, 8, 9, 10, 11, 12, 13, 14, 15, 16, 17, 18, 19, 20, 21, 22, 23, 24, 25, 26, 27, 28, 29, 30, 31, 32, 33, 34, 35, 36, 37, 38, 39, 40]",[],POTENTIAL_WORKLOAD,"Numeric stimulus/answer input with explicit dependencies; possible arithmetic/reading burden, without student evidence or an assumed direction.",39,39,39,38,NO_APPROVED_CONTROL,False
pg-8-1-4,k,1,2d9ae66635dda6d2,1,b807b2711d549880,EXHAUSTIVE,True,"[2, 3, 4, 5, 6, 7, 8, 9, 10, 11, 12, 13, 14, 15, 16, 17, 18, 19, 20, 21, 22, 23, 24, 25, 26, 27, 28, 29, 30, 31, 32, 33, 34, 35, 36, 37, 38, 39, 40]",[],POTENTIAL_WORKLOAD,"Numeric stimulus/answer input with explicit dependencies; possible arithmetic/reading burden, without student evidence or an assumed direction.",39,39,39,37,NO_APPROVED_CONTROL,False
pg-8-1-5,k,1,ef1e00437bec1c5b,1,86b4a99d6ed924d8,EXHAUSTIVE,True,"[2, 3, 4, 5, 6, 7, 8, 9, 10, 11, 12, 13, 14, 15, 16, 17, 18, 19, 20, 21, 22, 23, 24, 25, 26, 27, 28, 29, 30, 31, 32, 33, 34, 35, 36, 37, 38, 39, 40]",[],POTENTIAL_WORKLOAD,"Numeric stimulus/answer input with explicit dependencies; possible arithmetic/reading burden, without student evidence or an assumed direction.",39,39,39,36,NO_APPROVED_CONTROL,False
pg-8-2-1,k,1,2ae0feb216c50185,1,46b8e1aa31527c7c,EXHAUSTIVE,True,"[2, 3, 4, 5, 6, 7, 8, 9, 10, 11, 12, 13, 14, 15, 16, 17, 18, 19, 20, 21, 22, 23, 24, 25, 26, 27, 28, 29, 30, 31, 32, 33, 34, 35, 36, 37, 38, 39, 40]",[],POTENTIAL_WORKLOAD,"Numeric stimulus/answer input with explicit dependencies; possible arithmetic/reading burden, without student evidence or an assumed direction.",39,39,39,38,NO_APPROVED_CONTROL,False
pg-8-2-2,k,1,af98b04b3a75e09e,1,1d103dac0bd6a675,EXHAUSTIVE,True,"[2, 3, 4, 5, 6, 7, 8, 9, 10, 11, 12, 13, 14, 15, 16, 17, 18, 19, 20, 21, 22, 23, 24, 25, 26, 27, 28, 29, 30, 31, 32, 33, 34, 35, 36, 37, 38, 39, 40]",[],POTENTIAL_WORKLOAD,"Numeric stimulus/answer input with explicit dependencies; possible arithmetic/reading burden, without student evidence or an assumed direction.",39,39,39,36,NO_APPROVED_CONTROL,False
pg-8-2-3,k,1,1b39bf0c81f53616,1,6c520e84d273862c,EXHAUSTIVE,True,"[2, 3, 4, 5, 6, 7, 8, 9, 10, 11, 12, 13, 14, 15, 16, 17, 18, 19, 20, 21, 22, 23, 24, 25, 26, 27, 28, 29, 30, 31, 32, 33, 34, 35, 36, 37, 38, 39, 40]",[],POTENTIAL_WORKLOAD,"Numeric stimulus/answer input with explicit dependencies; possible arithmetic/reading burden, without student evidence or an assumed direction.",39,39,39,32,NO_APPROVED_CONTROL,False
pg-8-2-4,k,1,a4880c4e2766c2dc,1,43e3a147913bada7,EXHAUSTIVE,True,"[2, 3, 4, 5, 6, 7, 8, 9, 10, 11, 12, 13, 14, 15, 16, 17, 18, 19, 20, 21, 22, 23, 24, 25, 26, 27, 28, 29, 30, 31, 32, 33, 34, 35, 36, 37, 38, 39, 40]",[],POTENTIAL_WORKLOAD,"Numeric stimulus/answer input with explicit dependencies; possible arithmetic/reading burden, without student evidence or an assumed direction.",39,39,39,38,NO_APPROVED_CONTROL,False
pg-8-2-5,k,1,9dab630aafc319cc,1,d166e19c84c63d22,EXHAUSTIVE,True,"[2, 3, 4, 5, 6, 7, 8, 9, 10, 11, 12, 13, 14, 15, 16, 17, 18, 19, 20, 21, 22, 23, 24, 25, 26, 27, 28, 29, 30, 31, 32, 33, 34, 35, 36, 37, 38, 39, 40]",[],POTENTIAL_WORKLOAD,"Numeric stimulus/answer input with explicit dependencies; possible arithmetic/reading burden, without student evidence or an assumed direction.",39,39,39,31,NO_APPROVED_CONTROL,False
pg-8-3-1,k,1,d31fa3ae311d72a6,1,0b6de17f7d02b007,EXHAUSTIVE,True,"[2, 3, 4, 5, 6, 7, 8, 9, 10, 11, 12, 13, 14, 15, 16, 17, 18, 19, 20, 21, 22, 23, 24, 25, 26, 27, 28, 29, 30, 31, 32, 33, 34, 35, 36, 37, 38, 39, 40]",[],POTENTIAL_WORKLOAD,"Numeric stimulus/answer input with explicit dependencies; possible arithmetic/reading burden, without student evidence or an assumed direction.",39,39,39,38,NO_APPROVED_CONTROL,False
pg-8-3-2,k,1,c1c2caa25dce1777,1,4ae103fc25b68a90,EXHAUSTIVE,True,"[2, 3, 4, 5, 6, 7, 8, 9, 10, 11, 12, 13, 14, 15, 16, 17, 18, 19, 20, 21, 22, 23, 24, 25, 26, 27, 28, 29, 30, 31, 32, 33, 34, 35, 36, 37, 38, 39, 40]",[],POTENTIAL_WORKLOAD,"Numeric stimulus/answer input with explicit dependencies; possible arithmetic/reading burden, without student evidence or an assumed direction.",39,39,39,38,NO_APPROVED_CONTROL,False
pg-8-3-3,k,1,0ec9c368828c6f59,1,1b6c582b2a415b5e,EXHAUSTIVE,True,"[2, 3, 4, 5, 6, 7, 8, 9, 10, 11, 12, 13, 14, 15, 16, 17, 18, 19, 20, 21, 22, 23, 24, 25, 26, 27, 28, 29, 30, 31, 32, 33, 34, 35, 36, 37, 38, 39, 40]",[],POTENTIAL_WORKLOAD,"Numeric stimulus/answer input with explicit dependencies; possible arithmetic/reading burden, without student evidence or an assumed direction.",39,39,39,38,NO_APPROVED_CONTROL,False
pg-8-3-4,k,1,1365a49ab6164810,1,f0ecae575914b206,EXHAUSTIVE,True,"[2, 3, 4, 5, 6, 7, 8, 9, 10, 11, 12, 13, 14, 15, 16, 17, 18, 19, 20, 21, 22, 23, 24, 25, 26, 27, 28, 29, 30, 31, 32, 33, 34, 35, 36, 37, 38, 39, 40]",[],POTENTIAL_WORKLOAD,"Numeric stimulus/answer input with explicit dependencies; possible arithmetic/reading burden, without student evidence or an assumed direction.",39,39,39,37,NO_APPROVED_CONTROL,False
pg-8-3-5,k,1,9802d9f9ccd33759,1,9d1adf7175f160c4,EXHAUSTIVE,True,"[-20, -19, -18, -17, -16, -15, -14, -13, -12, -11, -10, -9, -8, -7, -6, -5, -4, -3, -2, -1, 0, 2, 3, 4, 5, 6, 7, 8, 9, 10, 11]",[],POTENTIAL_WORKLOAD,"Numeric stimulus/answer input with explicit dependencies; possible arithmetic/reading burden, without student evidence or an assumed direction.",31,31,31,0,NO_APPROVED_CONTROL,False
pg-9-1-1,k,1,78d1d9f3bfed055e,1,e8666659e3204b1d,EXHAUSTIVE,True,"[2, 3, 4, 5, 6, 7, 8, 9, 10, 11, 12, 13, 14, 15, 16, 17, 18, 19, 20, 21, 22, 23, 24, 25, 26, 27, 28, 29, 30, 31, 32, 33, 34, 35, 36, 37, 38, 39, 40]",[],POTENTIAL_WORKLOAD,"Numeric stimulus/answer input with explicit dependencies; possible arithmetic/reading burden, without student evidence or an assumed direction.",39,39,39,13,NO_APPROVED_CONTROL,False
pg-9-1-2,k,1,0b02de553704287c,1,a90a1c8567ebb742,EXHAUSTIVE,True,"[2, 3, 4, 5, 6, 7, 8, 9, 10, 11, 12, 13, 14, 15, 16, 17, 18, 19, 20, 21, 22, 23, 24, 25, 26, 27, 28, 29, 30, 31, 32, 33, 34, 35, 36, 37, 38, 39, 40]",[],POTENTIAL_WORKLOAD,"Numeric stimulus/answer input with explicit dependencies; possible arithmetic/reading burden, without student evidence or an assumed direction.",39,39,39,29,NO_APPROVED_CONTROL,False
pg-9-1-3,k,2,4a1400c06f37569c,1,5f57fd871636a894,EXHAUSTIVE,True,"[2, 3, 4, 5, 6, 7, 8, 9, 10, 11, 12, 13, 14, 15, 16, 17, 18, 19, 20, 21, 22, 23, 24, 25, 26, 27, 28, 29, 30, 31, 32, 33, 34, 35, 36, 37, 38, 39, 40]",[],POTENTIAL_WORKLOAD,"Numeric stimulus/answer input with explicit dependencies; possible arithmetic/reading burden, without student evidence or an assumed direction.",39,39,39,38,NO_APPROVED_CONTROL,False
pg-9-1-4,k,1,62c62afb3bef0c68,1,55914f6827fb5cf9,EXHAUSTIVE,True,"[2, 3, 4, 5, 6, 7, 8, 9, 10, 11, 12, 13, 14, 15, 16, 17, 18, 19, 20, 21, 22, 23, 24, 25, 26, 27, 28, 29, 30, 31, 32, 33, 34, 35, 36, 37, 38, 39, 40]",[],POTENTIAL_WORKLOAD,"Numeric stimulus/answer input with explicit dependencies; possible arithmetic/reading burden, without student evidence or an assumed direction.",39,39,39,38,NO_APPROVED_CONTROL,False
pg-9-1-5,k,2,4e7006c1a945a4a5,1,38c9c288ccd359f0,EXHAUSTIVE,True,"[2, 3, 4, 5, 6, 7, 8, 9, 10, 11, 12, 13, 14, 15, 16, 17, 18, 19, 20, 21, 22, 23, 24, 25, 26, 27, 28, 29, 30, 31, 32, 33, 34, 35, 36, 37, 38, 39, 40]",[],POTENTIAL_WORKLOAD,"Numeric stimulus/answer input with explicit dependencies; possible arithmetic/reading burden, without student evidence or an assumed direction.",39,39,39,38,NO_APPROVED_CONTROL,False
pg-9-2-1,k,1,5c1b23e41d2a93a7,1,8dc29eeab733c193,EXHAUSTIVE,True,"[2, 3, 4, 5, 6, 7, 8, 9, 10, 11, 12, 13, 14, 15, 16, 17, 18, 19, 20, 21, 22, 23, 24, 25, 26, 27, 28, 29, 30, 31, 32, 33, 34, 35, 36, 37, 38, 39, 40]",[],POTENTIAL_WORKLOAD,"Numeric stimulus/answer input with explicit dependencies; possible arithmetic/reading burden, without student evidence or an assumed direction.",39,39,39,25,NO_APPROVED_CONTROL,False
pg-9-2-2,k,1,d0057b34080656b1,1,44d45a3bab99a302,EXHAUSTIVE,True,"[2, 3, 4, 5, 6, 7, 8, 9, 10, 11, 12, 13, 14, 15, 16, 17, 18, 19, 20, 21, 22, 23, 24, 25, 26, 27, 28, 29, 30, 31, 32, 33, 34, 35, 36, 37, 38, 39, 40]",[],POTENTIAL_WORKLOAD,"Numeric stimulus/answer input with explicit dependencies; possible arithmetic/reading burden, without student evidence or an assumed direction.",39,39,39,36,NO_APPROVED_CONTROL,False
pg-9-2-3,k,1,df00c3d9f6fc2aa3,1,78ba29a3498be08a,EXHAUSTIVE,True,"[2, 3, 4, 5, 6, 7, 8, 9, 10, 11, 12, 13, 14, 15, 16, 17, 18, 19, 20, 21, 22, 23, 24, 25, 26, 27, 28, 29, 30, 31, 32, 33, 34, 35, 36, 37, 38, 39, 40]",[],POTENTIAL_WORKLOAD,"Numeric stimulus/answer input with explicit dependencies; possible arithmetic/reading burden, without student evidence or an assumed direction.",39,39,39,38,NO_APPROVED_CONTROL,False
pg-9-2-4,k,1,c7e377f01be096db,1,8e95e6ff7241c141,EXHAUSTIVE,True,"[2, 3, 4, 5, 6, 7, 8, 9, 10, 11, 12, 13, 14, 15, 16, 17, 18, 19, 20, 21, 22, 23, 24, 25, 26, 27, 28, 29, 30, 31, 32, 33, 34, 35, 36, 37, 38, 39, 40]",[],POTENTIAL_WORKLOAD,"Numeric stimulus/answer input with explicit dependencies; possible arithmetic/reading burden, without student evidence or an assumed direction.",39,39,39,38,NO_APPROVED_CONTROL,False
pg-9-2-5,k,2,83b6e0cb46efff5c,1,c3a6fbb40f057fdf,EXHAUSTIVE,True,"[2, 3, 4, 5, 6, 7, 8, 9, 10, 11, 12, 13, 14, 15, 16, 17, 18, 19, 20, 21, 22, 23, 24, 25, 26, 27, 28, 29, 30, 31, 32, 33, 34, 35, 36, 37, 38, 39, 40]",[],POTENTIAL_WORKLOAD,"Numeric stimulus/answer input with explicit dependencies; possible arithmetic/reading burden, without student evidence or an assumed direction.",39,39,39,36,NO_APPROVED_CONTROL,False
pg-9-3-1,k,1,00ef3025451c7145,1,d269f998d7262458,EXHAUSTIVE,True,"[2, 3, 4, 5, 6, 7, 8, 9, 10, 11, 12, 13, 14, 15, 16, 17, 18, 19, 20, 21, 22, 23, 24, 25, 26, 27, 28, 29, 30, 31, 32, 33, 34, 35, 36, 37, 38, 39, 40]",[],POTENTIAL_WORKLOAD,"Numeric stimulus/answer input with explicit dependencies; possible arithmetic/reading burden, without student evidence or an assumed direction.",39,39,39,2,NO_APPROVED_CONTROL,False
pg-9-3-2,k,2,b249e691c0193373,1,dea9a8b91af1bdb4,EXHAUSTIVE,True,"[2, 3, 4, 5, 6, 7, 8, 9, 10, 11, 12, 13, 14, 15, 16, 17, 18, 19, 20, 21, 22, 23, 24, 25, 26, 27, 28, 29, 30, 31, 32, 33, 34, 35, 36, 37, 38, 39, 40]",[],POTENTIAL_WORKLOAD,"Numeric stimulus/answer input with explicit dependencies; possible arithmetic/reading burden, without student evidence or an assumed direction.",39,39,39,34,NO_APPROVED_CONTROL,False
pg-9-3-3,k,1,646e5e7d2ef0db59,1,56e44d56fa5da2b1,EXHAUSTIVE,True,"[2, 3, 4, 5, 6, 7, 8, 9, 10, 11, 12, 13, 14, 15, 16, 17, 18, 19, 20, 21, 22, 23, 24, 25, 26, 27, 28, 29, 30, 31, 32, 33, 34, 35, 36, 37, 38, 39, 40]",[],POTENTIAL_WORKLOAD,"Numeric stimulus/answer input with explicit dependencies; possible arithmetic/reading burden, without student evidence or an assumed direction.",39,39,39,37,NO_APPROVED_CONTROL,False
pg-9-3-4,k,2,b84a701118552d30,1,05388f73c72782aa,EXHAUSTIVE,True,"[2, 3, 4, 5, 6, 7, 8, 9, 10, 11, 12, 13, 14, 15, 16, 17, 18, 19, 20, 21, 22, 23, 24, 25, 26, 27, 28, 29, 30, 31, 32, 33, 34, 35, 36, 37, 38, 39, 40]",[],POTENTIAL_WORKLOAD,"Numeric stimulus/answer input with explicit dependencies; possible arithmetic/reading burden, without student evidence or an assumed direction.",39,39,39,38,NO_APPROVED_CONTROL,False
pg-9-3-5,k,1,6706adc41c15284e,1,98634246a19da98f,EXHAUSTIVE,True,"[2, 3, 4, 5, 6, 7, 8, 9, 10, 11, 12, 13, 14, 15, 16, 17, 18, 19, 20, 21, 22, 23, 24, 25, 26, 27, 28, 29, 30, 31, 32, 33, 34, 35, 36, 37, 38, 39, 40]",[],POTENTIAL_WORKLOAD,"Numeric stimulus/answer input with explicit dependencies; possible arithmetic/reading burden, without student evidence or an assumed direction.",39,39,39,36,NO_APPROVED_CONTROL,False
